ISO-10303-21;
HEADER;
FILE_DESCRIPTION (( 'STEP AP214' ),
    '1' );
FILE_NAME ('Base.STEP',
    '2026-03-29T20:02:13',
    ( '' ),
    ( '' ),
    'SwSTEP 2.0',
    'SolidWorks 2024',
    '' );
FILE_SCHEMA (( 'AUTOMOTIVE_DESIGN' ));
ENDSEC;

DATA;
#1 = CARTESIAN_POINT ( 'NONE',  ( 53.69233026169710854, -7.590227552041886483, 64.59999999999999432 ) ) ;
#2 = CARTESIAN_POINT ( 'NONE',  ( 1.000000000000001110, -9.824177435261573166, 114.7451005032975075 ) ) ;
#3 = FACE_OUTER_BOUND ( 'NONE', #1251, .T. ) ;
#4 = CYLINDRICAL_SURFACE ( 'NONE', #1658, 2.349999999999990763 ) ;
#5 =( NAMED_UNIT ( * ) SI_UNIT ( $, .STERADIAN. ) SOLID_ANGLE_UNIT ( ) );
#6 = ORIENTED_EDGE ( 'NONE', *, *, #150, .T. ) ;
#7 = CARTESIAN_POINT ( 'NONE',  ( 1.910083453689948918, -9.964584855655358453, 118.7658429565853027 ) ) ;
#8 = CARTESIAN_POINT ( 'NONE',  ( 108.9999999999999574, -1.199999999999999734, 112.0793768379213731 ) ) ;
#9 = VECTOR ( 'NONE', #270, 1000.000000000000000 ) ;
#10 = STYLED_ITEM ( 'NONE', ( #1022 ), #390 ) ;
#11 = CIRCLE ( 'NONE', #978, 1.000000000000000888 ) ;
#12 = AXIS2_PLACEMENT_3D ( 'NONE', #1356, #1214, #1096 ) ;
#13 = ORIENTED_EDGE ( 'NONE', *, *, #114, .T. ) ;
#14 = AXIS2_PLACEMENT_3D ( 'NONE', #1686, #1322, #1432 ) ;
#15 = CARTESIAN_POINT ( 'NONE',  ( 1.000000000000000444, -4.991184533439197324, 5.000000000000004441 ) ) ;
#16 = LINE ( 'NONE', #688, #1183 ) ;
#17 = ORIENTED_EDGE ( 'NONE', *, *, #1578, .T. ) ;
#18 = EDGE_CURVE ( 'NONE', #1128, #1567, #923, .T. ) ;
#19 = CARTESIAN_POINT ( 'NONE',  ( 117.4581868837545926, -5.878875434698580094, 1.766433137559278999 ) ) ;
#20 = CARTESIAN_POINT ( 'NONE',  ( 5.000000000000000000, -1.199999999999999734, 8.169161769337048185 ) ) ;
#21 = ORIENTED_EDGE ( 'NONE', *, *, #162, .F. ) ;
#22 =( BOUNDED_SURFACE ( )  B_SPLINE_SURFACE ( 3, 2, ( 
 ( #990, #1667, #862 ),
 ( #1255, #55, #843 ),
 ( #467, #310, #569 ),
 ( #1405, #1126, #74 ),
 ( #576, #1144, #1117 ),
 ( #1516, #48, #176 ),
 ( #1111, #1538, #1641 ),
 ( #1523, #204, #727 ),
 ( #1273, #478, #327 ),
 ( #597, #1393, #853 ) ),
 .UNSPECIFIED., .F., .F., .T. ) 
 B_SPLINE_SURFACE_WITH_KNOTS ( ( 4, 2, 2, 2, 4 ),
 ( 3, 3 ),
 ( 3.748264029665637588E-17, 0.3926990816987241395, 0.7853981633974482790, 1.178097245096172418, 1.570796326794896558 ),
 ( 0.000000000000000000, 1.000000000000000000 ),
 .UNSPECIFIED. ) 
 GEOMETRIC_REPRESENTATION_ITEM ( )  RATIONAL_B_SPLINE_SURFACE ( (
 ( 1.000000000000000000, 0.6946583704590013619, 1.000000000000000000),
 ( 1.000000000000000000, 0.6946567699985706223, 1.000000000000000000),
 ( 1.000000000000000000, 0.6949854794626595389, 1.000000000000000000),
 ( 1.000000000000000000, 0.6962420858922140354, 1.000000000000000000),
 ( 1.000000000000000000, 0.6971709634032310365, 1.000000000000000000),
 ( 1.000000000000000000, 0.6994838466494692764, 1.000000000000000000),
 ( 1.000000000000000000, 0.7008667721916534976, 1.000000000000000000),
 ( 1.000000000000000000, 0.7038713107363185895, 1.000000000000000000),
 ( 1.000000000000000000, 0.7054914405942092070, 1.000000000000000000),
 ( 1.000000000000000000, 0.7071067811865475727, 1.000000000000000000) ) ) 
 REPRESENTATION_ITEM ( '' )  SURFACE ( )  );
#23 = PRESENTATION_STYLE_ASSIGNMENT (( #1354 ) ) ;
#24 = SURFACE_SIDE_STYLE ('',( #32 ) ) ;
#25 = SURFACE_STYLE_USAGE ( .BOTH. , #1226 ) ;
#26 = EDGE_LOOP ( 'NONE', ( #1652, #1531, #965, #500 ) ) ;
#27 = ADVANCED_FACE ( 'NONE', ( #791 ), #4, .F. ) ;
#28 = CARTESIAN_POINT ( 'NONE',  ( 114.9999999999999858, -5.850892282491315655, 0.9651005032975105147 ) ) ;
#29 = CARTESIAN_POINT ( 'NONE',  ( 0.000000000000000000, 0.000000000000000000, 114.7799999999999869 ) ) ;
#30 = EDGE_CURVE ( 'NONE', #995, #1460, #985, .T. ) ;
#31 =( NAMED_UNIT ( * ) PLANE_ANGLE_UNIT ( ) SI_UNIT ( $, .RADIAN. ) );
#32 = SURFACE_STYLE_FILL_AREA ( #160 ) ;
#33 = ORIENTED_EDGE ( 'NONE', *, *, #522, .T. ) ;
#34 = CARTESIAN_POINT ( 'NONE',  ( 118.9999999999927240, -5.972287591800935047, 4.441407328046374836 ) ) ;
#35 = EDGE_CURVE ( 'NONE', #1457, #373, #704, .T. ) ;
#36 = CARTESIAN_POINT ( 'NONE',  ( 1.080724667294257665E-15, -8.824786608242474628, 114.7799999999999869 ) ) ;
#37 = EDGE_CURVE ( 'NONE', #605, #1633, #1151, .T. ) ;
#38 = CIRCLE ( 'NONE', #261, 1.700000000000007061 ) ;
#39 = MECHANICAL_DESIGN_GEOMETRIC_PRESENTATION_REPRESENTATION (  '', ( #1711 ), #149 ) ;
#40 = AXIS2_PLACEMENT_3D ( 'NONE', #527, #589, #1113 ) ;
#41 = CARTESIAN_POINT ( 'NONE',  ( 114.9999999999999858, -1.199999999999999734, 114.7800000000000296 ) ) ;
#42 = MECHANICAL_DESIGN_GEOMETRIC_PRESENTATION_REPRESENTATION (  '', ( #263 ), #695 ) ;
#43 = DIRECTION ( 'NONE',  ( 0.000000000000000000, 0.000000000000000000, 1.000000000000000000 ) ) ;
#44 = CARTESIAN_POINT ( 'NONE',  ( 114.9999999999999858, -1.199999999999999734, 118.0830341037143398 ) ) ;
#45 = VECTOR ( 'NONE', #1278, 1000.000000000000227 ) ;
#46 = CYLINDRICAL_SURFACE ( 'NONE', #584, 1.700000000000000178 ) ;
#47 = FACE_OUTER_BOUND ( 'NONE', #1705, .T. ) ;
#48 = CARTESIAN_POINT ( 'NONE',  ( 119.0154011739495559, -9.931939087129821431, 117.8309904602361087 ) ) ;
#49 = CARTESIAN_POINT ( 'NONE',  ( 5.000000000000005329, -8.964469686209438848, 119.7800000000000011 ) ) ;
#50 = EDGE_LOOP ( 'NONE', ( #1660, #1359, #405, #1666 ) ) ;
#51 = DIRECTION ( 'NONE',  ( -0.000000000000000000, 1.000000000000000000, -0.000000000000000000 ) ) ;
#52 = DIRECTION ( 'NONE',  ( 0.000000000000000000, 0.000000000000000000, -1.000000000000000000 ) ) ;
#53 = FACE_BOUND ( 'NONE', #531, .T. ) ;
#54 = EDGE_LOOP ( 'NONE', ( #919, #509 ) ) ;
#55 = CARTESIAN_POINT ( 'NONE',  ( 115.6593661109112503, -9.999999999999529265, 119.7799999999818397 ) ) ;
#56 = ORIENTED_EDGE ( 'NONE', *, *, #1623, .T. ) ;
#57 = CARTESIAN_POINT ( 'NONE',  ( 51.50970879026463933, -7.940276500120187819, 60.79723616465636127 ) ) ;
#58 = CARTESIAN_POINT ( 'NONE',  ( 114.9999999999999858, 0.000000000000000000, 114.7800000000000296 ) ) ;
#59 = ADVANCED_BREP_SHAPE_REPRESENTATION ( 'Base', ( #1170, #618 ), #1467 ) ;
#60 = FACE_BOUND ( 'NONE', #1176, .T. ) ;
#61 = CARTESIAN_POINT ( 'NONE',  ( 3.953008457524832320, -5.854527859198412010, 1.069209798711028503 ) ) ;
#62 = VERTEX_POINT ( 'NONE', #888 ) ;
#63 = AXIS2_PLACEMENT_3D ( 'NONE', #210, #1248, #1654 ) ;
#64 = CIRCLE ( 'NONE', #928, 1.000000000000000888 ) ;
#65 = EDGE_CURVE ( 'NONE', #144, #286, #935, .T. ) ;
#66 = AXIS2_PLACEMENT_3D ( 'NONE', #495, #1565, #248 ) ;
#67 = CIRCLE ( 'NONE', #1101, 1.700000000000000178 ) ;
#68 = FILL_AREA_STYLE ('',( #169 ) ) ;
#69 = CARTESIAN_POINT ( 'NONE',  ( 114.9999999999999858, -4.851501455472218005, 0.000000000000000000 ) ) ;
#70 = DIRECTION ( 'NONE',  ( 1.223900777406162467E-16, -0.9993908270190958731, -0.03489949670249381519 ) ) ;
#71 = DIRECTION ( 'NONE',  ( 1.223900777406162467E-16, -0.9993908270190960952, -0.03489949670249382213 ) ) ;
#72 = ORIENTED_EDGE ( 'NONE', *, *, #642, .T. ) ;
#73 = AXIS2_PLACEMENT_3D ( 'NONE', #1644, #827, #837 ) ;
#74 = CARTESIAN_POINT ( 'NONE',  ( 117.5180948955576525, -8.946839780526300245, 119.1489319443795125 ) ) ;
#75 = ORIENTED_EDGE ( 'NONE', *, *, #65, .T. ) ;
#76 =( NAMED_UNIT ( * ) SI_UNIT ( $, .STERADIAN. ) SOLID_ANGLE_UNIT ( ) );
#77 =( NAMED_UNIT ( * ) SI_UNIT ( $, .STERADIAN. ) SOLID_ANGLE_UNIT ( ) );
#78 = EDGE_CURVE ( 'NONE', #1448, #373, #1161, .T. ) ;
#79 = FILL_AREA_STYLE_COLOUR ( '', #1626 ) ;
#80 = DIRECTION ( 'NONE',  ( 0.000000000000000000, 0.03489949670249368335, -0.9993908270190959842 ) ) ;
#81 = VERTEX_POINT ( 'NONE', #1703 ) ;
#82 = CARTESIAN_POINT ( 'NONE',  ( 114.9999999999999858, 0.000000000000000000, 119.7800000000000011 ) ) ;
#83 = EDGE_LOOP ( 'NONE', ( #1374, #950, #1640, #33 ) ) ;
#84 =( NAMED_UNIT ( * ) PLANE_ANGLE_UNIT ( ) SI_UNIT ( $, .RADIAN. ) );
#85 = ADVANCED_FACE ( 'NONE', ( #869, #1546 ), #219, .T. ) ;
#86 = CARTESIAN_POINT ( 'NONE',  ( 5.000000000000000888, -5.387400174120985596, 2.019277267293962286 ) ) ;
#87 = DIRECTION ( 'NONE',  ( -0.000000000000000000, 1.000000000000000000, -0.000000000000000000 ) ) ;
#88 = PRODUCT_RELATED_PRODUCT_CATEGORY ( 'part', '', ( #745 ) ) ;
#89 = ORIENTED_EDGE ( 'NONE', *, *, #813, .T. ) ;
#90 = AXIS2_PLACEMENT_3D ( 'NONE', #1678, #1135, #1010 ) ;
#91 = DIRECTION ( 'NONE',  ( -1.223900777406162221E-16, 0.9993908270190959842, 0.03489949670249382213 ) ) ;
#92 = AXIS2_PLACEMENT_3D ( 'NONE', #548, #948, #135 ) ;
#93 = CARTESIAN_POINT ( 'NONE',  ( 56.05339801504563724, -7.540825631370796422, 63.43350459804577923 ) ) ;
#94 = LINE ( 'NONE', #655, #1656 ) ;
#95 = FACE_OUTER_BOUND ( 'NONE', #1166, .T. ) ;
#96 = CARTESIAN_POINT ( 'NONE',  ( 5.000000000000000888, -8.964469686209437072, 118.7800000000000011 ) ) ;
#97 = CARTESIAN_POINT ( 'NONE',  ( 1.018018421721485822, -5.883764875941796646, 1.906448415408755315 ) ) ;
#98 = VERTEX_POINT ( 'NONE', #1032 ) ;
#99 = DIRECTION ( 'NONE',  ( -0.000000000000000000, 1.000000000000000000, -0.000000000000000000 ) ) ;
#100 = AXIS2_PLACEMENT_3D ( 'NONE', #446, #1137, #999 ) ;
#101 = CARTESIAN_POINT ( 'NONE',  ( 55.43531408698517282, -8.077361657802908823, 64.72284146138801475 ) ) ;
#102 = ADVANCED_FACE ( 'NONE', ( #95 ), #1442, .F. ) ;
#103 = EDGE_LOOP ( 'NONE', ( #1346, #821, #436, #973 ) ) ;
#104 = AXIS2_PLACEMENT_3D ( 'NONE', #227, #625, #209 ) ;
#105 = CARTESIAN_POINT ( 'NONE',  ( 51.72094950457463369, -8.051561039087079763, 63.98400840898541020 ) ) ;
#106 = CARTESIAN_POINT ( 'NONE',  ( 5.000000000000001776, 0.000000000000000000, 114.7800000000000296 ) ) ;
#107 = ADVANCED_FACE ( 'NONE', ( #1402 ), #1527, .T. ) ;
#108 = CARTESIAN_POINT ( 'NONE',  ( 119.0000000000000000, -9.824177435261557179, 114.7451005032975075 ) ) ;
#109 =( LENGTH_UNIT ( ) NAMED_UNIT ( * ) SI_UNIT ( .MILLI., .METRE. ) );
#110 = VERTEX_POINT ( 'NONE', #1120 ) ;
#111 = CARTESIAN_POINT ( 'NONE',  ( 5.000000000000000888, -8.964469686209437072, 119.7800000000000011 ) ) ;
#112 = CARTESIAN_POINT ( 'NONE',  ( 54.30766973830135669, -7.590227552041886483, 64.59999999999999432 ) ) ;
#113 = VERTEX_POINT ( 'NONE', #1267 ) ;
#114 = EDGE_CURVE ( 'NONE', #286, #144, #158, .T. ) ;
#115 = CARTESIAN_POINT ( 'NONE',  ( 53.62686861525020277, -8.089922965551577860, 65.08255025164358187 ) ) ;
#116 = CARTESIAN_POINT ( 'NONE',  ( 5.000000000000000888, -4.851501455472232216, 0.000000000000000000 ) ) ;
#117 = CARTESIAN_POINT ( 'NONE',  ( 1.104109295411837666, -5.954013610143862323, 3.918108960826583331 ) ) ;
#118 = ORIENTED_EDGE ( 'NONE', *, *, #133, .T. ) ;
#119 = DIRECTION ( 'NONE',  ( 0.000000000000000000, 0.9993908270190962062, 0.03489949670248958247 ) ) ;
#120 = DIRECTION ( 'NONE',  ( -0.000000000000000000, 1.000000000000000000, -0.000000000000000000 ) ) ;
#121 = CARTESIAN_POINT ( 'NONE',  ( 56.29359777572791046, -8.011896266467736893, 62.84815793381024207 ) ) ;
#122 = CARTESIAN_POINT ( 'NONE',  ( 1.104109295411771718, -9.860739185575932098, 115.7920920457663954 ) ) ;
#123 = AXIS2_PLACEMENT_3D ( 'NONE', #379, #759, #223 ) ;
#124 = FILL_AREA_STYLE ('',( #1710 ) ) ;
#125 = VECTOR ( 'NONE', #70, 1000.000000000000227 ) ;
#126 = CYLINDRICAL_SURFACE ( 'NONE', #1192, 3.000000000000010214 ) ;
#127 = DIRECTION ( 'NONE',  ( -1.000000000000000000, -1.223155210121258980E-16, -4.271352114526598756E-18 ) ) ;
#128 = CARTESIAN_POINT ( 'NONE',  ( 114.9999999999999858, -9.964469686209422861, 118.7800000000000011 ) ) ;
#129 = ORIENTED_EDGE ( 'NONE', *, *, #871, .F. ) ;
#130 = CARTESIAN_POINT ( 'NONE',  ( 52.56468591301351267, -8.077361657802818229, 64.72284146138541416 ) ) ;
#131 =( BOUNDED_CURVE ( )  B_SPLINE_CURVE ( 3, ( #1130, #1157, #711, #992 ),
 .UNSPECIFIED., .F., .F. ) 
 B_SPLINE_CURVE_WITH_KNOTS ( ( 4, 4 ),
 ( 3.141592653589796669, 6.283185307179586232 ),
 .UNSPECIFIED. ) 
 CURVE ( )  GEOMETRIC_REPRESENTATION_ITEM ( )  RATIONAL_B_SPLINE_CURVE ( ( 1.000000000000000000, 0.3333333333333345916, 0.3333333333333345916, 1.000000000000000000 ) ) 
 REPRESENTATION_ITEM ( '' )  );
#132 = VECTOR ( 'NONE', #1543, 1000.000000000000000 ) ;
#133 = EDGE_CURVE ( 'NONE', #1668, #1457, #486, .T. ) ;
#134 = DIRECTION ( 'NONE',  ( 0.000000000000000000, 0.000000000000000000, -1.000000000000000000 ) ) ;
#135 = DIRECTION ( 'NONE',  ( 0.000000000000000000, -0.03489949670249391234, 0.9993908270190959842 ) ) ;
#136 = CARTESIAN_POINT ( 'NONE',  ( 0.000000000000000000, 0.000000000000000000, 0.000000000000000000 ) ) ;
#137 = VERTEX_POINT ( 'NONE', #463 ) ;
#138 = CARTESIAN_POINT ( 'NONE',  ( 1.000000000000001110, -9.824177435261573166, 114.7451005032975075 ) ) ;
#139 =( BOUNDED_CURVE ( )  B_SPLINE_CURVE ( 3, ( #1007, #742, #1289, #487 ),
 .UNSPECIFIED., .F., .T. ) 
 B_SPLINE_CURVE_WITH_KNOTS ( ( 4, 4 ),
 ( 1.570796326794896780, 3.141592653589793116 ),
 .UNSPECIFIED. ) 
 CURVE ( )  GEOMETRIC_REPRESENTATION_ITEM ( )  RATIONAL_B_SPLINE_CURVE ( ( 1.000000000000000000, 0.8047378541243650485, 0.8047378541243650485, 1.000000000000000000 ) ) 
 REPRESENTATION_ITEM ( '' )  );
#140 = LINE ( 'NONE', #1093, #432 ) ;
#141 = EDGE_CURVE ( 'NONE', #1125, #555, #580, .T. ) ;
#142 = DIRECTION ( 'NONE',  ( 0.000000000000000000, 0.03489949670248958941, -0.9993908270190962062 ) ) ;
#143 = DIRECTION ( 'NONE',  ( -0.000000000000000000, 0.000000000000000000, 1.000000000000000000 ) ) ;
#144 = VERTEX_POINT ( 'NONE', #1396 ) ;
#145 = CARTESIAN_POINT ( 'NONE',  ( 120.0000000000000000, -4.991184533439182225, 5.000000000000023093 ) ) ;
#146 = EDGE_LOOP ( 'NONE', ( #21, #1314, #622, #1036 ) ) ;
#147 = AXIS2_PLACEMENT_3D ( 'NONE', #268, #393, #134 ) ;
#148 = MECHANICAL_DESIGN_GEOMETRIC_PRESENTATION_REPRESENTATION (  '', ( #649 ), #867 ) ;
#149 =( GEOMETRIC_REPRESENTATION_CONTEXT ( 3 ) GLOBAL_UNCERTAINTY_ASSIGNED_CONTEXT ( ( #730 ) ) GLOBAL_UNIT_ASSIGNED_CONTEXT ( ( #573, #1390, #1281 ) ) REPRESENTATION_CONTEXT ( 'NONE', 'WORKASPACE' ) );
#150 = EDGE_CURVE ( 'NONE', #187, #144, #208, .T. ) ;
#151 = ORIENTED_EDGE ( 'NONE', *, *, #1329, .T. ) ;
#152 = FILL_AREA_STYLE_COLOUR ( '', #1071 ) ;
#153 = ORIENTED_EDGE ( 'NONE', *, *, #241, .T. ) ;
#154 = CARTESIAN_POINT ( 'NONE',  ( 119.8698633807359357, -4.954622783124819740, 3.691260571913069111 ) ) ;
#155 = EDGE_CURVE ( 'NONE', #1009, #1274, #1388, .T. ) ;
#156 = DIRECTION ( 'NONE',  ( 0.000000000000000000, 0.000000000000000000, 1.000000000000000000 ) ) ;
#157 = EDGE_LOOP ( 'NONE', ( #710, #17, #997, #410 ) ) ;
#158 = CIRCLE ( 'NONE', #383, 1.700000000000007061 ) ;
#159 = ORIENTED_EDGE ( 'NONE', *, *, #1347, .F. ) ;
#160 = FILL_AREA_STYLE ('',( #926 ) ) ;
#161 = EDGE_LOOP ( 'NONE', ( #249, #842, #417, #1239 ) ) ;
#162 = EDGE_CURVE ( 'NONE', #1056, #995, #958, .T. ) ;
#163 = CARTESIAN_POINT ( 'NONE',  ( 48.30000000000001847, -7.890874579448836634, 59.38255025164875178 ) ) ;
#164 =( LENGTH_UNIT ( ) NAMED_UNIT ( * ) SI_UNIT ( .MILLI., .METRE. ) );
#165 = UNCERTAINTY_MEASURE_WITH_UNIT (LENGTH_MEASURE( 1.000000000000000082E-05 ), #164, 'distance_accuracy_value', 'NONE');
#166 = CARTESIAN_POINT ( 'NONE',  ( 54.00000000000000000, -7.590227552042210668, 64.59999999999999432 ) ) ;
#167 = ORIENTED_EDGE ( 'NONE', *, *, #1264, .T. ) ;
#168 = CARTESIAN_POINT ( 'NONE',  ( 119.0000000000000000, -9.999999999999985789, 119.7800000000000011 ) ) ;
#169 = FILL_AREA_STYLE_COLOUR ( '', #817 ) ;
#170 = AXIS2_PLACEMENT_3D ( 'NONE', #709, #1418, #336 ) ;
#171 = AXIS2_PLACEMENT_3D ( 'NONE', #579, #1429, #1653 ) ;
#172 = CARTESIAN_POINT ( 'NONE',  ( 5.000000000000000888, -5.869645839279289845, 1.502132105433168663 ) ) ;
#173 = CARTESIAN_POINT ( 'NONE',  ( 5.000000000000000000, 0.000000000000000000, 114.7799999999999869 ) ) ;
#174 = MECHANICAL_DESIGN_GEOMETRIC_PRESENTATION_REPRESENTATION (  '', ( #292 ), #1216 ) ;
#175 = ORIENTED_EDGE ( 'NONE', *, *, #1279, .F. ) ;
#176 = CARTESIAN_POINT ( 'NONE',  ( 118.9983342071739543, -8.910628385777370042, 117.8527336046914940 ) ) ;
#177 = DIRECTION ( 'NONE',  ( 0.000000000000000000, 0.000000000000000000, 1.000000000000000000 ) ) ;
#178 = ORIENTED_EDGE ( 'NONE', *, *, #1347, .T. ) ;
#179 = DIRECTION ( 'NONE',  ( 0.000000000000000000, 0.000000000000000000, -1.000000000000000000 ) ) ;
#180 = FACE_OUTER_BOUND ( 'NONE', #196, .T. ) ;
#181 = AXIS2_PLACEMENT_3D ( 'NONE', #439, #1277, #179 ) ;
#182 =( BOUNDED_SURFACE ( )  B_SPLINE_SURFACE ( 3, 2, ( 
 ( #564, #938, #145 ),
 ( #34, #818, #1372 ),
 ( #1483, #570, #154 ),
 ( #1618, #803, #1478 ),
 ( #1386, #673, #1219 ),
 ( #19, #544, #414 ),
 ( #942, #287, #809 ),
 ( #1360, #680, #689 ),
 ( #311, #1228, #1635 ),
 ( #28, #959, #551 ) ),
 .UNSPECIFIED., .F., .F., .F. ) 
 B_SPLINE_SURFACE_WITH_KNOTS ( ( 4, 2, 2, 2, 4 ),
 ( 3, 3 ),
 ( 4.712388980384689674, 5.105088062083414258, 5.497787143782137953, 5.890486225480861648, 6.283185307179586232 ),
 ( 0.000000000000000000, 1.000000000000000000 ),
 .UNSPECIFIED. ) 
 GEOMETRIC_REPRESENTATION_ITEM ( )  RATIONAL_B_SPLINE_SURFACE ( (
 ( 1.000000000000000000, 0.7071067811865474617, 1.000000000000000000),
 ( 1.000000000000000000, 0.7087223175923000884, 1.000000000000000000),
 ( 1.000000000000000000, 0.7103306498110080192, 1.000000000000000000),
 ( 1.000000000000000000, 0.7132953257780330070, 1.000000000000000000),
 ( 1.000000000000000000, 0.7146502351297376876, 1.000000000000000000),
 ( 1.000000000000000000, 0.7169067290028958706, 1.000000000000000000),
 ( 1.000000000000000000, 0.7178075805550359068, 1.000000000000000000),
 ( 1.000000000000000000, 0.7190243029291658594, 1.000000000000000000),
 ( 1.000000000000000000, 0.7193412045380428443, 1.000000000000000000),
 ( 1.000000000000000000, 0.7193398003386486383, 1.000000000000000000) ) ) 
 REPRESENTATION_ITEM ( '' )  SURFACE ( )  );
#183 = PRESENTATION_LAYER_ASSIGNMENT (  '', '', ( #1078 ) ) ;
#184 = ADVANCED_FACE ( 'NONE', ( #1131 ), #976, .F. ) ;
#185 = FACE_BOUND ( 'NONE', #450, .T. ) ;
#186 = DIRECTION ( 'NONE',  ( 0.000000000000000000, 0.03489949670249381519, -0.9993908270190958731 ) ) ;
#187 = VERTEX_POINT ( 'NONE', #1519 ) ;
#188 = CARTESIAN_POINT ( 'NONE',  ( 1.097830910726986567E-15, -8.964469686209435295, 118.7800000000000011 ) ) ;
#189 = ORIENTED_EDGE ( 'NONE', *, *, #255, .T. ) ;
#190 = CARTESIAN_POINT ( 'NONE',  ( 51.95477456446990772, -7.949185835199806149, 61.05236614054629030 ) ) ;
#191 = CARTESIAN_POINT ( 'NONE',  ( 117.3431457505076310, -9.963860513228521398, 118.7451005032975360 ) ) ;
#192 = CARTESIAN_POINT ( 'NONE',  ( 5.000000000000001776, -5.850892282491328977, 0.9651005032975105147 ) ) ;
#193 = ORIENTED_EDGE ( 'NONE', *, *, #1456, .T. ) ;
#194 = PRODUCT_DEFINITION ( 'UNKNOWN', '', #696, #857 ) ;
#195 = DIRECTION ( 'NONE',  ( 0.000000000000000000, -0.03489949670249352376, 0.9993908270190959842 ) ) ;
#196 = EDGE_LOOP ( 'NONE', ( #1408, #775, #550, #1417 ) ) ;
#197 = CARTESIAN_POINT ( 'NONE',  ( 51.64999999999999858, -7.477675672851585631, 61.94238572564098178 ) ) ;
#198 = PRESENTATION_STYLE_ASSIGNMENT (( #731 ) ) ;
#199 = EDGE_CURVE ( 'NONE', #1104, #286, #322, .T. ) ;
#200 = CARTESIAN_POINT ( 'NONE',  ( 54.00000000000000000, 0.000000000000000000, 64.59999999999999432 ) ) ;
#201 = CIRCLE ( 'NONE', #147, 1.000000000000000888 ) ;
#202 = DIRECTION ( 'NONE',  ( 1.000000000000000000, 0.000000000000000000, 0.000000000000000000 ) ) ;
#203 = AXIS2_PLACEMENT_3D ( 'NONE', #619, #1690, #1476 ) ;
#204 = CARTESIAN_POINT ( 'NONE',  ( 119.8785142495947298, -9.869979499593762640, 116.0567000184317408 ) ) ;
#205 = ORIENTED_EDGE ( 'NONE', *, *, #141, .T. ) ;
#206 = EDGE_CURVE ( 'NONE', #81, #831, #406, .T. ) ;
#207 = CARTESIAN_POINT ( 'NONE',  ( 52.12078292482475206, -7.429541092404068792, 60.80581520359847758 ) ) ;
#208 = LINE ( 'NONE', #1107, #1105 ) ;
#209 = DIRECTION ( 'NONE',  ( 0.000000000000000000, 0.000000000000000000, -1.000000000000000000 ) ) ;
#210 = CARTESIAN_POINT ( 'NONE',  ( 5.000000000000000888, -5.614246902687198393, 8.515317642918089902 ) ) ;
#211 = DIRECTION ( 'NONE',  ( -0.000000000000000000, 1.000000000000000000, -0.000000000000000000 ) ) ;
#212 = VECTOR ( 'NONE', #1084, 1000.000000000000000 ) ;
#213 = ORIENTED_EDGE ( 'NONE', *, *, #1590, .T. ) ;
#214 = EDGE_CURVE ( 'NONE', #894, #137, #1392, .T. ) ;
#215 = CARTESIAN_POINT ( 'NONE',  ( 5.000000000000000888, -1.199999999999999734, 6.700000000000006395 ) ) ;
#216 = EDGE_LOOP ( 'NONE', ( #607, #816, #757, #1143 ) ) ;
#217 = CARTESIAN_POINT ( 'NONE',  ( 53.62686861525016013, -7.890874579448974302, 59.38255025165266687 ) ) ;
#218 = EDGE_CURVE ( 'NONE', #615, #1419, #1225, .T. ) ;
#219 = PLANE ( 'NONE',  #1691 ) ;
#220 =( LENGTH_UNIT ( ) NAMED_UNIT ( * ) SI_UNIT ( .MILLI., .METRE. ) );
#221 = CARTESIAN_POINT ( 'NONE',  ( 0.6458542587314360928, -5.902992970856412391, 2.457069011525692570 ) ) ;
#222 = ORIENTED_EDGE ( 'NONE', *, *, #1462, .F. ) ;
#223 = DIRECTION ( 'NONE',  ( 0.000000000000000000, -0.03489949670249381519, 0.9993908270190958731 ) ) ;
#224 = APPLICATION_PROTOCOL_DEFINITION ( 'draft international standard', 'automotive_design', 1998, #1428 ) ;
#225 = CARTESIAN_POINT ( 'NONE',  ( 53.99999999999999289, -7.908944322834566165, 59.89999999999999147 ) ) ;
#226 = SURFACE_SIDE_STYLE ('',( #1430 ) ) ;
#227 = CARTESIAN_POINT ( 'NONE',  ( 5.000000000000001776, -9.203552500573024986, 111.2995818537844457 ) ) ;
#228 = EDGE_CURVE ( 'NONE', #1699, #1128, #845, .T. ) ;
#229 = CARTESIAN_POINT ( 'NONE',  ( 114.9999999999999858, -9.447848977490467703, 118.2953176429181212 ) ) ;
#230 = DIRECTION ( 'NONE',  ( 0.000000000000000000, -1.000000000000000000, 0.000000000000000000 ) ) ;
#231 = VERTEX_POINT ( 'NONE', #739 ) ;
#232 = DIRECTION ( 'NONE',  ( 0.000000000000000000, -0.000000000000000000, -1.000000000000000000 ) ) ;
#233 =( LENGTH_UNIT ( ) NAMED_UNIT ( * ) SI_UNIT ( .MILLI., .METRE. ) );
#234 = ORIENTED_EDGE ( 'NONE', *, *, #218, .T. ) ;
#235 = AXIS2_PLACEMENT_3D ( 'NONE', #253, #376, #1685 ) ;
#236 = CIRCLE ( 'NONE', #1545, 1.700000000000000178 ) ;
#237 = FACE_OUTER_BOUND ( 'NONE', #382, .T. ) ;
#238 = FILL_AREA_STYLE_COLOUR ( '', #820 ) ;
#239 = FACE_OUTER_BOUND ( 'NONE', #1719, .T. ) ;
#240 = CARTESIAN_POINT ( 'NONE',  ( 0.1301366192647748221, -4.954622783124605689, 3.691260571911310961 ) ) ;
#241 = EDGE_CURVE ( 'NONE', #605, #1668, #422, .T. ) ;
#242 = CARTESIAN_POINT ( 'NONE',  ( 1.000000000000000888, -9.000609172980903239, 119.8148994967024805 ) ) ;
#243 = DIRECTION ( 'NONE',  ( 0.000000000000000000, 0.000000000000000000, 1.000000000000000000 ) ) ;
#244 = CARTESIAN_POINT ( 'NONE',  ( 56.34999999999999432, -7.477675672851755273, 61.94238572564118783 ) ) ;
#245 = ORIENTED_EDGE ( 'NONE', *, *, #825, .F. ) ;
#246 = CARTESIAN_POINT ( 'NONE',  ( 51.64772103899483113, -8.001119196186410321, 62.53954301961442042 ) ) ;
#247 = DIRECTION ( 'NONE',  ( 0.000000000000000000, 1.000000000000000000, 0.000000000000000000 ) ) ;
#248 = DIRECTION ( 'NONE',  ( 0.000000000000000000, -0.03489949670249379438, 0.9993908270190959842 ) ) ;
#249 = ORIENTED_EDGE ( 'NONE', *, *, #281, .T. ) ;
#250 = DIRECTION ( 'NONE',  ( -1.000000000000000000, -1.224646799147353454E-16, 0.000000000000000000 ) ) ;
#251 = CYLINDRICAL_SURFACE ( 'NONE', #403, 5.000000000000004441 ) ;
#252 = DIRECTION ( 'NONE',  ( -1.907499080045036575E-32, -0.03489949670249381519, 0.9993908270190959842 ) ) ;
#253 = CARTESIAN_POINT ( 'NONE',  ( 114.9999999999999858, -10.00000000000000178, 114.7800000000000296 ) ) ;
#254 = FILL_AREA_STYLE ('',( #1704 ) ) ;
#255 = EDGE_CURVE ( 'NONE', #1028, #961, #94, .T. ) ;
#256 = DIRECTION ( 'NONE',  ( 0.000000000000000000, 0.000000000000000000, -1.000000000000000000 ) ) ;
#257 = DIRECTION ( 'NONE',  ( 1.223900777406162221E-16, -0.9993908270190959842, -0.03489949670249382213 ) ) ;
#258 = ORIENTED_EDGE ( 'NONE', *, *, #956, .T. ) ;
#259 = COLOUR_RGB ( '',0.7529411764705882248, 0.000000000000000000, 0.000000000000000000 ) ;
#260 = CARTESIAN_POINT ( 'NONE',  ( 52.11189788826496283, -8.041051936461704130, 63.68306708442519692 ) ) ;
#261 = AXIS2_PLACEMENT_3D ( 'NONE', #904, #1446, #353 ) ;
#262 = DIRECTION ( 'NONE',  ( -1.223900777406162221E-16, 0.9993908270190959842, 0.03489949670249382213 ) ) ;
#263 = STYLED_ITEM ( 'NONE', ( #354 ), #1624 ) ;
#264 = ADVANCED_FACE ( 'NONE', ( #1330 ), #126, .F. ) ;
#265 = MECHANICAL_DESIGN_GEOMETRIC_PRESENTATION_REPRESENTATION (  '', ( #674 ), #1243 ) ;
#266 = SURFACE_STYLE_USAGE ( .BOTH. , #1702 ) ;
#267 = STYLED_ITEM ( 'NONE', ( #561 ), #697 ) ;
#268 = CARTESIAN_POINT ( 'NONE',  ( 114.9999999999999858, -8.964469686209421084, 118.7800000000000011 ) ) ;
#269 = CARTESIAN_POINT ( 'NONE',  ( 4.999999999999999112, 8.377267374479734130, 8.503607315682021550 ) ) ;
#270 = DIRECTION ( 'NONE',  ( -0.000000000000000000, 1.000000000000000000, -0.000000000000000000 ) ) ;
#271 = CARTESIAN_POINT ( 'NONE',  ( 54.00000000000000000, -7.391179165939289142, 59.89999999999999858 ) ) ;
#272 = CARTESIAN_POINT ( 'NONE',  ( 2.481905104442681420, -8.946839780526309127, 119.1489319443796688 ) ) ;
#273 = ORIENTED_EDGE ( 'NONE', *, *, #840, .T. ) ;
#274 = EDGE_CURVE ( 'NONE', #953, #337, #140, .T. ) ;
#275 = DIRECTION ( 'NONE',  ( 0.000000000000000000, 0.9993908270190962062, 0.03489949670248958247 ) ) ;
#276 = CARTESIAN_POINT ( 'NONE',  ( 5.000000000000001776, -10.00000000000000178, 114.7800000000000296 ) ) ;
#277 = CARTESIAN_POINT ( 'NONE',  ( 56.77582212557878449, -7.964348525279838498, 61.48656877416100031 ) ) ;
#278 = ORIENTED_EDGE ( 'NONE', *, *, #750, .T. ) ;
#279 = DIRECTION ( 'NONE',  ( -4.146737130532673897E-33, -0.03489949670249381519, 0.9993908270190959842 ) ) ;
#280 = ORIENTED_EDGE ( 'NONE', *, *, #717, .F. ) ;
#281 = EDGE_CURVE ( 'NONE', #1551, #929, #1503, .T. ) ;
#282 = SURFACE_SIDE_STYLE ('',( #1224 ) ) ;
#283 = EDGE_CURVE ( 'NONE', #62, #831, #676, .T. ) ;
#284 = DIRECTION ( 'NONE',  ( 0.000000000000000000, -0.03489949670249368335, 0.9993908270190959842 ) ) ;
#285 = CARTESIAN_POINT ( 'NONE',  ( 54.00000000000000000, 0.000000000000000000, 59.89999999999999858 ) ) ;
#286 = VERTEX_POINT ( 'NONE', #418 ) ;
#287 = CARTESIAN_POINT ( 'NONE',  ( 117.5035016417529334, -5.838952456397277224, 0.6231886191547484355 ) ) ;
#288 = ORIENTED_EDGE ( 'NONE', *, *, #1339, .F. ) ;
#289 = COLOUR_RGB ( '',0.000000000000000000, 0.000000000000000000, 0.000000000000000000 ) ;
#290 = VECTOR ( 'NONE', #524, 1000.000000000000227 ) ;
#291 = VECTOR ( 'NONE', #1395, 1000.000000000000000 ) ;
#292 = STYLED_ITEM ( 'NONE', ( #1655 ), #764 ) ;
#293 = DIRECTION ( 'NONE',  ( 1.223900777406162221E-16, -0.9993908270190958731, -0.03489949670249381519 ) ) ;
#294 = CARTESIAN_POINT ( 'NONE',  ( 0.000000000000000000, 0.000000000000000000, 119.7800000000000011 ) ) ;
#295 = DIRECTION ( 'NONE',  ( 0.000000000000000000, 0.000000000000000000, 1.000000000000000000 ) ) ;
#296 = EDGE_CURVE ( 'NONE', #1017, #941, #1420, .T. ) ;
#297 = ORIENTED_EDGE ( 'NONE', *, *, #1324, .F. ) ;
#298 = CARTESIAN_POINT ( 'NONE',  ( 5.000000000000005329, -9.999999999999996447, 119.7800000000000011 ) ) ;
#299 = EDGE_LOOP ( 'NONE', ( #1687, #640 ) ) ;
#300 = CARTESIAN_POINT ( 'NONE',  ( 5.000000000000000000, 0.000000000000000000, 5.000000000000004441 ) ) ;
#301 = EDGE_CURVE ( 'NONE', #844, #1274, #482, .T. ) ;
#302 = CARTESIAN_POINT ( 'NONE',  ( 53.99999999999999289, -8.089922965551757272, 65.08255025164874041 ) ) ;
#303 = DIRECTION ( 'NONE',  ( 1.224646799147353454E-16, -1.000000000000000000, 0.000000000000000000 ) ) ;
#304 = CARTESIAN_POINT ( 'NONE',  ( 5.000000000000000888, -9.963860513228533833, 118.7451005032975075 ) ) ;
#305 = CARTESIAN_POINT ( 'NONE',  ( 1.555378104520876641E-15, -8.906611060881504116, 117.7089321881345114 ) ) ;
#306 = CARTESIAN_POINT ( 'NONE',  ( 5.000000000000000888, -10.00000000000000178, 5.000000000000005329 ) ) ;
#307 = CYLINDRICAL_SURFACE ( 'NONE', #838, 1.000000000000000000 ) ;
#308 = ORIENTED_EDGE ( 'NONE', *, *, #1191, .F. ) ;
#309 = UNCERTAINTY_MEASURE_WITH_UNIT (LENGTH_MEASURE( 1.000000000000000082E-05 ), #1440, 'distance_accuracy_value', 'NONE');
#310 = CARTESIAN_POINT ( 'NONE',  ( 116.3176248100044319, -9.995395347801510511, 119.6481400132634292 ) ) ;
#311 = CARTESIAN_POINT ( 'NONE',  ( 115.5236931752480558, -5.850892282491411578, 0.9651005033002564293 ) ) ;
#312 = ORIENTED_EDGE ( 'NONE', *, *, #750, .F. ) ;
#313 = DIRECTION ( 'NONE',  ( -0.000000000000000000, 1.000000000000000000, -0.000000000000000000 ) ) ;
#314 = EDGE_CURVE ( 'NONE', #737, #953, #566, .T. ) ;
#315 = COLOUR_RGB ( '',0.000000000000000000, 0.000000000000000000, 0.000000000000000000 ) ;
#316 = LINE ( 'NONE', #981, #125 ) ;
#317 =( BOUNDED_SURFACE ( )  B_SPLINE_SURFACE ( 3, 2, ( 
 ( #138, #391, #779 ),
 ( #931, #1180, #1700 ),
 ( #122, #501, #1338 ),
 ( #920, #1437, #1603 ),
 ( #401, #763, #1207 ),
 ( #787, #7, #1709 ),
 ( #511, #1471, #272 ),
 ( #796, #667, #1074 ),
 ( #895, #701, #832 ),
 ( #1250, #298, #49 ) ),
 .UNSPECIFIED., .F., .F., .T. ) 
 B_SPLINE_SURFACE_WITH_KNOTS ( ( 4, 2, 2, 2, 4 ),
 ( 3, 3 ),
 ( 1.570796326794896558, 1.963495408493620697, 2.356194490192344837, 2.748893571891068976, 3.141592653589793116 ),
 ( 0.000000000000000000, 1.000000000000000000 ),
 .UNSPECIFIED. ) 
 GEOMETRIC_REPRESENTATION_ITEM ( )  RATIONAL_B_SPLINE_SURFACE ( (
 ( 1.000000000000000000, 0.7071067811865474617, 1.000000000000000000),
 ( 1.000000000000000000, 0.7054914405944950895, 1.000000000000000000),
 ( 1.000000000000000000, 0.7038713107359387822, 1.000000000000000000),
 ( 1.000000000000000000, 0.7008667721920299742, 1.000000000000000000),
 ( 1.000000000000000000, 0.6994838466504287311, 1.000000000000000000),
 ( 1.000000000000000000, 0.6971709634022715818, 1.000000000000000000),
 ( 1.000000000000000000, 0.6962420858921853917, 1.000000000000000000),
 ( 1.000000000000000000, 0.6949854794626881827, 1.000000000000000000),
 ( 1.000000000000000000, 0.6946567699985496391, 1.000000000000000000),
 ( 1.000000000000000000, 0.6946583704590013619, 1.000000000000000000) ) ) 
 REPRESENTATION_ITEM ( '' )  SURFACE ( )  );
#318 = CARTESIAN_POINT ( 'NONE',  ( 5.000000000000000888, -6.113942316196746773, 8.497867894566843106 ) ) ;
#319 = PRESENTATION_LAYER_ASSIGNMENT (  '', '', ( #1073 ) ) ;
#320 = ORIENTED_EDGE ( 'NONE', *, *, #141, .F. ) ;
#321 = DIRECTION ( 'NONE',  ( 1.224646799147351482E-16, -1.000000000000000000, 0.000000000000000000 ) ) ;
#322 = LINE ( 'NONE', #1258, #1045 ) ;
#323 = CYLINDRICAL_SURFACE ( 'NONE', #477, 2.999999999999996447 ) ;
#324 = MECHANICAL_DESIGN_GEOMETRIC_PRESENTATION_REPRESENTATION (  '', ( #1078 ), #767 ) ;
#325 = CARTESIAN_POINT ( 'NONE',  ( 118.9999999999999858, -9.906001887900586667, 117.0882462538051527 ) ) ;
#326 = ORIENTED_EDGE ( 'NONE', *, *, #1510, .F. ) ;
#327 = CARTESIAN_POINT ( 'NONE',  ( 120.0000000000000000, -8.843074376899970446, 115.4346164690668672 ) ) ;
#328 = PRODUCT_CONTEXT ( 'NONE', #880, 'mechanical' ) ;
#329 = EDGE_LOOP ( 'NONE', ( #1362, #413 ) ) ;
#330 = CARTESIAN_POINT ( 'NONE',  ( 51.22417787442103787, -7.964348525279809188, 61.48656877416013344 ) ) ;
#331 = CARTESIAN_POINT ( 'NONE',  ( 114.9999999999999574, -8.964469686209421084, 119.7800000000000011 ) ) ;
#332 = EDGE_CURVE ( 'NONE', #929, #1169, #986, .T. ) ;
#333 = CARTESIAN_POINT ( 'NONE',  ( 5.000000000000001776, -9.947544391000025854, 118.2778678945668673 ) ) ;
#334 = EDGE_LOOP ( 'NONE', ( #890, #397, #234, #1012 ) ) ;
#335 = EDGE_CURVE ( 'NONE', #831, #81, #1003, .T. ) ;
#336 = DIRECTION ( 'NONE',  ( 0.000000000000000000, -0.03489949670249352376, 0.9993908270190959842 ) ) ;
#337 = VERTEX_POINT ( 'NONE', #440 ) ;
#338 = CARTESIAN_POINT ( 'NONE',  ( 52.56468591301342030, -7.903435887197686860, 59.74225904190954850 ) ) ;
#339 = DIRECTION ( 'NONE',  ( 0.000000000000000000, 0.000000000000000000, 1.000000000000000000 ) ) ;
#340 = DIRECTION ( 'NONE',  ( 1.223900777406162467E-16, -0.9993908270190960952, -0.03489949670249382213 ) ) ;
#341 = ADVANCED_FACE ( 'NONE', ( #180 ), #323, .F. ) ;
#342 = DIRECTION ( 'NONE',  ( -0.000000000000000000, 1.000000000000000000, -0.000000000000000000 ) ) ;
#343 = AXIS2_PLACEMENT_3D ( 'NONE', #498, #1722, #1325 ) ;
#344 = CARTESIAN_POINT ( 'NONE',  ( 5.000000000000000888, -4.851501455472233992, 1.000000000000004441 ) ) ;
#345 = DIRECTION ( 'NONE',  ( 1.223900777406162221E-16, -0.9993908270190959842, -0.03489949670249382213 ) ) ;
#346 = EDGE_CURVE ( 'NONE', #1479, #802, #720, .T. ) ;
#347 = ORIENTED_EDGE ( 'NONE', *, *, #301, .F. ) ;
#348 =( LENGTH_UNIT ( ) NAMED_UNIT ( * ) SI_UNIT ( .MILLI., .METRE. ) );
#349 =( NAMED_UNIT ( * ) SI_UNIT ( $, .STERADIAN. ) SOLID_ANGLE_UNIT ( ) );
#350 = DIRECTION ( 'NONE',  ( -1.000000000000000000, -1.224646799147353454E-16, -9.137405168076679917E-35 ) ) ;
#351 = CARTESIAN_POINT ( 'NONE',  ( 4.345383530940027050, -4.851501455472915225, 4.150147110801030196E-15 ) ) ;
#352 = EDGE_LOOP ( 'NONE', ( #734, #675 ) ) ;
#353 = DIRECTION ( 'NONE',  ( 0.000000000000000000, 0.000000000000000000, -1.000000000000000000 ) ) ;
#354 = PRESENTATION_STYLE_ASSIGNMENT (( #1670 ) ) ;
#355 = CARTESIAN_POINT ( 'NONE',  ( 5.000000000000000000, -1.199999999999999734, 118.0830341037143256 ) ) ;
#356 = FACE_OUTER_BOUND ( 'NONE', #824, .T. ) ;
#357 = CARTESIAN_POINT ( 'NONE',  ( 59.69999999999999574, -7.890874579448838411, 59.38255025164878020 ) ) ;
#358 = ORIENTED_EDGE ( 'NONE', *, *, #1500, .T. ) ;
#359 = FACE_BOUND ( 'NONE', #329, .T. ) ;
#360 = FACE_OUTER_BOUND ( 'NONE', #146, .T. ) ;
#361 = CARTESIAN_POINT ( 'NONE',  ( 56.34771060410625410, -7.979629262223273400, 61.92415182763280512 ) ) ;
#362 = ORIENTED_EDGE ( 'NONE', *, *, #255, .F. ) ;
#363 = CARTESIAN_POINT ( 'NONE',  ( 51.70640222427596200, -8.011896266466122185, 62.84815793381017102 ) ) ;
#364 = CARTESIAN_POINT ( 'NONE',  ( 4.999999999999999112, 8.586664354694695689, 112.4211346879447291 ) ) ;
#365 = EDGE_CURVE ( 'NONE', #1633, #1457, #1311, .T. ) ;
#366 = DIRECTION ( 'NONE',  ( -1.223900777406162221E-16, 0.9993908270190959842, 0.03489949670249382213 ) ) ;
#367 = CARTESIAN_POINT ( 'NONE',  ( 0.6310680556223645654, -4.920837484314351862, 2.481905104437788001 ) ) ;
#368 = ORIENTED_EDGE ( 'NONE', *, *, #1031, .T. ) ;
#369 = CIRCLE ( 'NONE', #170, 3.000000000000010214 ) ;
#370 = CARTESIAN_POINT ( 'NONE',  ( 114.9999999999999858, 0.000000000000000000, 0.000000000000000000 ) ) ;
#371 = CARTESIAN_POINT ( 'NONE',  ( 54.74598147749581045, -8.087332617097578336, 65.00837237722384998 ) ) ;
#372 = PRESENTATION_LAYER_ASSIGNMENT (  '', '', ( #674 ) ) ;
#373 = VERTEX_POINT ( 'NONE', #1054 ) ;
#374 = VECTOR ( 'NONE', #1547, 1000.000000000000000 ) ;
#375 = CARTESIAN_POINT ( 'NONE',  ( 51.14999999999999858, -8.003426458639310681, 62.60561437161592124 ) ) ;
#376 = DIRECTION ( 'NONE',  ( -0.000000000000000000, 1.000000000000000000, -0.000000000000000000 ) ) ;
#377 = CARTESIAN_POINT ( 'NONE',  ( 114.9999999999999858, -10.00000000000000178, 114.7800000000000296 ) ) ;
#378 = ORIENTED_EDGE ( 'NONE', *, *, #559, .F. ) ;
#379 = CARTESIAN_POINT ( 'NONE',  ( 120.0000000000000000, -9.999999999999985789, 119.7800000000000011 ) ) ;
#380 =( GEOMETRIC_REPRESENTATION_CONTEXT ( 3 ) GLOBAL_UNCERTAINTY_ASSIGNED_CONTEXT ( ( #309 ) ) GLOBAL_UNIT_ASSIGNED_CONTEXT ( ( #1440, #797, #828 ) ) REPRESENTATION_CONTEXT ( 'NONE', 'WORKASPACE' ) );
#381 = FILL_AREA_STYLE_COLOUR ( '', #1150 ) ;
#382 = EDGE_LOOP ( 'NONE', ( #1233, #1620, #645, #1680 ) ) ;
#383 = AXIS2_PLACEMENT_3D ( 'NONE', #1411, #452, #984 ) ;
#384 = CARTESIAN_POINT ( 'NONE',  ( 53.38489246592613569, -7.587637203587925150, 64.53883578775585761 ) ) ;
#385 = SURFACE_STYLE_USAGE ( .BOTH. , #226 ) ;
#386 = PRESENTATION_STYLE_ASSIGNMENT (( #1165 ) ) ;
#387 = EDGE_LOOP ( 'NONE', ( #297, #835, #590, #715 ) ) ;
#388 = FACE_BOUND ( 'NONE', #1317, .T. ) ;
#389 = LINE ( 'NONE', #918, #290 ) ;
#390 = ADVANCED_FACE ( 'NONE', ( #886 ), #1030, .F. ) ;
#391 = CARTESIAN_POINT ( 'NONE',  ( 8.673617379884035472E-16, -9.824177435261573166, 114.7451005032974933 ) ) ;
#392 = FILL_AREA_STYLE ('',( #521 ) ) ;
#393 = DIRECTION ( 'NONE',  ( 1.000000000000000000, 0.000000000000000000, -0.000000000000000000 ) ) ;
#394 = ORIENTED_EDGE ( 'NONE', *, *, #314, .F. ) ;
#395 = DIRECTION ( 'NONE',  ( -1.000000000000000000, -0.000000000000000000, -0.000000000000000000 ) ) ;
#396 = CARTESIAN_POINT ( 'NONE',  ( 54.61510753407551988, -7.393769514393568443, 59.96116421224483162 ) ) ;
#397 = ORIENTED_EDGE ( 'NONE', *, *, #1662, .T. ) ;
#398 = CIRCLE ( 'NONE', #1209, 1.000000000000000000 ) ;
#399 = ADVANCED_FACE ( 'NONE', ( #896 ), #975, .T. ) ;
#400 = VECTOR ( 'NONE', #1415, 1000.000000000000000 ) ;
#401 = CARTESIAN_POINT ( 'NONE',  ( 1.801332634261550103, -9.910019212796765231, 117.2032873870514322 ) ) ;
#402 = VECTOR ( 'NONE', #507, 1000.000000000000000 ) ;
#403 = AXIS2_PLACEMENT_3D ( 'NONE', #1316, #639, #1178 ) ;
#404 = CARTESIAN_POINT ( 'NONE',  ( 1.000000000000001110, -8.824786608242476404, 114.7799999999999869 ) ) ;
#405 = ORIENTED_EDGE ( 'NONE', *, *, #572, .T. ) ;
#406 = CIRCLE ( 'NONE', #1552, 1.699999999999993072 ) ;
#407 = CARTESIAN_POINT ( 'NONE',  ( 49.29999999999999716, -7.590227552042210668, 64.59999999999999432 ) ) ;
#408 = MECHANICAL_DESIGN_GEOMETRIC_PRESENTATION_REPRESENTATION (  '', ( #1451 ), #848 ) ;
#409 = EDGE_CURVE ( 'NONE', #538, #1222, #1596, .T. ) ;
#410 = ORIENTED_EDGE ( 'NONE', *, *, #708, .F. ) ;
#411 = DIRECTION ( 'NONE',  ( 0.000000000000000000, 0.000000000000000000, -1.000000000000000000 ) ) ;
#412 =( NAMED_UNIT ( * ) SI_UNIT ( $, .STERADIAN. ) SOLID_ANGLE_UNIT ( ) );
#413 = ORIENTED_EDGE ( 'NONE', *, *, #946, .T. ) ;
#414 = CARTESIAN_POINT ( 'NONE',  ( 118.0727336046934255, -4.879484607679445141, 1.001665792827951762 ) ) ;
#415 = EDGE_CURVE ( 'NONE', #844, #679, #1541, .T. ) ;
#416 = FACE_OUTER_BOUND ( 'NONE', #1352, .T. ) ;
#417 = ORIENTED_EDGE ( 'NONE', *, *, #954, .T. ) ;
#418 = CARTESIAN_POINT ( 'NONE',  ( 5.000000000000001776, 0.000000000000000000, 116.4800000000000466 ) ) ;
#419 =( BOUNDED_SURFACE ( )  B_SPLINE_SURFACE ( 3, 2, ( 
 ( #192, #714, #1142 ),
 ( #1260, #1416, #351 ),
 ( #61, #1675, #475 ),
 ( #585, #1124, #1008 ),
 ( #1548, #458, #1715 ),
 ( #909, #97, #743 ),
 ( #1580, #221, #367 ),
 ( #117, #1290, #240 ),
 ( #515, #488, #1588 ),
 ( #1721, #881, #901 ) ),
 .UNSPECIFIED., .F., .F., .T. ) 
 B_SPLINE_SURFACE_WITH_KNOTS ( ( 4, 2, 2, 2, 4 ),
 ( 3, 3 ),
 ( 3.141592653589793116, 3.534291735288517255, 3.926990816987241395, 4.319689898685965090, 4.712388980384689674 ),
 ( 0.000000000000000000, 1.000000000000000000 ),
 .UNSPECIFIED. ) 
 GEOMETRIC_REPRESENTATION_ITEM ( )  RATIONAL_B_SPLINE_SURFACE ( (
 ( 1.000000000000000000, 0.7193398003386486383, 1.000000000000000000),
 ( 1.000000000000000000, 0.7193412045376720299, 1.000000000000000000),
 ( 1.000000000000000000, 0.7190243029296599087, 1.000000000000000000),
 ( 1.000000000000000000, 0.7178075805545416355, 1.000000000000000000),
 ( 1.000000000000000000, 0.7169067290029013106, 1.000000000000000000),
 ( 1.000000000000000000, 0.7146502351297391309, 1.000000000000000000),
 ( 1.000000000000000000, 0.7132953257779748313, 1.000000000000000000),
 ( 1.000000000000000000, 0.7103306498110661948, 1.000000000000000000),
 ( 1.000000000000000000, 0.7087223175922571228, 1.000000000000000000),
 ( 1.000000000000000000, 0.7071067811865473507, 1.000000000000000000) ) ) 
 REPRESENTATION_ITEM ( '' )  SURFACE ( )  );
#420 = ADVANCED_FACE ( 'NONE', ( #960 ), #1575, .T. ) ;
#421 =( LENGTH_UNIT ( ) NAMED_UNIT ( * ) SI_UNIT ( .MILLI., .METRE. ) );
#422 = LINE ( 'NONE', #503, #1077 ) ;
#423 = ORIENTED_EDGE ( 'NONE', *, *, #1193, .T. ) ;
#424 = ORIENTED_EDGE ( 'NONE', *, *, #1259, .F. ) ;
#425 = AXIS2_PLACEMENT_3D ( 'NONE', #188, #1532, #321 ) ;
#426 = AXIS2_PLACEMENT_3D ( 'NONE', #276, #800, #1349 ) ;
#427 = CARTESIAN_POINT ( 'NONE',  ( 120.0000000000000000, -8.824786608242462194, 114.7799999999999869 ) ) ;
#428 = ORIENTED_EDGE ( 'NONE', *, *, #876, .T. ) ;
#429 = UNCERTAINTY_MEASURE_WITH_UNIT (LENGTH_MEASURE( 1.000000000000000082E-05 ), #109, 'distance_accuracy_value', 'NONE');
#430 = DIRECTION ( 'NONE',  ( -1.224646799147353454E-16, 1.000000000000000000, -0.000000000000000000 ) ) ;
#431 = CARTESIAN_POINT ( 'NONE',  ( 5.000000000000000888, -8.964469686209437072, 119.7800000000000011 ) ) ;
#432 = VECTOR ( 'NONE', #1472, 1000.000000000000000 ) ;
#433 = CARTESIAN_POINT ( 'NONE',  ( 114.9999999999999858, 8.481965864587229120, 115.4193071690020247 ) ) ;
#434 = SURFACE_STYLE_FILL_AREA ( #1664 ) ;
#435 =( NAMED_UNIT ( * ) PLANE_ANGLE_UNIT ( ) SI_UNIT ( $, .RADIAN. ) );
#436 = ORIENTED_EDGE ( 'NONE', *, *, #206, .T. ) ;
#437 = APPLICATION_PROTOCOL_DEFINITION ( 'draft international standard', 'automotive_design', 1998, #880 ) ;
#438 = EDGE_CURVE ( 'NONE', #1128, #1699, #663, .T. ) ;
#439 = CARTESIAN_POINT ( 'NONE',  ( 114.9999999999999858, -9.203552500573008999, 111.2995818537844457 ) ) ;
#440 = CARTESIAN_POINT ( 'NONE',  ( 6.112438162830090481E-16, -4.991184533439197324, 5.000000000000004441 ) ) ;
#441 = LINE ( 'NONE', #713, #722 ) ;
#442 = FILL_AREA_STYLE ('',( #726 ) ) ;
#443 = EDGE_LOOP ( 'NONE', ( #542, #1119, #273, #882 ) ) ;
#444 = FACE_OUTER_BOUND ( 'NONE', #1025, .T. ) ;
#445 = ORIENTED_EDGE ( 'NONE', *, *, #1590, .F. ) ;
#446 = CARTESIAN_POINT ( 'NONE',  ( 5.000000000000000888, -10.00000000000000178, 5.000000000000005329 ) ) ;
#447 = DIRECTION ( 'NONE',  ( -4.273955692856266658E-18, 0.03489949670249381519, -0.9993908270190958731 ) ) ;
#448 = CARTESIAN_POINT ( 'NONE',  ( 5.000000000000000000, 0.000000000000000000, 0.000000000000000000 ) ) ;
#449 = CYLINDRICAL_SURFACE ( 'NONE', #1147, 1.000000000000000444 ) ;
#450 = EDGE_LOOP ( 'NONE', ( #468, #1263 ) ) ;
#451 = CARTESIAN_POINT ( 'NONE',  ( 51.94660198495478198, -7.440581086610689177, 61.06649540195321180 ) ) ;
#452 = DIRECTION ( 'NONE',  ( 0.000000000000000000, 1.000000000000000000, 0.000000000000000000 ) ) ;
#453 = UNCERTAINTY_MEASURE_WITH_UNIT (LENGTH_MEASURE( 1.000000000000000082E-05 ), #220, 'distance_accuracy_value', 'NONE');
#454 = CARTESIAN_POINT ( 'NONE',  ( 120.0000000000000000, -4.991184533439182225, 5.000000000000004441 ) ) ;
#455 = AXIS2_PLACEMENT_3D ( 'NONE', #1296, #247, #799 ) ;
#456 = EDGE_CURVE ( 'NONE', #137, #231, #966, .T. ) ;
#457 = CARTESIAN_POINT ( 'NONE',  ( 0.000000000000000000, 0.000000000000000000, 119.7800000000000011 ) ) ;
#458 = CARTESIAN_POINT ( 'NONE',  ( 1.943513952570322223, -5.851757236022249842, 0.9898695316897028196 ) ) ;
#459 = ORIENTED_EDGE ( 'NONE', *, *, #1462, .T. ) ;
#460 = FACE_OUTER_BOUND ( 'NONE', #1453, .T. ) ;
#461 = VERTEX_POINT ( 'NONE', #1221 ) ;
#462 = CARTESIAN_POINT ( 'NONE',  ( 53.69233026169770540, -7.391179165939613327, 59.89999999999999858 ) ) ;
#463 = CARTESIAN_POINT ( 'NONE',  ( 5.000000000000000888, -9.963860513228533833, 118.7451005032975075 ) ) ;
#464 = ADVANCED_FACE ( 'NONE', ( #416 ), #1373, .F. ) ;
#465 = CARTESIAN_POINT ( 'NONE',  ( 5.000000000000000888, -5.369950425769741464, 1.519581853784415459 ) ) ;
#466 = SURFACE_STYLE_USAGE ( .BOTH. , #604 ) ;
#467 = CARTESIAN_POINT ( 'NONE',  ( 116.0469915424753538, -9.960224936521402839, 118.6409912078829478 ) ) ;
#468 = ORIENTED_EDGE ( 'NONE', *, *, #114, .F. ) ;
#469 = SURFACE_SIDE_STYLE ('',( #599 ) ) ;
#470 = CARTESIAN_POINT ( 'NONE',  ( 114.9999999999999858, 0.000000000000000000, 0.000000000000000000 ) ) ;
#471 = CARTESIAN_POINT ( 'NONE',  ( 120.0000000000000000, -4.909360080800153625, 2.071067811865487052 ) ) ;
#472 = PRESENTATION_STYLE_ASSIGNMENT (( #1414 ) ) ;
#473 = LINE ( 'NONE', #1452, #374 ) ;
#474 = CIRCLE ( 'NONE', #692, 5.000000000000000000 ) ;
#475 = CARTESIAN_POINT ( 'NONE',  ( 3.691260571906076038, -4.855137032179317913, 0.1301366192669480282 ) ) ;
#476 = ORIENTED_EDGE ( 'NONE', *, *, #1279, .T. ) ;
#477 = AXIS2_PLACEMENT_3D ( 'NONE', #1138, #340, #1544 ) ;
#478 = CARTESIAN_POINT ( 'NONE',  ( 120.0045794166447024, -9.847082892835713253, 115.4010269878314716 ) ) ;
#479 = MECHANICAL_DESIGN_GEOMETRIC_PRESENTATION_REPRESENTATION (  '', ( #1441 ), #653 ) ;
#480 = CARTESIAN_POINT ( 'NONE',  ( 55.45301506642036315, -8.056401198964305621, 64.12261245313258939 ) ) ;
#481 = ORIENTED_EDGE ( 'NONE', *, *, #346, .T. ) ;
#482 =( BOUNDED_CURVE ( )  B_SPLINE_CURVE ( 3, ( #454, #471, #1269, #69 ),
 .UNSPECIFIED., .F., .T. ) 
 B_SPLINE_CURVE_WITH_KNOTS ( ( 4, 4 ),
 ( 4.712388980384692339, 6.283185307179586232 ),
 .UNSPECIFIED. ) 
 CURVE ( )  GEOMETRIC_REPRESENTATION_ITEM ( )  RATIONAL_B_SPLINE_CURVE ( ( 1.000000000000000000, 0.8047378541243654926, 0.8047378541243654926, 1.000000000000000000 ) ) 
 REPRESENTATION_ITEM ( '' )  );
#483 = CARTESIAN_POINT ( 'NONE',  ( 53.38986541742583114, -7.911042463495764565, 59.96008288735850300 ) ) ;
#484 = CARTESIAN_POINT ( 'NONE',  ( 5.000000000000000000, -1.199999999999999734, 2.165504503544115611 ) ) ;
#485 =( NAMED_UNIT ( * ) SI_UNIT ( $, .STERADIAN. ) SOLID_ANGLE_UNIT ( ) );
#486 = CIRCLE ( 'NONE', #846, 2.999999999999996447 ) ;
#487 = CARTESIAN_POINT ( 'NONE',  ( 5.000000000000000888, -5.850892282491329865, 0.9651005032975060738 ) ) ;
#488 = CARTESIAN_POINT ( 'NONE',  ( 0.004558922434523420691, -5.967772411430660284, 4.312109479349492069 ) ) ;
#489 = ORIENTED_EDGE ( 'NONE', *, *, #876, .F. ) ;
#490 = CARTESIAN_POINT ( 'NONE',  ( 114.9999999999999858, -1.199999999999999734, 114.7800000000000296 ) ) ;
#491 = DIRECTION ( 'NONE',  ( -4.146737130532673897E-33, -0.03489949670249381519, 0.9993908270190959842 ) ) ;
#492 = CARTESIAN_POINT ( 'NONE',  ( 56.28883578775739949, -7.516753606211302063, 62.86510753407015528 ) ) ;
#493 = ADVANCED_FACE ( 'NONE', ( #1495 ), #1198, .T. ) ;
#494 = CARTESIAN_POINT ( 'NONE',  ( -1.000000000000013989, -1.199999999999999734, 2.165504503544096071 ) ) ;
#495 = CARTESIAN_POINT ( 'NONE',  ( 5.000000000000000888, -5.991794077738018309, 5.000000000000006217 ) ) ;
#496 = CARTESIAN_POINT ( 'NONE',  ( 120.0000000000000000, -4.991184533439182225, 5.000000000000004441 ) ) ;
#497 = ORIENTED_EDGE ( 'NONE', *, *, #365, .F. ) ;
#498 = CARTESIAN_POINT ( 'NONE',  ( 54.00000000000000711, -7.391179165939289142, 59.39999999999999858 ) ) ;
#499 = CARTESIAN_POINT ( 'NONE',  ( 54.30529638039222107, -7.908944322835214535, 59.90000000000387814 ) ) ;
#500 = ORIENTED_EDGE ( 'NONE', *, *, #1171, .T. ) ;
#501 = CARTESIAN_POINT ( 'NONE',  ( 0.1214857504047147374, -9.869979499594677463, 116.0567000184277333 ) ) ;
#502 = SURFACE_SIDE_STYLE ('',( #1422 ) ) ;
#503 = CARTESIAN_POINT ( 'NONE',  ( 4.999999999999999112, 8.377267374479734130, 118.4174796500593061 ) ) ;
#504 =( NAMED_UNIT ( * ) PLANE_ANGLE_UNIT ( ) SI_UNIT ( $, .RADIAN. ) );
#505 = EDGE_LOOP ( 'NONE', ( #159, #571, #1254, #1309 ) ) ;
#506 = DIRECTION ( 'NONE',  ( 0.000000000000000000, 0.000000000000000000, -1.000000000000000000 ) ) ;
#507 = DIRECTION ( 'NONE',  ( -0.000000000000000000, 1.000000000000000000, -0.000000000000000000 ) ) ;
#508 = AXIS2_PLACEMENT_3D ( 'NONE', #404, #142, #275 ) ;
#509 = ORIENTED_EDGE ( 'NONE', *, *, #825, .T. ) ;
#510 = PRESENTATION_LAYER_ASSIGNMENT (  '', '', ( #292 ) ) ;
#511 = CARTESIAN_POINT ( 'NONE',  ( 2.985524083554564889, -9.946230607545309965, 118.2402460587986042 ) ) ;
#512 = ADVANCED_FACE ( 'NONE', ( #972 ), #587, .T. ) ;
#513 = ADVANCED_FACE ( 'NONE', ( #360 ), #1648, .T. ) ;
#514 = DIRECTION ( 'NONE',  ( 1.000000000000000000, 1.224646799147353454E-16, 0.000000000000000000 ) ) ;
#515 = CARTESIAN_POINT ( 'NONE',  ( 1.000000000002273515, -5.972287591800948370, 4.441407328046352632 ) ) ;
#516 = EDGE_LOOP ( 'NONE', ( #1052, #596 ) ) ;
#517 = CARTESIAN_POINT ( 'NONE',  ( 5.000000000000000888, -5.850892282491329865, 0.9651005032975060738 ) ) ;
#518 = LINE ( 'NONE', #794, #1034 ) ;
#519 = CARTESIAN_POINT ( 'NONE',  ( 55.88810211173355924, -8.041051936460732463, 63.68306708442797515 ) ) ;
#520 = CARTESIAN_POINT ( 'NONE',  ( 52.12078292482409836, -7.551865625577592667, 63.69418479640086161 ) ) ;
#521 = FILL_AREA_STYLE_COLOUR ( '', #543 ) ;
#522 = EDGE_CURVE ( 'NONE', #1419, #615, #651, .T. ) ;
#523 = DIRECTION ( 'NONE',  ( 4.273955692856266658E-18, -0.03489949670249381519, 0.9993908270190958731 ) ) ;
#524 = DIRECTION ( 'NONE',  ( 1.223900777406162221E-16, -0.9993908270190958731, -0.03489949670249381519 ) ) ;
#525 = CARTESIAN_POINT ( 'NONE',  ( 56.27905049542440707, -7.929236505913482169, 60.48109209431115119 ) ) ;
#526 = CARTESIAN_POINT ( 'NONE',  ( 51.71116421224282789, -7.516753606211286964, 62.86510753407069529 ) ) ;
#527 = CARTESIAN_POINT ( 'NONE',  ( 0.000000000000000000, 0.000000000000000000, 119.7800000000000011 ) ) ;
#528 = CARTESIAN_POINT ( 'NONE',  ( 53.99999999999999289, -7.590227552042210668, 65.09999999999999432 ) ) ;
#529 = CARTESIAN_POINT ( 'NONE',  ( 114.9999999999999858, -4.851501455472218005, 0.000000000000000000 ) ) ;
#530 = CARTESIAN_POINT ( 'NONE',  ( 55.44418479640189901, -7.411117161979968948, 60.37078292482512865 ) ) ;
#531 = EDGE_LOOP ( 'NONE', ( #666, #546 ) ) ;
#532 = CARTESIAN_POINT ( 'NONE',  ( 52.80870166893512874, -8.062569601438594802, 64.29925238874849924 ) ) ;
#533 = ADVANCED_FACE ( 'NONE', ( #1051 ), #1583, .F. ) ;
#534 = AXIS2_PLACEMENT_3D ( 'NONE', #535, #1501, #279 ) ;
#535 = CARTESIAN_POINT ( 'NONE',  ( 114.9999999999999858, -9.325700739031738351, 114.7974497483512835 ) ) ;
#536 = EDGE_LOOP ( 'NONE', ( #1323, #1716, #1092, #308 ) ) ;
#537 = COLOUR_RGB ( '',0.000000000000000000, 0.000000000000000000, 0.000000000000000000 ) ;
#538 = VERTEX_POINT ( 'NONE', #770 ) ;
#539 = EDGE_CURVE ( 'NONE', #555, #1154, #64, .T. ) ;
#540 = DIRECTION ( 'NONE',  ( 0.000000000000000000, 0.9993908270190959842, 0.03489949670249394009 ) ) ;
#541 = FACE_OUTER_BOUND ( 'NONE', #902, .T. ) ;
#542 = ORIENTED_EDGE ( 'NONE', *, *, #35, .F. ) ;
#543 = COLOUR_RGB ( '',0.000000000000000000, 0.000000000000000000, 0.000000000000000000 ) ;
#544 = CARTESIAN_POINT ( 'NONE',  ( 118.0564860474302691, -5.851757236022501196, 0.9898695316900181229 ) ) ;
#545 = CARTESIAN_POINT ( 'NONE',  ( 10.99999999999998224, -1.199999999999999956, 8.169161769337048185 ) ) ;
#546 = ORIENTED_EDGE ( 'NONE', *, *, #1247, .T. ) ;
#547 = ADVANCED_FACE ( 'NONE', ( #1336 ), #251, .T. ) ;
#548 = CARTESIAN_POINT ( 'NONE',  ( 5.000000000000000888, -5.492098664228468152, 5.017449748351253014 ) ) ;
#549 = CARTESIAN_POINT ( 'NONE',  ( 56.04522543553046177, -7.949185835198210093, 61.05236614054843614 ) ) ;
#550 = ORIENTED_EDGE ( 'NONE', *, *, #365, .T. ) ;
#551 = CARTESIAN_POINT ( 'NONE',  ( 114.9999999999999858, -4.851501455472219781, 4.336808689942017736E-15 ) ) ;
#552 = DIRECTION ( 'NONE',  ( 0.000000000000000000, 0.03489949670249352376, -0.9993908270190959842 ) ) ;
#553 =( NAMED_UNIT ( * ) PLANE_ANGLE_UNIT ( ) SI_UNIT ( $, .RADIAN. ) );
#554 = CYLINDRICAL_SURFACE ( 'NONE', #1152, 3.000000000000010214 ) ;
#555 = VERTEX_POINT ( 'NONE', #1707 ) ;
#556 = AXIS2_PLACEMENT_3D ( 'NONE', #1434, #1315, #232 ) ;
#557 = CIRCLE ( 'NONE', #753, 0.9999999999999997780 ) ;
#558 = AXIS2_PLACEMENT_3D ( 'NONE', #1298, #1181, #1563 ) ;
#559 = EDGE_CURVE ( 'NONE', #1017, #98, #1156, .T. ) ;
#560 = DIRECTION ( 'NONE',  ( -0.000000000000000000, -1.000000000000000000, -0.000000000000000000 ) ) ;
#561 = PRESENTATION_STYLE_ASSIGNMENT (( #25 ) ) ;
#562 = ORIENTED_EDGE ( 'NONE', *, *, #415, .T. ) ;
#563 = UNCERTAINTY_MEASURE_WITH_UNIT (LENGTH_MEASURE( 1.000000000000000082E-05 ), #421, 'distance_accuracy_value', 'NONE');
#564 = CARTESIAN_POINT ( 'NONE',  ( 119.0000000000000000, -5.990575360458278098, 4.965100503297525059 ) ) ;
#565 = SURFACE_STYLE_FILL_AREA ( #68 ) ;
#566 = CIRCLE ( 'NONE', #793, 5.000000000000000000 ) ;
#567 = SURFACE_SIDE_STYLE ('',( #434 ) ) ;
#568 = EDGE_CURVE ( 'NONE', #1154, #894, #518, .T. ) ;
#569 = CARTESIAN_POINT ( 'NONE',  ( 116.3087394280931761, -8.960834109502336275, 119.6498633807333363 ) ) ;
#570 = CARTESIAN_POINT ( 'NONE',  ( 119.8613534019957569, -5.944993589907926257, 3.659809376729842079 ) ) ;
#571 = ORIENTED_EDGE ( 'NONE', *, *, #819, .T. ) ;
#572 = EDGE_CURVE ( 'NONE', #1551, #1056, #389, .T. ) ;
#573 =( LENGTH_UNIT ( ) NAMED_UNIT ( * ) SI_UNIT ( .MILLI., .METRE. ) );
#574 = LINE ( 'NONE', #994, #1038 ) ;
#575 = EDGE_LOOP ( 'NONE', ( #1206, #1217, #1116, #702 ) ) ;
#576 = CARTESIAN_POINT ( 'NONE',  ( 117.4581868837539105, -9.935877361021265841, 117.9437678690359661 ) ) ;
#577 = ORIENTED_EDGE ( 'NONE', *, *, #1623, .F. ) ;
#578 = EDGE_CURVE ( 'NONE', #1567, #1477, #1265, .T. ) ;
#579 = CARTESIAN_POINT ( 'NONE',  ( 4.999999999999999112, 8.481965864587214909, 5.505434834624733043 ) ) ;
#580 = LINE ( 'NONE', #331, #132 ) ;
#581 = CIRCLE ( 'NONE', #1573, 3.000000000000010214 ) ;
#582 =( BOUNDED_SURFACE ( )  B_SPLINE_SURFACE ( 3, 2, ( 
 ( #1661, #225, #1421 ),
 ( #462, #877, #217 ),
 ( #1683, #483, #864 ),
 ( #1013, #749, #338 ),
 ( #1410, #1692, #1257 ),
 ( #207, #1295, #1562 ),
 ( #451, #190, #57 ),
 ( #1276, #983, #330 ),
 ( #197, #729, #1190 ),
 ( #1318, #246, #375 ),
 ( #526, #363, #634 ),
 ( #1310, #1328, #1720 ),
 ( #520, #260, #105 ),
 ( #1029, #1463, #1043 ),
 ( #1586, #532, #130 ),
 ( #384, #914, #662 ),
 ( #1, #1572, #115 ),
 ( #907, #1053, #1062 ) ),
 .UNSPECIFIED., .F., .F., .F. ) 
 B_SPLINE_SURFACE_WITH_KNOTS ( ( 4, 2, 2, 2, 2, 2, 2, 2, 4 ),
 ( 3, 3 ),
 ( 1.072229976844221384E-15, 0.3926990816987251942, 0.7853981633974492782, 1.178097245096173307, 1.570796326794897446, 1.963495408493621586, 2.356194490192345725, 2.748893571891069865, 3.141592653589794004 ),
 ( 0.000000000000000000, 1.000000000000000000 ),
 .UNSPECIFIED. ) 
 GEOMETRIC_REPRESENTATION_ITEM ( )  RATIONAL_B_SPLINE_SURFACE ( (
 ( 1.000000000000000000, 0.6946583704590006958, 1.000000000000000000),
 ( 1.000000000000000000, 0.6946567699932973960, 1.000000000000000000),
 ( 1.000000000000000000, 0.6949854794696893601, 1.000000000000000000),
 ( 1.000000000000000000, 0.6962420858851831040, 1.000000000000000000),
 ( 1.000000000000000000, 0.6971709634141131096, 1.000000000000000000),
 ( 1.000000000000000000, 0.6994838466385872033, 1.000000000000000000),
 ( 1.000000000000000000, 0.7008667722066815875, 1.000000000000000000),
 ( 1.000000000000000000, 0.7038713107212856146, 1.000000000000000000),
 ( 1.000000000000000000, 0.7054916314440763392, 1.000000000000000000),
 ( 1.000000000000000000, 0.7087219309290174740, 1.000000000000000000),
 ( 1.000000000000000000, 0.7103306498256702906, 1.000000000000000000),
 ( 1.000000000000000000, 0.7132953257633594113, 1.000000000000000000),
 ( 1.000000000000000000, 0.7146502351406930353, 1.000000000000000000),
 ( 1.000000000000000000, 0.7169067289919385244, 1.000000000000000000),
 ( 1.000000000000000000, 0.7178075805600631076, 1.000000000000000000),
 ( 1.000000000000000000, 0.7190243029241379924, 1.000000000000000000),
 ( 1.000000000000000000, 0.7193412045418174916, 1.000000000000000000),
 ( 1.000000000000000000, 0.7193398003386466399, 1.000000000000000000) ) ) 
 REPRESENTATION_ITEM ( '' )  SURFACE ( )  );
#583 = MECHANICAL_DESIGN_GEOMETRIC_PRESENTATION_REPRESENTATION (  '', ( #10 ), #1333 ) ;
#584 = AXIS2_PLACEMENT_3D ( 'NONE', #306, #963, #1271 ) ;
#585 = CARTESIAN_POINT ( 'NONE',  ( 2.985524083554462749, -5.868522188174461363, 1.469954947793695066 ) ) ;
#586 = ORIENTED_EDGE ( 'NONE', *, *, #539, .T. ) ;
#587 =( BOUNDED_SURFACE ( )  B_SPLINE_SURFACE ( 3, 2, ( 
 ( #1168, #1571, #1285 ),
 ( #112, #1145, #736 ),
 ( #1179, #1041, #371 ),
 ( #1679, #1593, #101 ),
 ( #1427, #480, #747 ),
 ( #1293, #519, #1698 ),
 ( #93, #1708, #621 ),
 ( #492, #121, #1020 ),
 ( #771, #1560, #1584 ),
 ( #244, #361, #893 ),
 ( #650, #1308, #277 ),
 ( #1337, #549, #1724 ),
 ( #661, #1196, #525 ),
 ( #530, #1205, #801 ),
 ( #1616, #1059, #1601 ),
 ( #396, #1344, #1103 ),
 ( #913, #499, #1326 ),
 ( #271, #1307, #1718 ) ),
 .UNSPECIFIED., .F., .F., .T. ) 
 B_SPLINE_SURFACE_WITH_KNOTS ( ( 4, 2, 2, 2, 2, 2, 2, 2, 4 ),
 ( 3, 3 ),
 ( 3.141592653589794004, 3.534291735288518144, 3.926990816987242283, 4.319689898685966867, 4.712388980384690562, 5.105088062083414258, 5.497787143782138841, 5.890486225480863425, 6.283185307179587120 ),
 ( 0.000000000000000000, 1.000000000000000000 ),
 .UNSPECIFIED. ) 
 GEOMETRIC_REPRESENTATION_ITEM ( )  RATIONAL_B_SPLINE_SURFACE ( (
 ( 1.000000000000000000, 0.7193398003386466399, 1.000000000000000000),
 ( 1.000000000000000000, 0.7193412045420681800, 1.000000000000000000),
 ( 1.000000000000000000, 0.7190243029238051475, 1.000000000000000000),
 ( 1.000000000000000000, 0.7178075805603928439, 1.000000000000000000),
 ( 1.000000000000000000, 0.7169067289914032859, 1.000000000000000000),
 ( 1.000000000000000000, 0.7146502351412349352, 1.000000000000000000),
 ( 1.000000000000000000, 0.7132953257641907463, 1.000000000000000000),
 ( 1.000000000000000000, 0.7103306498248478373, 1.000000000000000000),
 ( 1.000000000000000000, 0.7087219309291565850, 1.000000000000000000),
 ( 1.000000000000000000, 0.7054916314439274583, 1.000000000000000000),
 ( 1.000000000000000000, 0.7038713107201045593, 1.000000000000000000),
 ( 1.000000000000000000, 0.7008667722078664175, 1.000000000000000000),
 ( 1.000000000000000000, 0.6994838466390859155, 1.000000000000000000),
 ( 1.000000000000000000, 0.6971709634136143974, 1.000000000000000000),
 ( 1.000000000000000000, 0.6962420858843391125, 1.000000000000000000),
 ( 1.000000000000000000, 0.6949854794705424554, 1.000000000000000000),
 ( 1.000000000000000000, 0.6946567699926549100, 1.000000000000000000),
 ( 1.000000000000000000, 0.6946583704590006958, 1.000000000000000000) ) ) 
 REPRESENTATION_ITEM ( '' )  SURFACE ( )  );
#588 = DIRECTION ( 'NONE',  ( 1.224646799147351482E-16, -1.000000000000000000, 0.000000000000000000 ) ) ;
#589 = DIRECTION ( 'NONE',  ( -0.000000000000000000, 0.000000000000000000, 1.000000000000000000 ) ) ;
#590 = ORIENTED_EDGE ( 'NONE', *, *, #155, .F. ) ;
#591 = DIRECTION ( 'NONE',  ( -0.000000000000000000, 1.000000000000000000, -0.000000000000000000 ) ) ;
#592 = UNCERTAINTY_MEASURE_WITH_UNIT (LENGTH_MEASURE( 1.000000000000000082E-05 ), #1091, 'distance_accuracy_value', 'NONE');
#593 = ADVANCED_FACE ( 'NONE', ( #782 ), #1712, .T. ) ;
#594 = CLOSED_SHELL ( 'NONE', ( #1643, #593, #420, #1672, #887, #533, #390, #697, #764, #102, #833, #1357, #184, #1487, #616, #1230, #464, #1431, #493, #656, #1027, #107, #547, #1127, #1553, #85, #341, #772, #264, #1060, #1624, #27, #1677, #1023, #925, #778, #944, #670, #898, #1713, #399, #513, #970, #512 ) ) ;
#595 = CARTESIAN_POINT ( 'NONE',  ( 114.9999999999999858, -9.963860513228519622, 118.7451005032975075 ) ) ;
#596 = ORIENTED_EDGE ( 'NONE', *, *, #850, .F. ) ;
#597 = CARTESIAN_POINT ( 'NONE',  ( 119.0000000000000000, -9.824177435261558955, 114.7451005032975218 ) ) ;
#598 = EDGE_LOOP ( 'NONE', ( #1371, #424, #368, #1189 ) ) ;
#599 = SURFACE_STYLE_FILL_AREA ( #1136 ) ;
#600 = CARTESIAN_POINT ( 'NONE',  ( 5.000000000000001776, -10.00000000000000178, 114.7800000000000296 ) ) ;
#601 = DIRECTION ( 'NONE',  ( 0.000000000000000000, 0.000000000000000000, -1.000000000000000000 ) ) ;
#602 = DIRECTION ( 'NONE',  ( -1.223900777406162221E-16, 0.9993908270190959842, 0.03489949670249382213 ) ) ;
#603 = PRESENTATION_STYLE_ASSIGNMENT (( #879 ) ) ;
#604 = SURFACE_SIDE_STYLE ('',( #968 ) ) ;
#605 = VERTEX_POINT ( 'NONE', #660 ) ;
#606 = CARTESIAN_POINT ( 'NONE',  ( 114.9999999999999858, -5.850892282491316543, 0.9651005032975060738 ) ) ;
#607 = ORIENTED_EDGE ( 'NONE', *, *, #1199, .T. ) ;
#608 =( NAMED_UNIT ( * ) SI_UNIT ( $, .STERADIAN. ) SOLID_ANGLE_UNIT ( ) );
#609 = DIRECTION ( 'NONE',  ( 1.000000000000000000, 0.000000000000000000, -0.000000000000000000 ) ) ;
#610 = SURFACE_SIDE_STYLE ('',( #1252 ) ) ;
#611 = EDGE_CURVE ( 'NONE', #113, #81, #16, .T. ) ;
#612 = AXIS2_PLACEMENT_3D ( 'NONE', #377, #87, #1444 ) ;
#613 = SURFACE_STYLE_FILL_AREA ( #1141 ) ;
#614 = SURFACE_STYLE_FILL_AREA ( #254 ) ;
#615 = VERTEX_POINT ( 'NONE', #285 ) ;
#616 = ADVANCED_FACE ( 'NONE', ( #541 ), #1069, .F. ) ;
#617 = CYLINDRICAL_SURFACE ( 'NONE', #866, 1.000000000000000444 ) ;
#618 = AXIS2_PLACEMENT_3D ( 'NONE', #1508, #177, #1517 ) ;
#619 = CARTESIAN_POINT ( 'NONE',  ( 5.000000000000000888, -5.492098664228469929, 5.017449748351253014 ) ) ;
#620 = AXIS2_PLACEMENT_3D ( 'NONE', #173, #1639, #733 ) ;
#621 = CARTESIAN_POINT ( 'NONE',  ( 56.49029120973553830, -8.040521044880346579, 63.66786433863941141 ) ) ;
#622 = ORIENTED_EDGE ( 'NONE', *, *, #1525, .T. ) ;
#623 =( NAMED_UNIT ( * ) PLANE_ANGLE_UNIT ( ) SI_UNIT ( $, .RADIAN. ) );
#624 = DIRECTION ( 'NONE',  ( 1.000000000000000000, 1.224646799147353454E-16, 1.047871303089074873E-36 ) ) ;
#625 = DIRECTION ( 'NONE',  ( 1.000000000000000000, 1.180415653192696398E-16, 1.266614298551427885E-16 ) ) ;
#626 = AXIS2_PLACEMENT_3D ( 'NONE', #865, #609, #1213 ) ;
#627 = CARTESIAN_POINT ( 'NONE',  ( -1.000000000000015543, -1.199999999999999734, 118.0830341037143114 ) ) ;
#628 = CARTESIAN_POINT ( 'NONE',  ( 120.0000000000000000, 0.000000000000000000, 5.000000000000004441 ) ) ;
#629 = PRESENTATION_LAYER_ASSIGNMENT (  '', '', ( #1451 ) ) ;
#630 = EDGE_LOOP ( 'NONE', ( #1076, #1482 ) ) ;
#631 = CARTESIAN_POINT ( 'NONE',  ( 5.000000000000000888, -10.00000000000000000, 119.7800000000000011 ) ) ;
#632 = SURFACE_STYLE_USAGE ( .BOTH. , #1435 ) ;
#633 = ORIENTED_EDGE ( 'NONE', *, *, #740, .F. ) ;
#634 = CARTESIAN_POINT ( 'NONE',  ( 51.22417787442233106, -8.016449019720830904, 62.97853172913865905 ) ) ;
#635 = CARTESIAN_POINT ( 'NONE',  ( 54.00000000000000000, -10.00000000000000178, 62.25000000000000000 ) ) ;
#636 = CARTESIAN_POINT ( 'NONE',  ( 53.99999999999999289, -8.089922965551757272, 65.08255025164874041 ) ) ;
#637 = EDGE_LOOP ( 'NONE', ( #1647, #1696 ) ) ;
#638 = FACE_OUTER_BOUND ( 'NONE', #157, .T. ) ;
#639 = DIRECTION ( 'NONE',  ( 0.000000000000000000, -1.000000000000000000, 0.000000000000000000 ) ) ;
#640 = ORIENTED_EDGE ( 'NONE', *, *, #296, .T. ) ;
#641 = DIRECTION ( 'NONE',  ( -1.223900777406162221E-16, 0.9993908270190959842, 0.03489949670249382213 ) ) ;
#642 = EDGE_CURVE ( 'NONE', #1589, #98, #236, .T. ) ;
#643 = DIRECTION ( 'NONE',  ( 1.000000000000000000, 0.000000000000000000, -0.000000000000000000 ) ) ;
#644 = CARTESIAN_POINT ( 'NONE',  ( 54.00000000000000711, -7.890874579448836634, 59.38255025164875889 ) ) ;
#645 = ORIENTED_EDGE ( 'NONE', *, *, #78, .F. ) ;
#646 = TOROIDAL_SURFACE ( 'NONE', #807, 3.500000000000001332, 0.5000000000000000000 ) ;
#647 = DIRECTION ( 'NONE',  ( -0.000000000000000000, 1.000000000000000000, -0.000000000000000000 ) ) ;
#648 = CARTESIAN_POINT ( 'NONE',  ( 114.9999999999999858, -9.325700739031738351, 114.7974497483512835 ) ) ;
#649 = STYLED_ITEM ( 'NONE', ( #1087 ), #1170 ) ;
#650 = CARTESIAN_POINT ( 'NONE',  ( 56.28883578775766949, -7.464653111770197746, 61.63489246593051263 ) ) ;
#651 = CIRCLE ( 'NONE', #1490, 2.349999999999990763 ) ;
#652 = EDGE_LOOP ( 'NONE', ( #1676, #1061 ) ) ;
#653 =( GEOMETRIC_REPRESENTATION_CONTEXT ( 3 ) GLOBAL_UNCERTAINTY_ASSIGNED_CONTEXT ( ( #822 ) ) GLOBAL_UNIT_ASSIGNED_CONTEXT ( ( #1088, #1492, #412 ) ) REPRESENTATION_CONTEXT ( 'NONE', 'WORKASPACE' ) );
#654 = CARTESIAN_POINT ( 'NONE',  ( 5.000000000000001776, -9.325700739031752562, 114.7974497483512835 ) ) ;
#655 = CARTESIAN_POINT ( 'NONE',  ( 120.0000000000000000, -5.850892282491316543, 0.9651005032975251696 ) ) ;
#656 = ADVANCED_FACE ( 'NONE', ( #1506 ), #940, .F. ) ;
#657 = SURFACE_SIDE_STYLE ('',( #614 ) ) ;
#658 = VERTEX_POINT ( 'NONE', #427 ) ;
#659 = DIRECTION ( 'NONE',  ( -4.273955692856267428E-18, 0.03489949670249382213, -0.9993908270190959842 ) ) ;
#660 = CARTESIAN_POINT ( 'NONE',  ( 5.000000000000000000, -1.199999999999999734, 118.0830341037143256 ) ) ;
#661 = CARTESIAN_POINT ( 'NONE',  ( 55.87921707517488557, -7.429541092403918690, 60.80581520359812231 ) ) ;
#662 = CARTESIAN_POINT ( 'NONE',  ( 53.25401852250545431, -8.087332617097668930, 65.00837237722640793 ) ) ;
#663 =( BOUNDED_CURVE ( )  B_SPLINE_CURVE ( 3, ( #20, #545, #811, #1235 ),
 .UNSPECIFIED., .F., .T. ) 
 B_SPLINE_CURVE_WITH_KNOTS ( ( 4, 4 ),
 ( 3.141592653589796669, 6.283185307179586232 ),
 .UNSPECIFIED. ) 
 CURVE ( )  GEOMETRIC_REPRESENTATION_ITEM ( )  RATIONAL_B_SPLINE_CURVE ( ( 1.000000000000000000, 0.3333333333333345916, 0.3333333333333345916, 1.000000000000000000 ) ) 
 REPRESENTATION_ITEM ( '' )  );
#664 = DIRECTION ( 'NONE',  ( 1.000000000000000000, 0.000000000000000000, 0.000000000000000000 ) ) ;
#665 = CARTESIAN_POINT ( 'NONE',  ( 54.00000000000000711, -7.890874579448836634, 59.38255025164875889 ) ) ;
#666 = ORIENTED_EDGE ( 'NONE', *, *, #1085, .T. ) ;
#667 = CARTESIAN_POINT ( 'NONE',  ( 3.682375189993650988, -9.995395347801077079, 119.6481400132635713 ) ) ;
#668 = DIRECTION ( 'NONE',  ( -1.224646799147353454E-16, 1.000000000000000000, 0.000000000000000000 ) ) ;
#669 = DIRECTION ( 'NONE',  ( 1.000000000000000000, 0.000000000000000000, 0.000000000000000000 ) ) ;
#670 = ADVANCED_FACE ( 'NONE', ( #815 ), #307, .T. ) ;
#671 = ORIENTED_EDGE ( 'NONE', *, *, #199, .T. ) ;
#672 = CIRCLE ( 'NONE', #63, 0.4999999999999995559 ) ;
#673 = CARTESIAN_POINT ( 'NONE',  ( 118.9819815782779244, -5.883764875941537298, 1.906448415408463770 ) ) ;
#674 = STYLED_ITEM ( 'NONE', ( #198 ), #341 ) ;
#675 = ORIENTED_EDGE ( 'NONE', *, *, #218, .F. ) ;
#676 = LINE ( 'NONE', #1223, #212 ) ;
#677 = FILL_AREA_STYLE_COLOUR ( '', #1048 ) ;
#678 = SURFACE_STYLE_FILL_AREA ( #1481 ) ;
#679 = VERTEX_POINT ( 'NONE', #1615 ) ;
#680 = CARTESIAN_POINT ( 'NONE',  ( 116.3004445975391121, -5.821678680457131883, 0.1285323961001013093 ) ) ;
#681 = DIRECTION ( 'NONE',  ( 0.000000000000000000, 0.03489949670249394009, -0.9993908270190959842 ) ) ;
#682 = DIRECTION ( 'NONE',  ( 0.000000000000000000, -0.03489949670249402336, 0.9993908270190959842 ) ) ;
#683 = DIRECTION ( 'NONE',  ( -0.000000000000000000, 1.000000000000000000, -0.000000000000000000 ) ) ;
#684 = ORIENTED_EDGE ( 'NONE', *, *, #1406, .T. ) ;
#685 = EDGE_LOOP ( 'NONE', ( #189, #1518, #213, #684, #459, #1502, #690, #1507 ) ) ;
#686 = EDGE_CURVE ( 'NONE', #187, #1104, #1608, .T. ) ;
#687 = PLANE ( 'NONE',  #1148 ) ;
#688 = CARTESIAN_POINT ( 'NONE',  ( 114.9999999999999858, -10.00000000000000178, 113.0800000000000409 ) ) ;
#689 = CARTESIAN_POINT ( 'NONE',  ( 116.3087394280931477, -4.855137032179305479, 0.1301366192666279231 ) ) ;
#690 = ORIENTED_EDGE ( 'NONE', *, *, #1377, .T. ) ;
#691 = CIRCLE ( 'NONE', #1332, 1.000000000000000444 ) ;
#692 = AXIS2_PLACEMENT_3D ( 'NONE', #1461, #1335, #256 ) ;
#693 = DIRECTION ( 'NONE',  ( -7.703719777548942557E-34, -0.03489949670249381519, 0.9993908270190958731 ) ) ;
#694 = PRESENTATION_STYLE_ASSIGNMENT (( #703 ) ) ;
#695 =( GEOMETRIC_REPRESENTATION_CONTEXT ( 3 ) GLOBAL_UNCERTAINTY_ASSIGNED_CONTEXT ( ( #1268 ) ) GLOBAL_UNIT_ASSIGNED_CONTEXT ( ( #348, #623, #608 ) ) REPRESENTATION_CONTEXT ( 'NONE', 'WORKASPACE' ) );
#696 = PRODUCT_DEFINITION_FORMATION_WITH_SPECIFIED_SOURCE ( 'ANY', '', #745, .NOT_KNOWN. ) ;
#697 = ADVANCED_FACE ( 'NONE', ( #1232 ), #554, .F. ) ;
#698 = EDGE_LOOP ( 'NONE', ( #1627, #1244, #1283, #245 ) ) ;
#699 = UNCERTAINTY_MEASURE_WITH_UNIT (LENGTH_MEASURE( 1.000000000000000082E-05 ), #233, 'distance_accuracy_value', 'NONE');
#700 = FACE_OUTER_BOUND ( 'NONE', #698, .T. ) ;
#701 = CARTESIAN_POINT ( 'NONE',  ( 4.340633889090064201, -9.999999999999541700, 119.7799999999818539 ) ) ;
#702 = ORIENTED_EDGE ( 'NONE', *, *, #1031, .F. ) ;
#703 = SURFACE_STYLE_USAGE ( .BOTH. , #719 ) ;
#704 = CIRCLE ( 'NONE', #104, 0.5000000000000004441 ) ;
#705 = FILL_AREA_STYLE ('',( #1535 ) ) ;
#706 = SURFACE_STYLE_USAGE ( .BOTH. , #567 ) ;
#707 = FACE_OUTER_BOUND ( 'NONE', #637, .T. ) ;
#708 = EDGE_CURVE ( 'NONE', #1222, #1509, #1684, .T. ) ;
#709 = CARTESIAN_POINT ( 'NONE',  ( 114.9999999999999858, -9.325700739031738351, 114.7974497483512835 ) ) ;
#710 = ORIENTED_EDGE ( 'NONE', *, *, #409, .F. ) ;
#711 = CARTESIAN_POINT ( 'NONE',  ( 121.0000000000000142, -1.199999999999999956, 112.0793768379214583 ) ) ;
#712 =( NAMED_UNIT ( * ) PLANE_ANGLE_UNIT ( ) SI_UNIT ( $, .RADIAN. ) );
#713 = CARTESIAN_POINT ( 'NONE',  ( 114.9999999999999858, 0.000000000000000000, 119.7800000000000011 ) ) ;
#714 = CARTESIAN_POINT ( 'NONE',  ( 5.000000000000001776, -5.817190230279313923, 4.445228907190568179E-15 ) ) ;
#715 = ORIENTED_EDGE ( 'NONE', *, *, #1140, .F. ) ;
#716 = DIRECTION ( 'NONE',  ( 0.000000000000000000, 0.9993908270190962062, 0.03489949670248958247 ) ) ;
#717 = EDGE_CURVE ( 'NONE', #941, #1017, #67, .T. ) ;
#718 = VERTEX_POINT ( 'NONE', #318 ) ;
#719 = SURFACE_SIDE_STYLE ('',( #565 ) ) ;
#720 = LINE ( 'NONE', #1663, #1100 ) ;
#721 = VECTOR ( 'NONE', #1426, 1000.000000000000000 ) ;
#722 = VECTOR ( 'NONE', #841, 1000.000000000000000 ) ;
#723 = AXIS2_PLACEMENT_3D ( 'NONE', #1058, #257, #927 ) ;
#724 = AXIS2_PLACEMENT_3D ( 'NONE', #860, #1115, #1404 ) ;
#725 = FACE_BOUND ( 'NONE', #352, .T. ) ;
#726 = FILL_AREA_STYLE_COLOUR ( '', #1300 ) ;
#727 = CARTESIAN_POINT ( 'NONE',  ( 119.8698633807368594, -8.861348358557037841, 116.0887394280847218 ) ) ;
#728 = ORIENTED_EDGE ( 'NONE', *, *, #214, .F. ) ;
#729 = CARTESIAN_POINT ( 'NONE',  ( 51.65228939589375301, -7.979629262223262742, 61.92415182763266301 ) ) ;
#730 = UNCERTAINTY_MEASURE_WITH_UNIT (LENGTH_MEASURE( 1.000000000000000082E-05 ), #573, 'distance_accuracy_value', 'NONE');
#731 = SURFACE_STYLE_USAGE ( .BOTH. , #610 ) ;
#732 = DIRECTION ( 'NONE',  ( 0.000000000000000000, -0.000000000000000000, -1.000000000000000000 ) ) ;
#733 = DIRECTION ( 'NONE',  ( 0.000000000000000000, 0.000000000000000000, -1.000000000000000000 ) ) ;
#734 = ORIENTED_EDGE ( 'NONE', *, *, #522, .F. ) ;
#735 = CARTESIAN_POINT ( 'NONE',  ( 0.000000000000000000, 0.000000000000000000, 0.000000000000000000 ) ) ;
#736 = CARTESIAN_POINT ( 'NONE',  ( 54.37313138474880958, -8.089922965551577860, 65.08255025164358187 ) ) ;
#737 = VERTEX_POINT ( 'NONE', #448 ) ;
#738 = FACE_OUTER_BOUND ( 'NONE', #26, .T. ) ;
#739 = CARTESIAN_POINT ( 'NONE',  ( 1.000000000000001110, -9.824177435261573166, 114.7451005032975075 ) ) ;
#740 = EDGE_CURVE ( 'NONE', #1028, #1021, #903, .T. ) ;
#741 = FILL_AREA_STYLE ('',( #238 ) ) ;
#742 = CARTESIAN_POINT ( 'NONE',  ( 1.000000000000001332, -5.908750907819262821, 2.621954752789889653 ) ) ;
#743 = CARTESIAN_POINT ( 'NONE',  ( 1.001665792826990309, -4.905342755904060326, 1.927266395307540403 ) ) ;
#744 = ORIENTED_EDGE ( 'NONE', *, *, #274, .T. ) ;
#745 = PRODUCT ( 'Base', 'Base', '', ( #328 ) ) ;
#746 = CARTESIAN_POINT ( 'NONE',  ( 1.100765132380642807E-15, -8.988429424280029778, 119.4661171279819456 ) ) ;
#747 = CARTESIAN_POINT ( 'NONE',  ( 55.75145815733794308, -8.069984969511040163, 64.51160074707283343 ) ) ;
#748 = ORIENTED_EDGE ( 'NONE', *, *, #568, .F. ) ;
#749 = CARTESIAN_POINT ( 'NONE',  ( 52.82478278378629710, -7.919147908587026663, 60.19219246604001938 ) ) ;
#750 = EDGE_CURVE ( 'NONE', #658, #844, #574, .T. ) ;
#751 = DIRECTION ( 'NONE',  ( 0.000000000000000000, 1.000000000000000000, 0.000000000000000000 ) ) ;
#752 = VECTOR ( 'NONE', #883, 1000.000000000000000 ) ;
#753 = AXIS2_PLACEMENT_3D ( 'NONE', #15, #804, #540 ) ;
#754 = CYLINDRICAL_SURFACE ( 'NONE', #235, 1.699999999999993072 ) ;
#755 = MECHANICAL_DESIGN_GEOMETRIC_PRESENTATION_REPRESENTATION (  '', ( #1682 ), #952 ) ;
#756 = CARTESIAN_POINT ( 'NONE',  ( 53.99999999999999289, -8.089922965551757272, 65.08255025164874041 ) ) ;
#757 = ORIENTED_EDGE ( 'NONE', *, *, #1264, .F. ) ;
#758 = VECTOR ( 'NONE', #560, 1000.000000000000000 ) ;
#759 = DIRECTION ( 'NONE',  ( -1.223900777406161974E-16, 0.9993908270190959842, 0.03489949670249382213 ) ) ;
#760 =( NAMED_UNIT ( * ) SI_UNIT ( $, .STERADIAN. ) SOLID_ANGLE_UNIT ( ) );
#761 = CIRCLE ( 'NONE', #14, 3.500000000000001332 ) ;
#762 = ORIENTED_EDGE ( 'NONE', *, *, #335, .T. ) ;
#763 = CARTESIAN_POINT ( 'NONE',  ( 0.9845988260498075295, -9.931939087127588550, 117.8309904602294722 ) ) ;
#764 = ADVANCED_FACE ( 'NONE', ( #47 ), #1253, .F. ) ;
#765 = CARTESIAN_POINT ( 'NONE',  ( 5.000000000000000000, 6.123233995736767268E-16, 5.000000000000004441 ) ) ;
#766 = CARTESIAN_POINT ( 'NONE',  ( 54.00000000000000000, -7.590227552042210668, 64.59999999999999432 ) ) ;
#767 =( GEOMETRIC_REPRESENTATION_CONTEXT ( 3 ) GLOBAL_UNCERTAINTY_ASSIGNED_CONTEXT ( ( #1241 ) ) GLOBAL_UNIT_ASSIGNED_CONTEXT ( ( #1280, #84, #485 ) ) REPRESENTATION_CONTEXT ( 'NONE', 'WORKASPACE' ) );
#768 = EDGE_LOOP ( 'NONE', ( #1598, #151, #1286, #288 ) ) ;
#769 = FACE_BOUND ( 'NONE', #54, .T. ) ;
#770 = CARTESIAN_POINT ( 'NONE',  ( 1.080724667294257665E-15, -8.824786608242474628, 114.7799999999999869 ) ) ;
#771 = CARTESIAN_POINT ( 'NONE',  ( 56.34999999999999432, -7.503731045129744537, 62.55761427435881217 ) ) ;
#772 = ADVANCED_FACE ( 'NONE', ( #707, #53 ), #988, .T. ) ;
#773 = EDGE_LOOP ( 'NONE', ( #1621, #1110, #1049, #1256, #728 ) ) ;
#774 = CYLINDRICAL_SURFACE ( 'NONE', #1215, 5.000000000000000000 ) ;
#775 = ORIENTED_EDGE ( 'NONE', *, *, #37, .T. ) ;
#776 = CARTESIAN_POINT ( 'NONE',  ( 5.000000000000000000, -1.199999999999999734, 8.169161769337048185 ) ) ;
#777 = DIRECTION ( 'NONE',  ( 0.000000000000000000, 0.000000000000000000, -1.000000000000000000 ) ) ;
#778 = ADVANCED_FACE ( 'NONE', ( #1665 ), #419, .T. ) ;
#779 = CARTESIAN_POINT ( 'NONE',  ( 8.673617379884035472E-16, -8.824786608242476404, 114.7799999999999869 ) ) ;
#780 = VECTOR ( 'NONE', #1697, 1000.000000000000000 ) ;
#781 = DIRECTION ( 'NONE',  ( -1.161086396549150853E-32, -0.03489949670249381519, 0.9993908270190959842 ) ) ;
#782 = FACE_OUTER_BOUND ( 'NONE', #768, .T. ) ;
#783 = AXIS2_PLACEMENT_3D ( 'NONE', #814, #939, #682 ) ;
#784 = AXIS2_PLACEMENT_3D ( 'NONE', #1361, #681, #1063 ) ;
#785 = PRESENTATION_LAYER_ASSIGNMENT (  '', '', ( #263 ) ) ;
#786 =( GEOMETRIC_REPRESENTATION_CONTEXT ( 3 ) GLOBAL_UNCERTAINTY_ASSIGNED_CONTEXT ( ( #165 ) ) GLOBAL_UNIT_ASSIGNED_CONTEXT ( ( #164, #435, #5 ) ) REPRESENTATION_CONTEXT ( 'NONE', 'WORKASPACE' ) );
#787 = CARTESIAN_POINT ( 'NONE',  ( 2.541813116246075310, -9.935877361021278276, 117.9437678690359661 ) ) ;
#788 = DIRECTION ( 'NONE',  ( -1.907499080045036575E-32, -0.03489949670249381519, 0.9993908270190959842 ) ) ;
#789 = PRESENTATION_STYLE_ASSIGNMENT (( #266 ) ) ;
#790 = DIRECTION ( 'NONE',  ( -1.000000000000000000, 4.276560858182262486E-18, -3.629394272165003131E-15 ) ) ;
#791 = FACE_OUTER_BOUND ( 'NONE', #83, .T. ) ;
#792 = CARTESIAN_POINT ( 'NONE',  ( 114.9999999999999858, -9.430399229139220907, 117.7956222294085791 ) ) ;
#793 = AXIS2_PLACEMENT_3D ( 'NONE', #300, #1511, #601 ) ;
#794 = CARTESIAN_POINT ( 'NONE',  ( 1.220295590641721716E-15, -9.964469686209437072, 118.7800000000000011 ) ) ;
#795 = VERTEX_POINT ( 'NONE', #756 ) ;
#796 = CARTESIAN_POINT ( 'NONE',  ( 3.953008457524707531, -9.960224936521548500, 118.6409912078867137 ) ) ;
#797 =( NAMED_UNIT ( * ) PLANE_ANGLE_UNIT ( ) SI_UNIT ( $, .RADIAN. ) );
#798 = DIRECTION ( 'NONE',  ( -0.000000000000000000, 1.000000000000000000, -0.000000000000000000 ) ) ;
#799 = DIRECTION ( 'NONE',  ( 0.000000000000000000, 0.000000000000000000, 1.000000000000000000 ) ) ;
#800 = DIRECTION ( 'NONE',  ( -0.000000000000000000, 1.000000000000000000, -0.000000000000000000 ) ) ;
#801 = CARTESIAN_POINT ( 'NONE',  ( 55.75145815733892363, -7.910812575489501342, 59.95349975622306715 ) ) ;
#802 = VERTEX_POINT ( 'NONE', #628 ) ;
#803 = CARTESIAN_POINT ( 'NONE',  ( 119.3541457412630535, -5.902992970855948762, 2.457069011525432334 ) ) ;
#804 = DIRECTION ( 'NONE',  ( 3.027048811479570967E-17, 0.03489949670249394703, -0.9993908270190959842 ) ) ;
#805 = CARTESIAN_POINT ( 'NONE',  ( 5.941375728502796530E-16, -4.851501455472233104, 1.000000000000000000 ) ) ;
#806 = ORIENTED_EDGE ( 'NONE', *, *, #1002, .T. ) ;
#807 = AXIS2_PLACEMENT_3D ( 'NONE', #1706, #91, #781 ) ;
#808 = AXIS2_PLACEMENT_3D ( 'NONE', #1614, #1475, #284 ) ;
#809 = CARTESIAN_POINT ( 'NONE',  ( 117.5180948955577662, -4.869131361155351279, 0.6310680556205314762 ) ) ;
#810 = AXIS2_PLACEMENT_3D ( 'NONE', #648, #1570, #491 ) ;
#811 = CARTESIAN_POINT ( 'NONE',  ( 10.99999999999999289, -1.199999999999999956, 2.165504503544138259 ) ) ;
#812 = ORIENTED_EDGE ( 'NONE', *, *, #1564, .F. ) ;
#813 = EDGE_CURVE ( 'NONE', #795, #1585, #947, .T. ) ;
#814 = CARTESIAN_POINT ( 'NONE',  ( 114.9999999999999858, -9.825396152541285844, 114.7800000000000296 ) ) ;
#815 = FACE_OUTER_BOUND ( 'NONE', #1622, .T. ) ;
#816 = ORIENTED_EDGE ( 'NONE', *, *, #1055, .F. ) ;
#817 = COLOUR_RGB ( '',0.000000000000000000, 0.000000000000000000, 0.000000000000000000 ) ;
#818 = CARTESIAN_POINT ( 'NONE',  ( 119.9954410775572882, -5.967772411434451918, 4.312109479349198971 ) ) ;
#819 = EDGE_CURVE ( 'NONE', #555, #658, #1321, .T. ) ;
#820 = COLOUR_RGB ( '',0.000000000000000000, 0.000000000000000000, 0.000000000000000000 ) ;
#821 = ORIENTED_EDGE ( 'NONE', *, *, #611, .T. ) ;
#822 = UNCERTAINTY_MEASURE_WITH_UNIT (LENGTH_MEASURE( 1.000000000000000082E-05 ), #1088, 'distance_accuracy_value', 'NONE');
#823 = CARTESIAN_POINT ( 'NONE',  ( 1.000000000000001332, -9.906001887900600877, 117.0882462538051385 ) ) ;
#824 = EDGE_LOOP ( 'NONE', ( #1185, #1594, #1610, #762 ) ) ;
#825 = EDGE_CURVE ( 'NONE', #1364, #718, #761, .T. ) ;
#826 = CARTESIAN_POINT ( 'NONE',  ( 54.00000000000000711, -7.890874579448836634, 59.38255025164875889 ) ) ;
#827 = DIRECTION ( 'NONE',  ( 0.000000000000000000, 1.000000000000000000, 0.000000000000000000 ) ) ;
#828 =( NAMED_UNIT ( * ) SI_UNIT ( $, .STERADIAN. ) SOLID_ANGLE_UNIT ( ) );
#829 = FACE_OUTER_BOUND ( 'NONE', #536, .T. ) ;
#830 = DIRECTION ( 'NONE',  ( -1.000000000000000000, -1.224646799147353454E-16, 0.000000000000000000 ) ) ;
#831 = VERTEX_POINT ( 'NONE', #1024 ) ;
#832 = CARTESIAN_POINT ( 'NONE',  ( 4.345383530939768590, -8.964469686208529353, 119.7800000000000011 ) ) ;
#833 = ADVANCED_FACE ( 'NONE', ( #1303 ), #1566, .F. ) ;
#834 = CIRCLE ( 'NONE', #1378, 0.5000000000000004441 ) ;
#835 = ORIENTED_EDGE ( 'NONE', *, *, #301, .T. ) ;
#836 = PRESENTATION_LAYER_ASSIGNMENT (  '', '', ( #1711 ) ) ;
#837 = DIRECTION ( 'NONE',  ( 0.000000000000000000, 0.000000000000000000, 1.000000000000000000 ) ) ;
#838 = AXIS2_PLACEMENT_3D ( 'NONE', #805, #830, #303 ) ;
#839 =( GEOMETRIC_REPRESENTATION_CONTEXT ( 3 ) GLOBAL_UNCERTAINTY_ASSIGNED_CONTEXT ( ( #429 ) ) GLOBAL_UNIT_ASSIGNED_CONTEXT ( ( #109, #504, #1695 ) ) REPRESENTATION_CONTEXT ( 'NONE', 'WORKASPACE' ) );
#840 = EDGE_CURVE ( 'NONE', #1668, #1448, #1297, .T. ) ;
#841 = DIRECTION ( 'NONE',  ( 0.000000000000000000, 1.000000000000000000, -0.000000000000000000 ) ) ;
#842 = ORIENTED_EDGE ( 'NONE', *, *, #332, .T. ) ;
#843 = CARTESIAN_POINT ( 'NONE',  ( 115.6546164690604854, -8.964469686208516919, 119.7800000000000011 ) ) ;
#844 = VERTEX_POINT ( 'NONE', #496 ) ;
#845 =( BOUNDED_CURVE ( )  B_SPLINE_CURVE ( 3, ( #484, #494, #1555, #1158 ),
 .UNSPECIFIED., .F., .T. ) 
 B_SPLINE_CURVE_WITH_KNOTS ( ( 4, 4 ),
 ( 3.962026923598042733E-17, 3.141592653589796669 ),
 .UNSPECIFIED. ) 
 CURVE ( )  GEOMETRIC_REPRESENTATION_ITEM ( )  RATIONAL_B_SPLINE_CURVE ( ( 1.000000000000000000, 0.3333333333333321491, 0.3333333333333321491, 1.000000000000000000 ) ) 
 REPRESENTATION_ITEM ( '' )  );
#846 = AXIS2_PLACEMENT_3D ( 'NONE', #1671, #1376, #847 ) ;
#847 = DIRECTION ( 'NONE',  ( 0.000000000000000000, -0.03489949670249368335, 0.9993908270190959842 ) ) ;
#848 =( GEOMETRIC_REPRESENTATION_CONTEXT ( 3 ) GLOBAL_UNCERTAINTY_ASSIGNED_CONTEXT ( ( #563 ) ) GLOBAL_UNIT_ASSIGNED_CONTEXT ( ( #421, #31, #349 ) ) REPRESENTATION_CONTEXT ( 'NONE', 'WORKASPACE' ) );
#849 = DIRECTION ( 'NONE',  ( 0.000000000000000000, 1.000000000000000000, 0.000000000000000000 ) ) ;
#850 = EDGE_CURVE ( 'NONE', #98, #1589, #897, .T. ) ;
#851 =( NAMED_UNIT ( * ) PLANE_ANGLE_UNIT ( ) SI_UNIT ( $, .RADIAN. ) );
#852 = EDGE_LOOP ( 'NONE', ( #744, #1524, #1470, #1514 ) ) ;
#853 = CARTESIAN_POINT ( 'NONE',  ( 120.0000000000000000, -8.824786608242462194, 114.7800000000000011 ) ) ;
#854 = SHAPE_DEFINITION_REPRESENTATION ( #1669, #59 ) ;
#855 = VERTEX_POINT ( 'NONE', #766 ) ;
#856 = CARTESIAN_POINT ( 'NONE',  ( 114.9999999999999858, -5.850892282491316543, 0.9651005032975060738 ) ) ;
#857 = PRODUCT_DEFINITION_CONTEXT ( 'detailed design', #1428, 'design' ) ;
#858 = CARTESIAN_POINT ( 'NONE',  ( 114.9999999999999858, 0.000000000000000000, 114.7800000000000296 ) ) ;
#859 = CARTESIAN_POINT ( 'NONE',  ( 114.9999999999999858, -9.947544391000015196, 118.2778678945668673 ) ) ;
#860 = CARTESIAN_POINT ( 'NONE',  ( 0.000000000000000000, -1.199999999999999956, 119.7800000000000011 ) ) ;
#861 = ORIENTED_EDGE ( 'NONE', *, *, #871, .T. ) ;
#862 = CARTESIAN_POINT ( 'NONE',  ( 114.9999999999999716, -8.964469686209424637, 119.7800000000000011 ) ) ;
#863 = ORIENTED_EDGE ( 'NONE', *, *, #956, .F. ) ;
#864 = CARTESIAN_POINT ( 'NONE',  ( 53.25401852250558932, -7.893464927903013795, 59.45672812607362090 ) ) ;
#865 = CARTESIAN_POINT ( 'NONE',  ( 5.000000000000000888, -8.964469686209437072, 118.7800000000000011 ) ) ;
#866 = AXIS2_PLACEMENT_3D ( 'NONE', #242, #659, #119 ) ;
#867 =( GEOMETRIC_REPRESENTATION_CONTEXT ( 3 ) GLOBAL_UNCERTAINTY_ASSIGNED_CONTEXT ( ( #1528 ) ) GLOBAL_UNIT_ASSIGNED_CONTEXT ( ( #955, #553, #934 ) ) REPRESENTATION_CONTEXT ( 'NONE', 'WORKASPACE' ) );
#868 = AXIS2_PLACEMENT_3D ( 'NONE', #905, #120, #243 ) ;
#869 = FACE_OUTER_BOUND ( 'NONE', #630, .T. ) ;
#870 =( GEOMETRIC_REPRESENTATION_CONTEXT ( 3 ) GLOBAL_UNCERTAINTY_ASSIGNED_CONTEXT ( ( #453 ) ) GLOBAL_UNIT_ASSIGNED_CONTEXT ( ( #220, #1579, #1175 ) ) REPRESENTATION_CONTEXT ( 'NONE', 'WORKASPACE' ) );
#871 = EDGE_CURVE ( 'NONE', #961, #1274, #398, .T. ) ;
#872 = LINE ( 'NONE', #1638, #758 ) ;
#873 = CARTESIAN_POINT ( 'NONE',  ( 4.999999999999999112, 8.481965864587214909, 115.4193071690020247 ) ) ;
#874 = LINE ( 'NONE', #735, #1407 ) ;
#875 = EDGE_LOOP ( 'NONE', ( #167, #812, #633, #1327 ) ) ;
#876 = EDGE_CURVE ( 'NONE', #1154, #110, #201, .T. ) ;
#877 = CARTESIAN_POINT ( 'NONE',  ( 53.69470361960633653, -7.908944322835214535, 59.90000000000388525 ) ) ;
#878 = CARTESIAN_POINT ( 'NONE',  ( 10.99999999999997158, -1.199999999999999956, 118.0830341037143256 ) ) ;
#879 = SURFACE_STYLE_USAGE ( .BOTH. , #915 ) ;
#880 = APPLICATION_CONTEXT ( 'automotive_design' ) ;
#881 = CARTESIAN_POINT ( 'NONE',  ( 8.673617379884035472E-16, -5.990575360458292309, 4.965100503297517953 ) ) ;
#882 = ORIENTED_EDGE ( 'NONE', *, *, #946, .F. ) ;
#883 = DIRECTION ( 'NONE',  ( 1.224646799147353454E-16, -1.000000000000000000, 0.000000000000000000 ) ) ;
#884 = EDGE_CURVE ( 'NONE', #855, #795, #834, .T. ) ;
#885 = CARTESIAN_POINT ( 'NONE',  ( 117.3431457505076310, -5.850892282491317431, 0.9651005032975186193 ) ) ;
#886 = FACE_OUTER_BOUND ( 'NONE', #1236, .T. ) ;
#887 = ADVANCED_FACE ( 'NONE', ( #3 ), #1064, .T. ) ;
#888 = CARTESIAN_POINT ( 'NONE',  ( 114.9999999999999858, -1.199999999999999734, 116.4800000000000324 ) ) ;
#889 = CARTESIAN_POINT ( 'NONE',  ( 120.0000000000000000, -8.824786608242462194, 114.7799999999999869 ) ) ;
#890 = ORIENTED_EDGE ( 'NONE', *, *, #1701, .T. ) ;
#891 = FACE_OUTER_BOUND ( 'NONE', #916, .T. ) ;
#892 = SURFACE_STYLE_FILL_AREA ( #1040 ) ;
#893 = CARTESIAN_POINT ( 'NONE',  ( 56.84999999999999432, -7.977371086361248587, 61.85948613168051935 ) ) ;
#894 = VERTEX_POINT ( 'NONE', #1649 ) ;
#895 = CARTESIAN_POINT ( 'NONE',  ( 4.476306824752142255, -9.963860513228027571, 118.7451005032829698 ) ) ;
#896 = FACE_OUTER_BOUND ( 'NONE', #443, .T. ) ;
#897 = CIRCLE ( 'NONE', #1488, 1.700000000000000178 ) ;
#898 = ADVANCED_FACE ( 'NONE', ( #444 ), #449, .T. ) ;
#899 = CARTESIAN_POINT ( 'NONE',  ( 114.9999999999999858, -1.199999999999999734, 112.0793768379213873 ) ) ;
#900 = PRESENTATION_LAYER_ASSIGNMENT (  '', '', ( #10 ) ) ;
#901 = CARTESIAN_POINT ( 'NONE',  ( 8.673617379884035472E-16, -4.991184533439196436, 5.000000000000012434 ) ) ;
#902 = EDGE_LOOP ( 'NONE', ( #1072, #1617, #671, #13 ) ) ;
#903 = CIRCLE ( 'NONE', #930, 1.000000000000000000 ) ;
#904 = CARTESIAN_POINT ( 'NONE',  ( 5.000000000000001776, -1.199999999999999734, 114.7800000000000296 ) ) ;
#905 = CARTESIAN_POINT ( 'NONE',  ( 54.00000000000000000, -10.00000000000000178, 62.25000000000000000 ) ) ;
#906 = ORIENTED_EDGE ( 'NONE', *, *, #1525, .F. ) ;
#907 = CARTESIAN_POINT ( 'NONE',  ( 53.99999999999999289, -7.590227552042210668, 64.59999999999999432 ) ) ;
#908 = CARTESIAN_POINT ( 'NONE',  ( 5.000000000000000000, 0.000000000000000000, 119.7800000000000011 ) ) ;
#909 = CARTESIAN_POINT ( 'NONE',  ( 1.801332634261660459, -5.904733582923101132, 2.506913619543586602 ) ) ;
#910 = VECTOR ( 'NONE', #1613, 1000.000000000000227 ) ;
#911 = ORIENTED_EDGE ( 'NONE', *, *, #30, .T. ) ;
#912 = CARTESIAN_POINT ( 'NONE',  ( 5.000000000000000000, 6.123233995736767268E-16, 114.7799999999999869 ) ) ;
#913 = CARTESIAN_POINT ( 'NONE',  ( 54.30766973830163380, -7.391179165939613327, 59.89999999999999858 ) ) ;
#914 = CARTESIAN_POINT ( 'NONE',  ( 53.38024878559858166, -8.070900849430081792, 64.53782811642699357 ) ) ;
#915 = SURFACE_SIDE_STYLE ('',( #613 ) ) ;
#916 = EDGE_LOOP ( 'NONE', ( #1380, #1106 ) ) ;
#917 = CARTESIAN_POINT ( 'NONE',  ( 114.9999999999999858, -9.221002248924255795, 111.7992772672939878 ) ) ;
#918 = CARTESIAN_POINT ( 'NONE',  ( 114.9999999999999858, 8.586664354694709900, 112.4211346879447149 ) ) ;
#919 = ORIENTED_EDGE ( 'NONE', *, *, #1529, .T. ) ;
#920 = CARTESIAN_POINT ( 'NONE',  ( 1.504854444497937482, -9.894524484386652219, 116.7595764197493367 ) ) ;
#921 = CARTESIAN_POINT ( 'NONE',  ( 5.000000000000001776, -9.325700739031752562, 114.7974497483512835 ) ) ;
#922 = DIRECTION ( 'NONE',  ( 0.000000000000000000, 0.000000000000000000, -1.000000000000000000 ) ) ;
#923 = LINE ( 'NONE', #269, #910 ) ;
#924 = CIRCLE ( 'NONE', #508, 1.000000000000000444 ) ;
#925 = ADVANCED_FACE ( 'NONE', ( #1249 ), #1261, .T. ) ;
#926 = FILL_AREA_STYLE_COLOUR ( '', #259 ) ;
#927 = DIRECTION ( 'NONE',  ( 0.000000000000000000, -0.03489949670249391234, 0.9993908270190959842 ) ) ;
#928 = AXIS2_PLACEMENT_3D ( 'NONE', #1723, #1188, #777 ) ;
#929 = VERTEX_POINT ( 'NONE', #1659 ) ;
#930 = AXIS2_PLACEMENT_3D ( 'NONE', #344, #202, #1282 ) ;
#931 = CARTESIAN_POINT ( 'NONE',  ( 1.000000000002273515, -9.842465203918967731, 115.2687936785501392 ) ) ;
#932 = EDGE_CURVE ( 'NONE', #1056, #1169, #369, .T. ) ;
#933 = VECTOR ( 'NONE', #1637, 1000.000000000000000 ) ;
#934 =( NAMED_UNIT ( * ) SI_UNIT ( $, .STERADIAN. ) SOLID_ANGLE_UNIT ( ) );
#935 = CIRCLE ( 'NONE', #1522, 1.700000000000007061 ) ;
#936 = DIRECTION ( 'NONE',  ( 0.000000000000000000, 1.000000000000000000, 0.000000000000000000 ) ) ;
#937 = ORIENTED_EDGE ( 'NONE', *, *, #539, .F. ) ;
#938 = CARTESIAN_POINT ( 'NONE',  ( 120.0000000000000000, -5.990575360458278986, 4.965100503297528611 ) ) ;
#939 = DIRECTION ( 'NONE',  ( -1.223900777406162221E-16, 0.9993908270190959842, 0.03489949670249382213 ) ) ;
#940 = PLANE ( 'NONE',  #1006 ) ;
#941 = VERTEX_POINT ( 'NONE', #215 ) ;
#942 = CARTESIAN_POINT ( 'NONE',  ( 117.0144759164456616, -5.868522188174440934, 1.469954947793477240 ) ) ;
#943 = CARTESIAN_POINT ( 'NONE',  ( 120.0000000000000000, 0.000000000000000000, 119.7800000000000011 ) ) ;
#944 = ADVANCED_FACE ( 'NONE', ( #460 ), #22, .T. ) ;
#945 = CARTESIAN_POINT ( 'NONE',  ( 5.000000000000000888, -1.199999999999999734, 5.000000000000005329 ) ) ;
#946 = EDGE_CURVE ( 'NONE', #373, #1448, #1604, .T. ) ;
#947 =( BOUNDED_CURVE ( )  B_SPLINE_CURVE ( 3, ( #636, #1153, #357, #644 ),
 .UNSPECIFIED., .F., .T. ) 
 B_SPLINE_CURVE_WITH_KNOTS ( ( 4, 4 ),
 ( 3.141592653589794004, 6.283185307179586232 ),
 .UNSPECIFIED. ) 
 CURVE ( )  GEOMETRIC_REPRESENTATION_ITEM ( )  RATIONAL_B_SPLINE_CURVE ( ( 1.000000000000000000, 0.3333333333333337034, 0.3333333333333337034, 1.000000000000000000 ) ) 
 REPRESENTATION_ITEM ( '' )  );
#948 = DIRECTION ( 'NONE',  ( 1.223900777406162221E-16, -0.9993908270190959842, -0.03489949670249382213 ) ) ;
#949 = FILL_AREA_STYLE_COLOUR ( '', #1409 ) ;
#950 = ORIENTED_EDGE ( 'NONE', *, *, #1259, .T. ) ;
#951 =( NAMED_UNIT ( * ) PLANE_ANGLE_UNIT ( ) SI_UNIT ( $, .RADIAN. ) );
#952 =( GEOMETRIC_REPRESENTATION_CONTEXT ( 3 ) GLOBAL_UNCERTAINTY_ASSIGNED_CONTEXT ( ( #699 ) ) GLOBAL_UNIT_ASSIGNED_CONTEXT ( ( #233, #1455, #760 ) ) REPRESENTATION_CONTEXT ( 'NONE', 'WORKASPACE' ) );
#953 = VERTEX_POINT ( 'NONE', #996 ) ;
#954 = EDGE_CURVE ( 'NONE', #1169, #1056, #581, .T. ) ;
#955 =( LENGTH_UNIT ( ) NAMED_UNIT ( * ) SI_UNIT ( .MILLI., .METRE. ) );
#956 = EDGE_CURVE ( 'NONE', #1009, #737, #874, .T. ) ;
#957 = VERTEX_POINT ( 'NONE', #82 ) ;
#958 = CIRCLE ( 'NONE', #181, 0.5000000000000004441 ) ;
#959 = CARTESIAN_POINT ( 'NONE',  ( 114.9999999999999858, -5.817190230279299712, 4.445228907190568179E-15 ) ) ;
#960 = FACE_OUTER_BOUND ( 'NONE', #1229, .T. ) ;
#961 = VERTEX_POINT ( 'NONE', #606 ) ;
#962 = DIRECTION ( 'NONE',  ( 1.223900777406162467E-16, -0.9993908270190960952, -0.03489949670249382213 ) ) ;
#963 = DIRECTION ( 'NONE',  ( -0.000000000000000000, 1.000000000000000000, -0.000000000000000000 ) ) ;
#964 = UNCERTAINTY_MEASURE_WITH_UNIT (LENGTH_MEASURE( 1.000000000000000082E-05 ), #1319, 'distance_accuracy_value', 'NONE');
#965 = ORIENTED_EDGE ( 'NONE', *, *, #1398, .T. ) ;
#966 =( BOUNDED_CURVE ( )  B_SPLINE_CURVE ( 3, ( #304, #1082, #823, #2 ),
 .UNSPECIFIED., .F., .F. ) 
 B_SPLINE_CURVE_WITH_KNOTS ( ( 4, 4 ),
 ( 3.141592653589793116, 4.712388980384689674 ),
 .UNSPECIFIED. ) 
 CURVE ( )  GEOMETRIC_REPRESENTATION_ITEM ( )  RATIONAL_B_SPLINE_CURVE ( ( 1.000000000000000000, 0.8047378541243649375, 0.8047378541243649375, 1.000000000000000000 ) ) 
 REPRESENTATION_ITEM ( '' )  );
#967 = CARTESIAN_POINT ( 'NONE',  ( 120.0000000000000000, 0.000000000000000000, 5.000000000000004441 ) ) ;
#968 = SURFACE_STYLE_FILL_AREA ( #442 ) ;
#969 = ORIENTED_EDGE ( 'NONE', *, *, #1324, .T. ) ;
#970 = ADVANCED_FACE ( 'NONE', ( #700 ), #646, .T. ) ;
#971 = DIRECTION ( 'NONE',  ( 0.000000000000000000, 0.03489949670249382213, -0.9993908270190959842 ) ) ;
#972 = FACE_OUTER_BOUND ( 'NONE', #598, .T. ) ;
#973 = ORIENTED_EDGE ( 'NONE', *, *, #283, .F. ) ;
#974 = AXIS2_PLACEMENT_3D ( 'NONE', #41, #798, #411 ) ;
#975 = TOROIDAL_SURFACE ( 'NONE', #1149, 3.499999999999996891, 0.5000000000000000000 ) ;
#976 = CYLINDRICAL_SURFACE ( 'NONE', #100, 1.700000000000000178 ) ;
#977 =( LENGTH_UNIT ( ) NAMED_UNIT ( * ) SI_UNIT ( .MILLI., .METRE. ) );
#978 = AXIS2_PLACEMENT_3D ( 'NONE', #96, #643, #1443 ) ;
#979 = EDGE_CURVE ( 'NONE', #957, #1479, #1262, .T. ) ;
#980 = MECHANICAL_DESIGN_GEOMETRIC_PRESENTATION_REPRESENTATION (  '', ( #1073 ), #839 ) ;
#981 = CARTESIAN_POINT ( 'NONE',  ( 4.999999999999999112, 8.586664354694695689, 2.507262353567443203 ) ) ;
#982 = CARTESIAN_POINT ( 'NONE',  ( 119.0000000000000000, -8.988429424280017344, 119.4661171279819456 ) ) ;
#983 = CARTESIAN_POINT ( 'NONE',  ( 51.71600817752251089, -7.968924966954447520, 61.61762091712176215 ) ) ;
#984 = DIRECTION ( 'NONE',  ( 0.000000000000000000, 0.000000000000000000, 1.000000000000000000 ) ) ;
#985 = CIRCLE ( 'NONE', #1132, 3.500000000000003109 ) ;
#986 = LINE ( 'NONE', #1288, #45 ) ;
#987 = DIRECTION ( 'NONE',  ( 0.000000000000000000, -0.000000000000000000, -1.000000000000000000 ) ) ;
#988 = PLANE ( 'NONE',  #724 ) ;
#989 = ORIENTED_EDGE ( 'NONE', *, *, #18, .T. ) ;
#990 = CARTESIAN_POINT ( 'NONE',  ( 114.9999999999999716, -9.963860513228521398, 118.7451005032975075 ) ) ;
#991 = ORIENTED_EDGE ( 'NONE', *, *, #346, .F. ) ;
#992 = CARTESIAN_POINT ( 'NONE',  ( 114.9999999999999858, -1.199999999999999734, 112.0793768379213873 ) ) ;
#993 = FACE_BOUND ( 'NONE', #516, .T. ) ;
#994 = CARTESIAN_POINT ( 'NONE',  ( 120.0000000000000000, -8.988429424280015567, 119.4661171279819456 ) ) ;
#995 = VERTEX_POINT ( 'NONE', #1187 ) ;
#996 = CARTESIAN_POINT ( 'NONE',  ( 0.000000000000000000, 0.000000000000000000, 5.000000000000004441 ) ) ;
#997 = ORIENTED_EDGE ( 'NONE', *, *, #1002, .F. ) ;
#998 = CARTESIAN_POINT ( 'NONE',  ( 5.000000000000000000, -1.199999999999999734, 112.0793768379214015 ) ) ;
#999 = DIRECTION ( 'NONE',  ( 0.000000000000000000, 0.000000000000000000, 1.000000000000000000 ) ) ;
#1000 = DIRECTION ( 'NONE',  ( -0.000000000000000000, -0.000000000000000000, -1.000000000000000000 ) ) ;
#1001 = AXIS2_PLACEMENT_3D ( 'NONE', #490, #99, #1717 ) ;
#1002 = EDGE_CURVE ( 'NONE', #1509, #1125, #1155, .T. ) ;
#1003 = CIRCLE ( 'NONE', #1067, 1.699999999999993072 ) ;
#1004 = CARTESIAN_POINT ( 'NONE',  ( 5.000000000000000000, -1.199999999999999734, 112.0793768379214015 ) ) ;
#1005 = CIRCLE ( 'NONE', #1186, 0.5000000000000004441 ) ;
#1006 = AXIS2_PLACEMENT_3D ( 'NONE', #136, #143, #669 ) ;
#1007 = CARTESIAN_POINT ( 'NONE',  ( 1.000000000000000666, -5.990575360458293197, 4.965100503297510848 ) ) ;
#1008 = CARTESIAN_POINT ( 'NONE',  ( 2.481905104443042909, -4.869131361155363713, 0.6310680556201885283 ) ) ;
#1009 = VERTEX_POINT ( 'NONE', #370 ) ;
#1010 = DIRECTION ( 'NONE',  ( 0.000000000000000000, -0.03489949670249353070, 0.9993908270190959842 ) ) ;
#1011 = EDGE_CURVE ( 'NONE', #1222, #953, #1689, .T. ) ;
#1012 = ORIENTED_EDGE ( 'NONE', *, *, #1094, .F. ) ;
#1013 = CARTESIAN_POINT ( 'NONE',  ( 52.81649540195876824, -7.403740473688033674, 60.19660198495246561 ) ) ;
#1014 =( BOUNDED_CURVE ( )  B_SPLINE_CURVE ( 3, ( #36, #305, #1629, #431 ),
 .UNSPECIFIED., .F., .T. ) 
 B_SPLINE_CURVE_WITH_KNOTS ( ( 4, 4 ),
 ( 1.570796326794896558, 3.141592653589793116 ),
 .UNSPECIFIED. ) 
 CURVE ( )  GEOMETRIC_REPRESENTATION_ITEM ( )  RATIONAL_B_SPLINE_CURVE ( ( 1.000000000000000000, 0.8047378541243649375, 0.8047378541243649375, 1.000000000000000000 ) ) 
 REPRESENTATION_ITEM ( '' )  );
#1015 =( GEOMETRIC_REPRESENTATION_CONTEXT ( 3 ) GLOBAL_UNCERTAINTY_ASSIGNED_CONTEXT ( ( #1634 ) ) GLOBAL_UNIT_ASSIGNED_CONTEXT ( ( #1245, #712, #76 ) ) REPRESENTATION_CONTEXT ( 'NONE', 'WORKASPACE' ) );
#1016 = DIRECTION ( 'NONE',  ( 0.000000000000000000, 0.000000000000000000, 1.000000000000000000 ) ) ;
#1017 = VERTEX_POINT ( 'NONE', #1550 ) ;
#1018 = FACE_OUTER_BOUND ( 'NONE', #685, .T. ) ;
#1019 = DIRECTION ( 'NONE',  ( 0.000000000000000000, 0.000000000000000000, 1.000000000000000000 ) ) ;
#1020 = CARTESIAN_POINT ( 'NONE',  ( 56.77582212557877739, -8.016449019720846891, 62.97853172913911379 ) ) ;
#1021 = VERTEX_POINT ( 'NONE', #1559 ) ;
#1022 = PRESENTATION_STYLE_ASSIGNMENT (( #385 ) ) ;
#1023 = ADVANCED_FACE ( 'NONE', ( #1039 ), #617, .T. ) ;
#1024 = CARTESIAN_POINT ( 'NONE',  ( 114.9999999999999858, 0.000000000000000000, 116.4800000000000324 ) ) ;
#1025 = EDGE_LOOP ( 'NONE', ( #423, #445, #1097, #312 ) ) ;
#1026 = FACE_BOUND ( 'NONE', #299, .T. ) ;
#1027 = ADVANCED_FACE ( 'NONE', ( #359, #388, #769, #1582, #1018 ), #1306, .F. ) ;
#1028 = VERTEX_POINT ( 'NONE', #517 ) ;
#1029 = CARTESIAN_POINT ( 'NONE',  ( 52.55581520359913128, -7.570289556001520204, 64.12921707517590164 ) ) ;
#1030 = CYLINDRICAL_SURFACE ( 'NONE', #558, 3.000000000000001776 ) ;
#1031 = EDGE_CURVE ( 'NONE', #1227, #1585, #1098, .T. ) ;
#1032 = CARTESIAN_POINT ( 'NONE',  ( 5.000000000000000888, 0.000000000000000000, 3.300000000000004707 ) ) ;
#1033 = CARTESIAN_POINT ( 'NONE',  ( -1.000000000000005329, -1.199999999999999734, 112.0793768379213873 ) ) ;
#1034 = VECTOR ( 'NONE', #1592, 1000.000000000000000 ) ;
#1035 = CARTESIAN_POINT ( 'NONE',  ( 5.000000000000000888, 0.000000000000000000, 5.000000000000005329 ) ) ;
#1036 = ORIENTED_EDGE ( 'NONE', *, *, #30, .F. ) ;
#1037 = VECTOR ( 'NONE', #693, 1000.000000000000114 ) ;
#1038 = VECTOR ( 'NONE', #186, 1000.000000000000114 ) ;
#1039 = FACE_OUTER_BOUND ( 'NONE', #216, .T. ) ;
#1040 = FILL_AREA_STYLE ('',( #381 ) ) ;
#1041 = CARTESIAN_POINT ( 'NONE',  ( 54.61975121440257652, -8.070900849430408641, 64.53782811642447825 ) ) ;
#1042 = ORIENTED_EDGE ( 'NONE', *, *, #1305, .T. ) ;
#1043 = CARTESIAN_POINT ( 'NONE',  ( 52.24854184266204982, -8.069984969511130757, 64.51160074707540559 ) ) ;
#1044 =( NAMED_UNIT ( * ) PLANE_ANGLE_UNIT ( ) SI_UNIT ( $, .RADIAN. ) );
#1045 = VECTOR ( 'NONE', #591, 1000.000000000000000 ) ;
#1046 = CARTESIAN_POINT ( 'NONE',  ( 2.272759590344595695E-15, -4.909360080800166948, 2.071067811865478170 ) ) ;
#1047 = CARTESIAN_POINT ( 'NONE',  ( 119.9999999999999858, -8.906611060881491682, 117.7089321881345256 ) ) ;
#1048 = COLOUR_RGB ( '',0.000000000000000000, 0.000000000000000000, 0.000000000000000000 ) ;
#1049 = ORIENTED_EDGE ( 'NONE', *, *, #1199, .F. ) ;
#1050 = PLANE ( 'NONE',  #556 ) ;
#1051 = FACE_OUTER_BOUND ( 'NONE', #334, .T. ) ;
#1052 = ORIENTED_EDGE ( 'NONE', *, *, #642, .F. ) ;
#1053 = CARTESIAN_POINT ( 'NONE',  ( 53.99999999999999289, -8.073071939445751966, 64.59999999999999432 ) ) ;
#1054 = CARTESIAN_POINT ( 'NONE',  ( 5.000000000000000888, -9.703247914082572478, 111.2821321054331918 ) ) ;
#1055 = EDGE_CURVE ( 'NONE', #337, #538, #1195, .T. ) ;
#1056 = VERTEX_POINT ( 'NONE', #917 ) ;
#1057 = CARTESIAN_POINT ( 'NONE',  ( 54.00000000000000000, -7.590227552042210668, 64.59999999999999432 ) ) ;
#1058 = CARTESIAN_POINT ( 'NONE',  ( 5.000000000000000888, -5.492098664228468152, 5.017449748351253014 ) ) ;
#1059 = CARTESIAN_POINT ( 'NONE',  ( 55.17521721621172759, -7.919147908588320739, 60.19219246604028228 ) ) ;
#1060 = ADVANCED_FACE ( 'NONE', ( #891, #1026 ), #1050, .T. ) ;
#1061 = ORIENTED_EDGE ( 'NONE', *, *, #686, .T. ) ;
#1062 = CARTESIAN_POINT ( 'NONE',  ( 53.99999999999999289, -8.089922965551757272, 65.08255025164874041 ) ) ;
#1063 = DIRECTION ( 'NONE',  ( 0.000000000000000000, 0.9993908270190959842, 0.03489949670249394009 ) ) ;
#1064 = CYLINDRICAL_SURFACE ( 'NONE', #1118, 1.000000000000000888 ) ;
#1065 = AXIS2_PLACEMENT_3D ( 'NONE', #1384, #647, #506 ) ;
#1066 = FILL_AREA_STYLE ('',( #677 ) ) ;
#1067 = AXIS2_PLACEMENT_3D ( 'NONE', #858, #849, #1389 ) ;
#1068 = DIRECTION ( 'NONE',  ( 0.000000000000000000, 0.03489949670248964492, -0.9993908270190962062 ) ) ;
#1069 = CYLINDRICAL_SURFACE ( 'NONE', #426, 1.700000000000007061 ) ;
#1070 = MECHANICAL_DESIGN_GEOMETRIC_PRESENTATION_REPRESENTATION (  '', ( #1650 ), #870 ) ;
#1071 = COLOUR_RGB ( '',0.000000000000000000, 0.000000000000000000, 0.000000000000000000 ) ;
#1072 = ORIENTED_EDGE ( 'NONE', *, *, #150, .F. ) ;
#1073 = STYLED_ITEM ( 'NONE', ( #386 ), #833 ) ;
#1074 = CARTESIAN_POINT ( 'NONE',  ( 3.691260571906409549, -8.960834109502355815, 119.6498633807331942 ) ) ;
#1075 = ORIENTED_EDGE ( 'NONE', *, *, #1612, .F. ) ;
#1076 = ORIENTED_EDGE ( 'NONE', *, *, #1504, .F. ) ;
#1077 = VECTOR ( 'NONE', #293, 1000.000000000000227 ) ;
#1078 = STYLED_ITEM ( 'NONE', ( #472 ), #102 ) ;
#1079 = SURFACE_STYLE_USAGE ( .BOTH. , #1631 ) ;
#1080 = ORIENTED_EDGE ( 'NONE', *, *, #214, .T. ) ;
#1081 = CARTESIAN_POINT ( 'NONE',  ( 54.00000000000000000, -7.391179165939289142, 59.89999999999999858 ) ) ;
#1082 = CARTESIAN_POINT ( 'NONE',  ( 2.656854249492382802, -9.963860513228535609, 118.7451005032975075 ) ) ;
#1083 = ORIENTED_EDGE ( 'NONE', *, *, #1510, .T. ) ;
#1084 = DIRECTION ( 'NONE',  ( -0.000000000000000000, 1.000000000000000000, -0.000000000000000000 ) ) ;
#1085 = EDGE_CURVE ( 'NONE', #62, #113, #1539, .T. ) ;
#1086 = ORIENTED_EDGE ( 'NONE', *, *, #274, .F. ) ;
#1087 = PRESENTATION_STYLE_ASSIGNMENT (( #1342 ) ) ;
#1088 =( LENGTH_UNIT ( ) NAMED_UNIT ( * ) SI_UNIT ( .MILLI., .METRE. ) );
#1089 = ORIENTED_EDGE ( 'NONE', *, *, #1504, .T. ) ;
#1090 =( BOUNDED_CURVE ( )  B_SPLINE_CURVE ( 3, ( #856, #885, #1266, #1526 ),
 .UNSPECIFIED., .F., .T. ) 
 B_SPLINE_CURVE_WITH_KNOTS ( ( 4, 4 ),
 ( 0.000000000000000000, 1.570796326794893227 ),
 .UNSPECIFIED. ) 
 CURVE ( )  GEOMETRIC_REPRESENTATION_ITEM ( )  RATIONAL_B_SPLINE_CURVE ( ( 1.000000000000000000, 0.8047378541243658256, 0.8047378541243658256, 1.000000000000000000 ) ) 
 REPRESENTATION_ITEM ( '' )  );
#1091 =( LENGTH_UNIT ( ) NAMED_UNIT ( * ) SI_UNIT ( .MILLI., .METRE. ) );
#1092 = ORIENTED_EDGE ( 'NONE', *, *, #850, .T. ) ;
#1093 = CARTESIAN_POINT ( 'NONE',  ( 0.000000000000000000, 0.000000000000000000, 5.000000000000004441 ) ) ;
#1094 = EDGE_CURVE ( 'NONE', #855, #1419, #1292, .T. ) ;
#1095 = CARTESIAN_POINT ( 'NONE',  ( 119.0000000000000000, -8.824786608242462194, 114.7799999999999869 ) ) ;
#1096 = DIRECTION ( 'NONE',  ( 0.000000000000000000, 0.000000000000000000, -1.000000000000000000 ) ) ;
#1097 = ORIENTED_EDGE ( 'NONE', *, *, #415, .F. ) ;
#1098 = CIRCLE ( 'NONE', #343, 0.5000000000000004441 ) ;
#1099 = UNCERTAINTY_MEASURE_WITH_UNIT (LENGTH_MEASURE( 1.000000000000000082E-05 ), #1513, 'distance_accuracy_value', 'NONE');
#1100 = VECTOR ( 'NONE', #1000, 1000.000000000000000 ) ;
#1101 = AXIS2_PLACEMENT_3D ( 'NONE', #1646, #211, #1391 ) ;
#1102 = LINE ( 'NONE', #1423, #1334 ) ;
#1103 = CARTESIAN_POINT ( 'NONE',  ( 54.74598147749540544, -7.893464927903011130, 59.45672812607350011 ) ) ;
#1104 = VERTEX_POINT ( 'NONE', #1591 ) ;
#1105 = VECTOR ( 'NONE', #51, 1000.000000000000000 ) ;
#1106 = ORIENTED_EDGE ( 'NONE', *, *, #438, .F. ) ;
#1107 = CARTESIAN_POINT ( 'NONE',  ( 5.000000000000001776, -10.00000000000000178, 113.0800000000000267 ) ) ;
#1108 = FACE_OUTER_BOUND ( 'NONE', #1657, .T. ) ;
#1109 = DIRECTION ( 'NONE',  ( 1.223900777406162467E-16, -0.9993908270190960952, -0.03489949670249382213 ) ) ;
#1110 = ORIENTED_EDGE ( 'NONE', *, *, #1578, .F. ) ;
#1111 = CARTESIAN_POINT ( 'NONE',  ( 118.4951455555022619, -9.894524484386634455, 116.7595764197493367 ) ) ;
#1112 = EDGE_CURVE ( 'NONE', #1104, #187, #38, .T. ) ;
#1113 = DIRECTION ( 'NONE',  ( 1.000000000000000000, 0.000000000000000000, 0.000000000000000000 ) ) ;
#1114 = ORIENTED_EDGE ( 'NONE', *, *, #1564, .T. ) ;
#1115 = DIRECTION ( 'NONE',  ( 0.000000000000000000, -1.000000000000000000, 0.000000000000000000 ) ) ;
#1116 = ORIENTED_EDGE ( 'NONE', *, *, #1202, .F. ) ;
#1117 = CARTESIAN_POINT ( 'NONE',  ( 118.0727336046914786, -8.936486534002451521, 118.7783342071739696 ) ) ;
#1118 = AXIS2_PLACEMENT_3D ( 'NONE', #1341, #1466, #588 ) ;
#1119 = ORIENTED_EDGE ( 'NONE', *, *, #133, .F. ) ;
#1120 = CARTESIAN_POINT ( 'NONE',  ( 114.9999999999999858, -9.963860513228519622, 118.7451005032975075 ) ) ;
#1121 =( NAMED_UNIT ( * ) PLANE_ANGLE_UNIT ( ) SI_UNIT ( $, .RADIAN. ) );
#1122 = PRESENTATION_LAYER_ASSIGNMENT (  '', '', ( #1650 ) ) ;
#1123 = PLANE ( 'NONE',  #1439 ) ;
#1124 = CARTESIAN_POINT ( 'NONE',  ( 2.496498358248714133, -5.838952456398661006, 0.6231886191539700581 ) ) ;
#1125 = VERTEX_POINT ( 'NONE', #111 ) ;
#1126 = CARTESIAN_POINT ( 'NONE',  ( 117.5336110524693964, -9.977669962685332905, 119.1405513957416815 ) ) ;
#1127 = ADVANCED_FACE ( 'NONE', ( #638 ), #1177, .T. ) ;
#1128 = VERTEX_POINT ( 'NONE', #776 ) ;
#1129 = STYLED_ITEM ( 'NONE', ( #694 ), #184 ) ;
#1130 = CARTESIAN_POINT ( 'NONE',  ( 114.9999999999999858, -1.199999999999999734, 118.0830341037143398 ) ) ;
#1131 = FACE_OUTER_BOUND ( 'NONE', #1387, .T. ) ;
#1132 = AXIS2_PLACEMENT_3D ( 'NONE', #1577, #366, #1556 ) ;
#1133 = DIRECTION ( 'NONE',  ( 1.000000000000000000, 1.180415653192696398E-16, 1.266614298551427885E-16 ) ) ;
#1134 = ORIENTED_EDGE ( 'NONE', *, *, #979, .T. ) ;
#1135 = DIRECTION ( 'NONE',  ( -1.223900777406162221E-16, 0.9993908270190959842, 0.03489949670249382213 ) ) ;
#1136 = FILL_AREA_STYLE ('',( #1542 ) ) ;
#1137 = DIRECTION ( 'NONE',  ( -0.000000000000000000, 1.000000000000000000, -0.000000000000000000 ) ) ;
#1138 = CARTESIAN_POINT ( 'NONE',  ( 4.999999999999999112, 8.481965864587214909, 115.4193071690020247 ) ) ;
#1139 = CARTESIAN_POINT ( 'NONE',  ( 5.000000000000001776, -9.825396152541298278, 114.7800000000000296 ) ) ;
#1140 = EDGE_CURVE ( 'NONE', #802, #1009, #474, .T. ) ;
#1141 = FILL_AREA_STYLE ('',( #79 ) ) ;
#1142 = CARTESIAN_POINT ( 'NONE',  ( 5.000000000000001776, -4.851501455472233104, 4.336808689942017736E-15 ) ) ;
#1143 = ORIENTED_EDGE ( 'NONE', *, *, #1377, .F. ) ;
#1144 = CARTESIAN_POINT ( 'NONE',  ( 118.0899165463119118, -9.964584855653047413, 118.7658429565773588 ) ) ;
#1145 = CARTESIAN_POINT ( 'NONE',  ( 54.30988192785007840, -8.073071939446075262, 64.59999999998963460 ) ) ;
#1146 = LINE ( 'NONE', #1401, #291 ) ;
#1147 = AXIS2_PLACEMENT_3D ( 'NONE', #982, #971, #716 ) ;
#1148 = AXIS2_PLACEMENT_3D ( 'NONE', #294, #1237, #668 ) ;
#1149 = AXIS2_PLACEMENT_3D ( 'NONE', #921, #262, #788 ) ;
#1150 = COLOUR_RGB ( '',0.000000000000000000, 0.000000000000000000, 0.000000000000000000 ) ;
#1151 =( BOUNDED_CURVE ( )  B_SPLINE_CURVE ( 3, ( #355, #878, #1693, #1004 ),
 .UNSPECIFIED., .F., .F. ) 
 B_SPLINE_CURVE_WITH_KNOTS ( ( 4, 4 ),
 ( 3.141592653589796669, 6.283185307179586232 ),
 .UNSPECIFIED. ) 
 CURVE ( )  GEOMETRIC_REPRESENTATION_ITEM ( )  RATIONAL_B_SPLINE_CURVE ( ( 1.000000000000000000, 0.3333333333333345916, 0.3333333333333345916, 1.000000000000000000 ) ) 
 REPRESENTATION_ITEM ( '' )  );
#1152 = AXIS2_PLACEMENT_3D ( 'NONE', #1272, #1109, #1379 ) ;
#1153 = CARTESIAN_POINT ( 'NONE',  ( 59.69999999999997442, -8.089922965551757272, 65.08255025164875462 ) ) ;
#1154 = VERTEX_POINT ( 'NONE', #128 ) ;
#1155 = LINE ( 'NONE', #631, #752 ) ;
#1156 = LINE ( 'NONE', #1469, #402 ) ;
#1157 = CARTESIAN_POINT ( 'NONE',  ( 120.9999999999999716, -1.199999999999999956, 118.0830341037143256 ) ) ;
#1158 = CARTESIAN_POINT ( 'NONE',  ( 5.000000000000000000, -1.199999999999999734, 8.169161769337048185 ) ) ;
#1159 = DIRECTION ( 'NONE',  ( 1.223900777406162221E-16, -0.9993908270190958731, -0.03489949670249381519 ) ) ;
#1160 = MECHANICAL_DESIGN_GEOMETRIC_PRESENTATION_REPRESENTATION (  '', ( #1129 ), #1015 ) ;
#1161 = CIRCLE ( 'NONE', #1473, 3.500000000000003109 ) ;
#1162 = SURFACE_STYLE_FILL_AREA ( #392 ) ;
#1163 = DIRECTION ( 'NONE',  ( 0.000000000000000000, 0.000000000000000000, 1.000000000000000000 ) ) ;
#1164 = DIRECTION ( 'NONE',  ( -1.000000000000000000, -1.223155210121258980E-16, -4.271352114526598756E-18 ) ) ;
#1165 = SURFACE_STYLE_USAGE ( .BOTH. , #657 ) ;
#1166 = EDGE_LOOP ( 'NONE', ( #1400, #6, #75, #1397 ) ) ;
#1167 = CARTESIAN_POINT ( 'NONE',  ( 0.000000000000000000, 0.000000000000000000, 119.7800000000000011 ) ) ;
#1168 = CARTESIAN_POINT ( 'NONE',  ( 53.99999999999999289, -7.590227552042210668, 64.59999999999999432 ) ) ;
#1169 = VERTEX_POINT ( 'NONE', #792 ) ;
#1170 = MANIFOLD_SOLID_BREP ( 'Fillet3', #594 ) ;
#1171 = EDGE_CURVE ( 'NONE', #1477, #1567, #1240, .T. ) ;
#1172 = FACE_OUTER_BOUND ( 'NONE', #773, .T. ) ;
#1173 =( NAMED_UNIT ( * ) SI_UNIT ( $, .STERADIAN. ) SOLID_ANGLE_UNIT ( ) );
#1174 = CARTESIAN_POINT ( 'NONE',  ( 0.000000000000000000, -1.199999999999999956, 119.7800000000000011 ) ) ;
#1175 =( NAMED_UNIT ( * ) SI_UNIT ( $, .STERADIAN. ) SOLID_ANGLE_UNIT ( ) );
#1176 = EDGE_LOOP ( 'NONE', ( #1474, #1540 ) ) ;
#1177 = CYLINDRICAL_SURFACE ( 'NONE', #1465, 5.000000000000000000 ) ;
#1178 = DIRECTION ( 'NONE',  ( 0.000000000000000000, 0.000000000000000000, -1.000000000000000000 ) ) ;
#1179 = CARTESIAN_POINT ( 'NONE',  ( 54.61510753407586805, -7.587637203587925150, 64.53883578775503338 ) ) ;
#1180 = CARTESIAN_POINT ( 'NONE',  ( -0.004579416642236279998, -9.847082892833068257, 115.4010269878340864 ) ) ;
#1181 = DIRECTION ( 'NONE',  ( 1.223900777406162714E-16, -0.9993908270190960952, -0.03489949670249382213 ) ) ;
#1182 = CARTESIAN_POINT ( 'NONE',  ( 2.071067811865477282, -4.851501455472233104, 3.100743418167720021E-15 ) ) ;
#1183 = VECTOR ( 'NONE', #683, 1000.000000000000000 ) ;
#1184 = CARTESIAN_POINT ( 'NONE',  ( 114.9999999999999858, -8.964469686209421084, 119.7800000000000011 ) ) ;
#1185 = ORIENTED_EDGE ( 'NONE', *, *, #611, .F. ) ;
#1186 = AXIS2_PLACEMENT_3D ( 'NONE', #229, #1164, #1694 ) ;
#1187 = CARTESIAN_POINT ( 'NONE',  ( 114.9999999999999858, -9.703247914082556491, 111.2821321054331918 ) ) ;
#1188 = DIRECTION ( 'NONE',  ( 1.000000000000000000, 0.000000000000000000, -0.000000000000000000 ) ) ;
#1189 = ORIENTED_EDGE ( 'NONE', *, *, #813, .F. ) ;
#1190 = CARTESIAN_POINT ( 'NONE',  ( 51.14999999999999858, -7.977371086361285002, 61.85948613168157095 ) ) ;
#1191 = EDGE_CURVE ( 'NONE', #941, #1589, #1625, .T. ) ;
#1192 = AXIS2_PLACEMENT_3D ( 'NONE', #433, #962, #552 ) ;
#1193 = EDGE_CURVE ( 'NONE', #658, #1558, #691, .T. ) ;
#1194 = DIRECTION ( 'NONE',  ( 0.000000000000000000, 1.000000000000000000, 0.000000000000000000 ) ) ;
#1195 = LINE ( 'NONE', #746, #1331 ) ;
#1196 = CARTESIAN_POINT ( 'NONE',  ( 55.86994140812321064, -7.940170525472806773, 60.79420144780726076 ) ) ;
#1197 = EDGE_LOOP ( 'NONE', ( #806, #205, #178, #1042 ) ) ;
#1198 = PLANE ( 'NONE',  #40 ) ;
#1199 = EDGE_CURVE ( 'NONE', #231, #538, #924, .T. ) ;
#1200 = DIRECTION ( 'NONE',  ( 0.000000000000000000, 0.000000000000000000, 1.000000000000000000 ) ) ;
#1201 = ORIENTED_EDGE ( 'NONE', *, *, #1140, .T. ) ;
#1202 = EDGE_CURVE ( 'NONE', #1585, #795, #1688, .T. ) ;
#1203 =( BOUNDED_CURVE ( )  B_SPLINE_CURVE ( 3, ( #1520, #325, #191, #595 ),
 .UNSPECIFIED., .F., .F. ) 
 B_SPLINE_CURVE_WITH_KNOTS ( ( 4, 4 ),
 ( 4.712388980384686121, 6.283185307179586232 ),
 .UNSPECIFIED. ) 
 CURVE ( )  GEOMETRIC_REPRESENTATION_ITEM ( )  RATIONAL_B_SPLINE_CURVE ( ( 1.000000000000000000, 0.8047378541243641603, 0.8047378541243641603, 1.000000000000000000 ) ) 
 REPRESENTATION_ITEM ( '' )  );
#1204 = CARTESIAN_POINT ( 'NONE',  ( 48.30000000000001137, -8.089922965551757272, 65.08255025164872620 ) ) ;
#1205 = CARTESIAN_POINT ( 'NONE',  ( 55.43484867972326668, -7.925140319181223525, 60.36379265355729018 ) ) ;
#1206 = ORIENTED_EDGE ( 'NONE', *, *, #1701, .F. ) ;
#1207 = CARTESIAN_POINT ( 'NONE',  ( 1.001665792825574330, -8.910628385777839000, 117.8527336046910534 ) ) ;
#1208 = CARTESIAN_POINT ( 'NONE',  ( 114.9999999999999858, -1.199999999999999734, 112.0793768379213873 ) ) ;
#1209 = AXIS2_PLACEMENT_3D ( 'NONE', #1313, #664, #922 ) ;
#1210 = ORIENTED_EDGE ( 'NONE', *, *, #1011, .F. ) ;
#1211 = CIRCLE ( 'NONE', #974, 1.699999999999993072 ) ;
#1212 = CARTESIAN_POINT ( 'NONE',  ( 58.69999999999999574, -7.590227552042210668, 64.59999999999999432 ) ) ;
#1213 = DIRECTION ( 'NONE',  ( 0.000000000000000000, 0.000000000000000000, -1.000000000000000000 ) ) ;
#1214 = DIRECTION ( 'NONE',  ( -0.000000000000000000, 1.000000000000000000, -0.000000000000000000 ) ) ;
#1215 = AXIS2_PLACEMENT_3D ( 'NONE', #765, #1312, #514 ) ;
#1216 =( GEOMETRIC_REPRESENTATION_CONTEXT ( 3 ) GLOBAL_UNCERTAINTY_ASSIGNED_CONTEXT ( ( #1099 ) ) GLOBAL_UNIT_ASSIGNED_CONTEXT ( ( #1513, #851, #1537 ) ) REPRESENTATION_CONTEXT ( 'NONE', 'WORKASPACE' ) );
#1217 = ORIENTED_EDGE ( 'NONE', *, *, #884, .T. ) ;
#1218 =( BOUNDED_CURVE ( )  B_SPLINE_CURVE ( 3, ( #1302, #1033, #627, #1674 ),
 .UNSPECIFIED., .F., .T. ) 
 B_SPLINE_CURVE_WITH_KNOTS ( ( 4, 4 ),
 ( 3.962026923596823080E-17, 3.141592653589796669 ),
 .UNSPECIFIED. ) 
 CURVE ( )  GEOMETRIC_REPRESENTATION_ITEM ( )  RATIONAL_B_SPLINE_CURVE ( ( 1.000000000000000000, 0.3333333333333321491, 0.3333333333333321491, 1.000000000000000000 ) ) 
 REPRESENTATION_ITEM ( '' )  );
#1219 = CARTESIAN_POINT ( 'NONE',  ( 118.9983342071720926, -4.905342755904024798, 1.927266395306626912 ) ) ;
#1220 = EDGE_CURVE ( 'NONE', #1457, #1668, #1574, .T. ) ;
#1221 = CARTESIAN_POINT ( 'NONE',  ( 1.000000000000000666, -5.990575360458293197, 4.965100503297510848 ) ) ;
#1222 = VERTEX_POINT ( 'NONE', #1365 ) ;
#1223 = CARTESIAN_POINT ( 'NONE',  ( 114.9999999999999858, -10.00000000000000178, 116.4800000000000324 ) ) ;
#1224 = SURFACE_STYLE_FILL_AREA ( #1066 ) ;
#1225 = CIRCLE ( 'NONE', #455, 2.349999999999990763 ) ;
#1226 = SURFACE_SIDE_STYLE ('',( #678 ) ) ;
#1227 = VERTEX_POINT ( 'NONE', #1491 ) ;
#1228 = CARTESIAN_POINT ( 'NONE',  ( 115.6501896108321006, -5.817190230279981833, 2.956895873491218215E-12 ) ) ;
#1229 = EDGE_LOOP ( 'NONE', ( #1549, #1636, #175, #906 ) ) ;
#1230 = ADVANCED_FACE ( 'NONE', ( #1498 ), #687, .F. ) ;
#1231 = LINE ( 'NONE', #1599, #1489 ) ;
#1232 = FACE_OUTER_BOUND ( 'NONE', #161, .T. ) ;
#1233 = ORIENTED_EDGE ( 'NONE', *, *, #1220, .F. ) ;
#1234 =( NAMED_UNIT ( * ) SI_UNIT ( $, .STERADIAN. ) SOLID_ANGLE_UNIT ( ) );
#1235 = CARTESIAN_POINT ( 'NONE',  ( 5.000000000000000000, -1.199999999999999734, 2.165504503544115611 ) ) ;
#1236 = EDGE_LOOP ( 'NONE', ( #1533, #989, #1394, #1493 ) ) ;
#1237 = DIRECTION ( 'NONE',  ( 1.000000000000000000, 1.224646799147353454E-16, -0.000000000000000000 ) ) ;
#1238 = FILL_AREA_STYLE ('',( #949 ) ) ;
#1239 = ORIENTED_EDGE ( 'NONE', *, *, #572, .F. ) ;
#1240 = CIRCLE ( 'NONE', #92, 3.000000000000001776 ) ;
#1241 = UNCERTAINTY_MEASURE_WITH_UNIT (LENGTH_MEASURE( 1.000000000000000082E-05 ), #1280, 'distance_accuracy_value', 'NONE');
#1242 = CARTESIAN_POINT ( 'NONE',  ( 49.30000000000001137, -7.391179165939289142, 59.89999999999999858 ) ) ;
#1243 =( GEOMETRIC_REPRESENTATION_CONTEXT ( 3 ) GLOBAL_UNCERTAINTY_ASSIGNED_CONTEXT ( ( #1383 ) ) GLOBAL_UNIT_ASSIGNED_CONTEXT ( ( #977, #1121, #77 ) ) REPRESENTATION_CONTEXT ( 'NONE', 'WORKASPACE' ) );
#1244 = ORIENTED_EDGE ( 'NONE', *, *, #578, .F. ) ;
#1245 =( LENGTH_UNIT ( ) NAMED_UNIT ( * ) SI_UNIT ( .MILLI., .METRE. ) );
#1246 = CARTESIAN_POINT ( 'NONE',  ( 108.9999999999999574, -1.199999999999999734, 118.0830341037143256 ) ) ;
#1247 = EDGE_CURVE ( 'NONE', #113, #62, #1211, .T. ) ;
#1248 = DIRECTION ( 'NONE',  ( -1.000000000000000000, -1.223155210121258980E-16, -4.271352114526598756E-18 ) ) ;
#1249 = FACE_OUTER_BOUND ( 'NONE', #1642, .T. ) ;
#1250 = CARTESIAN_POINT ( 'NONE',  ( 5.000000000000004441, -9.963860513228535609, 118.7451005032975075 ) ) ;
#1251 = EDGE_LOOP ( 'NONE', ( #489, #1581, #1080, #222 ) ) ;
#1252 = SURFACE_STYLE_FILL_AREA ( #705 ) ;
#1253 = CYLINDRICAL_SURFACE ( 'NONE', #1714, 2.999999999999996447 ) ;
#1254 = ORIENTED_EDGE ( 'NONE', *, *, #1456, .F. ) ;
#1255 = CARTESIAN_POINT ( 'NONE',  ( 115.5236931752477432, -9.963860513228013360, 118.7451005032829698 ) ) ;
#1256 = ORIENTED_EDGE ( 'NONE', *, *, #456, .F. ) ;
#1257 = CARTESIAN_POINT ( 'NONE',  ( 52.24854184266205692, -7.910812575489512000, 59.95349975622337979 ) ) ;
#1258 = CARTESIAN_POINT ( 'NONE',  ( 5.000000000000001776, -10.00000000000000178, 116.4800000000000466 ) ) ;
#1259 = EDGE_CURVE ( 'NONE', #1227, #855, #1568, .T. ) ;
#1260 = CARTESIAN_POINT ( 'NONE',  ( 4.476306824752043667, -5.850892282491424901, 0.9651005033002564293 ) ) ;
#1261 = CYLINDRICAL_SURFACE ( 'NONE', #425, 1.000000000000000888 ) ;
#1262 = CIRCLE ( 'NONE', #1065, 5.000000000000004441 ) ;
#1263 = ORIENTED_EDGE ( 'NONE', *, *, #65, .F. ) ;
#1264 = EDGE_CURVE ( 'NONE', #461, #337, #557, .T. ) ;
#1265 = CIRCLE ( 'NONE', #723, 3.000000000000001776 ) ;
#1266 = CARTESIAN_POINT ( 'NONE',  ( 119.0000000000000000, -5.908750907819249498, 2.621954752789897647 ) ) ;
#1267 = CARTESIAN_POINT ( 'NONE',  ( 114.9999999999999858, -1.199999999999999734, 113.0800000000000409 ) ) ;
#1268 = UNCERTAINTY_MEASURE_WITH_UNIT (LENGTH_MEASURE( 1.000000000000000082E-05 ), #348, 'distance_accuracy_value', 'NONE');
#1269 = CARTESIAN_POINT ( 'NONE',  ( 117.9289321881345387, -4.851501455472219781, 1.160053737232284535E-14 ) ) ;
#1270 = COLOUR_RGB ( '',0.000000000000000000, 0.000000000000000000, 0.000000000000000000 ) ;
#1271 = DIRECTION ( 'NONE',  ( 0.000000000000000000, 0.000000000000000000, 1.000000000000000000 ) ) ;
#1272 = CARTESIAN_POINT ( 'NONE',  ( 114.9999999999999858, 8.481965864587229120, 115.4193071690020247 ) ) ;
#1273 = CARTESIAN_POINT ( 'NONE',  ( 118.9999999999927240, -9.842465203918957073, 115.2687936785502103 ) ) ;
#1274 = VERTEX_POINT ( 'NONE', #529 ) ;
#1275 = PRESENTATION_LAYER_ASSIGNMENT (  '', '', ( #1521 ) ) ;
#1276 = CARTESIAN_POINT ( 'NONE',  ( 51.71116421224218840, -7.464653111770212845, 61.63489246593086790 ) ) ;
#1277 = DIRECTION ( 'NONE',  ( 1.000000000000000000, 1.180415653192696398E-16, 1.266614298551427885E-16 ) ) ;
#1278 = DIRECTION ( 'NONE',  ( 1.223900777406162221E-16, -0.9993908270190958731, -0.03489949670249381519 ) ) ;
#1279 = EDGE_CURVE ( 'NONE', #1460, #995, #1605, .T. ) ;
#1280 =( LENGTH_UNIT ( ) NAMED_UNIT ( * ) SI_UNIT ( .MILLI., .METRE. ) );
#1281 =( NAMED_UNIT ( * ) SI_UNIT ( $, .STERADIAN. ) SOLID_ANGLE_UNIT ( ) );
#1282 = DIRECTION ( 'NONE',  ( 0.000000000000000000, 0.000000000000000000, -1.000000000000000000 ) ) ;
#1283 = ORIENTED_EDGE ( 'NONE', *, *, #1339, .T. ) ;
#1284 = DIRECTION ( 'NONE',  ( -1.000000000000000000, -0.000000000000000000, -0.000000000000000000 ) ) ;
#1285 = CARTESIAN_POINT ( 'NONE',  ( 53.99999999999999289, -8.089922965551757272, 65.08255025164874041 ) ) ;
#1286 = ORIENTED_EDGE ( 'NONE', *, *, #1529, .F. ) ;
#1287 = FACE_OUTER_BOUND ( 'NONE', #575, .T. ) ;
#1288 = CARTESIAN_POINT ( 'NONE',  ( 114.9999999999999858, 8.377267374479748341, 118.4174796500593203 ) ) ;
#1289 = CARTESIAN_POINT ( 'NONE',  ( 2.656854249492380582, -5.850892282491328977, 0.9651005032975107367 ) ) ;
#1290 = CARTESIAN_POINT ( 'NONE',  ( 0.1386465980098121054, -5.944993589907483056, 3.659809376729421082 ) ) ;
#1291 = ORIENTED_EDGE ( 'NONE', *, *, #1202, .T. ) ;
#1292 = LINE ( 'NONE', #1569, #780 ) ;
#1293 = CARTESIAN_POINT ( 'NONE',  ( 55.87921707517460135, -7.551865625577592667, 63.69418479640216901 ) ) ;
#1294 = ORIENTED_EDGE ( 'NONE', *, *, #740, .T. ) ;
#1295 = CARTESIAN_POINT ( 'NONE',  ( 52.13005859187691016, -7.940170525473772223, 60.79420144780583968 ) ) ;
#1296 = CARTESIAN_POINT ( 'NONE',  ( 54.00000000000000000, 0.000000000000000000, 62.25000000000000000 ) ) ;
#1297 = CIRCLE ( 'NONE', #1353, 0.5000000000000004441 ) ;
#1298 = CARTESIAN_POINT ( 'NONE',  ( 4.999999999999999112, 8.481965864587214909, 5.505434834624733043 ) ) ;
#1299 = AXIS2_PLACEMENT_3D ( 'NONE', #465, #1133, #52 ) ;
#1300 = COLOUR_RGB ( '',0.000000000000000000, 0.000000000000000000, 0.000000000000000000 ) ;
#1301 = DIRECTION ( 'NONE',  ( 0.000000000000000000, -0.03489949670249353070, 0.9993908270190959842 ) ) ;
#1302 = CARTESIAN_POINT ( 'NONE',  ( 5.000000000000000000, -1.199999999999999734, 112.0793768379214015 ) ) ;
#1303 = FACE_OUTER_BOUND ( 'NONE', #103, .T. ) ;
#1304 = ORIENTED_EDGE ( 'NONE', *, *, #1406, .F. ) ;
#1305 = EDGE_CURVE ( 'NONE', #957, #1509, #1231, .T. ) ;
#1306 = PLANE ( 'NONE',  #123 ) ;
#1307 = CARTESIAN_POINT ( 'NONE',  ( 53.99999999999999289, -7.908944322834566165, 59.89999999999999147 ) ) ;
#1308 = CARTESIAN_POINT ( 'NONE',  ( 56.28399182247757437, -7.968924966956063116, 61.61762091712060396 ) ) ;
#1309 = ORIENTED_EDGE ( 'NONE', *, *, #979, .F. ) ;
#1310 = CARTESIAN_POINT ( 'NONE',  ( 51.94660198495412118, -7.540825631370810633, 63.43350459804521080 ) ) ;
#1311 = LINE ( 'NONE', #364, #1606 ) ;
#1312 = DIRECTION ( 'NONE',  ( 1.224646799147353454E-16, -1.000000000000000000, 0.000000000000000000 ) ) ;
#1313 = CARTESIAN_POINT ( 'NONE',  ( 114.9999999999999858, -4.851501455472220670, 1.000000000000000000 ) ) ;
#1314 = ORIENTED_EDGE ( 'NONE', *, *, #954, .F. ) ;
#1315 = DIRECTION ( 'NONE',  ( 0.000000000000000000, -1.000000000000000000, 0.000000000000000000 ) ) ;
#1316 = CARTESIAN_POINT ( 'NONE',  ( 114.9999999999999858, 0.000000000000000000, 114.7799999999999869 ) ) ;
#1317 = EDGE_LOOP ( 'NONE', ( #476, #911 ) ) ;
#1318 = CARTESIAN_POINT ( 'NONE',  ( 51.64999999999999858, -7.503731045129914179, 62.55761427435900401 ) ) ;
#1319 =( LENGTH_UNIT ( ) NAMED_UNIT ( * ) SI_UNIT ( .MILLI., .METRE. ) );
#1320 = CARTESIAN_POINT ( 'NONE',  ( 5.000000000000000888, -5.596797154335947155, 8.015622229408540633 ) ) ;
#1321 =( BOUNDED_CURVE ( )  B_SPLINE_CURVE ( 3, ( #1184, #1424, #1047, #889 ),
 .UNSPECIFIED., .F., .T. ) 
 B_SPLINE_CURVE_WITH_KNOTS ( ( 4, 4 ),
 ( 6.162975822039155606E-31, 1.570796326794899445 ),
 .UNSPECIFIED. ) 
 CURVE ( )  GEOMETRIC_REPRESENTATION_ITEM ( )  RATIONAL_B_SPLINE_CURVE ( ( 1.000000000000000000, 0.8047378541243643824, 0.8047378541243643824, 1.000000000000000000 ) ) 
 REPRESENTATION_ITEM ( '' )  );
#1322 = DIRECTION ( 'NONE',  ( -1.223900777406162221E-16, 0.9993908270190959842, 0.03489949670249382213 ) ) ;
#1323 = ORIENTED_EDGE ( 'NONE', *, *, #296, .F. ) ;
#1324 = EDGE_CURVE ( 'NONE', #844, #802, #1630, .T. ) ;
#1325 = DIRECTION ( 'NONE',  ( 0.000000000000000000, 0.000000000000000000, -1.000000000000000000 ) ) ;
#1326 = CARTESIAN_POINT ( 'NONE',  ( 54.37313138474917906, -7.890874579448974302, 59.38255025165266687 ) ) ;
#1327 = ORIENTED_EDGE ( 'NONE', *, *, #1496, .F. ) ;
#1328 = CARTESIAN_POINT ( 'NONE',  ( 51.93870399216665845, -8.031860809197080897, 63.41986763611519962 ) ) ;
#1329 = EDGE_CURVE ( 'NONE', #1477, #1364, #1381, .T. ) ;
#1330 = FACE_OUTER_BOUND ( 'NONE', #50, .T. ) ;
#1331 = VECTOR ( 'NONE', #523, 1000.000000000000114 ) ;
#1332 = AXIS2_PLACEMENT_3D ( 'NONE', #1095, #1068, #1480 ) ;
#1333 =( GEOMETRIC_REPRESENTATION_CONTEXT ( 3 ) GLOBAL_UNCERTAINTY_ASSIGNED_CONTEXT ( ( #964 ) ) GLOBAL_UNIT_ASSIGNED_CONTEXT ( ( #1319, #1044, #1173 ) ) REPRESENTATION_CONTEXT ( 'NONE', 'WORKASPACE' ) );
#1334 = VECTOR ( 'NONE', #350, 1000.000000000000000 ) ;
#1335 = DIRECTION ( 'NONE',  ( -0.000000000000000000, 1.000000000000000000, -0.000000000000000000 ) ) ;
#1336 = FACE_OUTER_BOUND ( 'NONE', #505, .T. ) ;
#1337 = CARTESIAN_POINT ( 'NONE',  ( 56.05339801504538144, -7.440581086610703387, 61.06649540195358128 ) ) ;
#1338 = CARTESIAN_POINT ( 'NONE',  ( 0.1301366192631896457, -8.861348358556599081, 116.0887394280848497 ) ) ;
#1339 = EDGE_CURVE ( 'NONE', #1567, #718, #672, .T. ) ;
#1340 = AXIS2_PLACEMENT_3D ( 'NONE', #945, #1486, #1363 ) ;
#1341 = CARTESIAN_POINT ( 'NONE',  ( 1.097830910726986567E-15, -8.964469686209435295, 118.7800000000000011 ) ) ;
#1342 = SURFACE_STYLE_USAGE ( .BOTH. , #24 ) ;
#1343 = CARTESIAN_POINT ( 'NONE',  ( 54.00000000000000000, 0.000000000000000000, 62.25000000000000000 ) ) ;
#1344 = CARTESIAN_POINT ( 'NONE',  ( 54.61013458257684050, -7.911042463494466048, 59.96008288735854563 ) ) ;
#1345 = CARTESIAN_POINT ( 'NONE',  ( 5.000000000000001776, -9.430399229139238670, 117.7956222294085649 ) ) ;
#1346 = ORIENTED_EDGE ( 'NONE', *, *, #1247, .F. ) ;
#1347 = EDGE_CURVE ( 'NONE', #555, #957, #441, .T. ) ;
#1348 = CARTESIAN_POINT ( 'NONE',  ( 54.00000000000000000, -7.391179165939289142, 59.89999999999999858 ) ) ;
#1349 = DIRECTION ( 'NONE',  ( 0.000000000000000000, 0.000000000000000000, 1.000000000000000000 ) ) ;
#1350 = ORIENTED_EDGE ( 'NONE', *, *, #1193, .F. ) ;
#1351 = FACE_OUTER_BOUND ( 'NONE', #1561, .T. ) ;
#1352 = EDGE_LOOP ( 'NONE', ( #193, #278, #969, #991 ) ) ;
#1353 = AXIS2_PLACEMENT_3D ( 'NONE', #1557, #127, #230 ) ;
#1354 = SURFACE_STYLE_USAGE ( .BOTH. , #282 ) ;
#1355 = VECTOR ( 'NONE', #430, 1000.000000000000000 ) ;
#1356 = CARTESIAN_POINT ( 'NONE',  ( 5.000000000000001776, -1.199999999999999734, 114.7800000000000296 ) ) ;
#1357 = ADVANCED_FACE ( 'NONE', ( #829 ), #46, .F. ) ;
#1358 = PRESENTATION_LAYER_ASSIGNMENT (  '', '', ( #1441 ) ) ;
#1359 = ORIENTED_EDGE ( 'NONE', *, *, #1632, .T. ) ;
#1360 = CARTESIAN_POINT ( 'NONE',  ( 116.0469915424750695, -5.854527859198406681, 1.069209798711264980 ) ) ;
#1361 = CARTESIAN_POINT ( 'NONE',  ( 119.0000000000000000, -4.991184533439182225, 5.000000000000004441 ) ) ;
#1362 = ORIENTED_EDGE ( 'NONE', *, *, #78, .T. ) ;
#1363 = DIRECTION ( 'NONE',  ( 0.000000000000000000, 0.000000000000000000, -1.000000000000000000 ) ) ;
#1364 = VERTEX_POINT ( 'NONE', #172 ) ;
#1365 = CARTESIAN_POINT ( 'NONE',  ( 0.000000000000000000, 0.000000000000000000, 114.7799999999999869 ) ) ;
#1366 = AXIS2_PLACEMENT_3D ( 'NONE', #600, #313, #43 ) ;
#1367 = CARTESIAN_POINT ( 'NONE',  ( 5.000000000000000888, 0.000000000000000000, 5.000000000000005329 ) ) ;
#1368 = EDGE_LOOP ( 'NONE', ( #1291, #89 ) ) ;
#1369 = LINE ( 'NONE', #168, #1037 ) ;
#1370 = CARTESIAN_POINT ( 'NONE',  ( 58.69999999999999574, -7.391179165939289142, 59.90000000000001279 ) ) ;
#1371 = ORIENTED_EDGE ( 'NONE', *, *, #884, .F. ) ;
#1372 = CARTESIAN_POINT ( 'NONE',  ( 120.0000000000000000, -4.972896764781555845, 4.345383530934818772 ) ) ;
#1373 = PLANE ( 'NONE',  #1438 ) ;
#1374 = ORIENTED_EDGE ( 'NONE', *, *, #1662, .F. ) ;
#1375 = CARTESIAN_POINT ( 'NONE',  ( 5.000000000000000888, 0.000000000000000000, 6.700000000000005507 ) ) ;
#1376 = DIRECTION ( 'NONE',  ( 1.223900777406162221E-16, -0.9993908270190959842, -0.03489949670249382213 ) ) ;
#1377 = EDGE_CURVE ( 'NONE', #231, #461, #1530, .T. ) ;
#1378 = AXIS2_PLACEMENT_3D ( 'NONE', #528, #790, #1200 ) ;
#1379 = DIRECTION ( 'NONE',  ( 0.000000000000000000, 0.03489949670249352376, -0.9993908270190959842 ) ) ;
#1380 = ORIENTED_EDGE ( 'NONE', *, *, #228, .F. ) ;
#1381 = CIRCLE ( 'NONE', #1299, 0.5000000000000000000 ) ;
#1382 = COLOUR_RGB ( '',0.000000000000000000, 0.000000000000000000, 0.000000000000000000 ) ;
#1383 = UNCERTAINTY_MEASURE_WITH_UNIT (LENGTH_MEASURE( 1.000000000000000082E-05 ), #977, 'distance_accuracy_value', 'NONE');
#1384 = CARTESIAN_POINT ( 'NONE',  ( 114.9999999999999858, 0.000000000000000000, 114.7799999999999869 ) ) ;
#1385 = VECTOR ( 'NONE', #1595, 1000.000000000000000 ) ;
#1386 = CARTESIAN_POINT ( 'NONE',  ( 118.1986673657378049, -5.904733582923080704, 2.506913619543398308 ) ) ;
#1387 = EDGE_LOOP ( 'NONE', ( #378, #280, #1445, #72 ) ) ;
#1388 = LINE ( 'NONE', #470, #933 ) ;
#1389 = DIRECTION ( 'NONE',  ( 0.000000000000000000, 0.000000000000000000, 1.000000000000000000 ) ) ;
#1390 =( NAMED_UNIT ( * ) PLANE_ANGLE_UNIT ( ) SI_UNIT ( $, .RADIAN. ) );
#1391 = DIRECTION ( 'NONE',  ( 0.000000000000000000, 0.000000000000000000, -1.000000000000000000 ) ) ;
#1392 = CIRCLE ( 'NONE', #626, 1.000000000000000888 ) ;
#1393 = CARTESIAN_POINT ( 'NONE',  ( 120.0000000000000000, -9.824177435261558955, 114.7451005032975218 ) ) ;
#1394 = ORIENTED_EDGE ( 'NONE', *, *, #578, .T. ) ;
#1395 = DIRECTION ( 'NONE',  ( -1.224646799147353454E-16, 1.000000000000000000, -0.000000000000000000 ) ) ;
#1396 = CARTESIAN_POINT ( 'NONE',  ( 5.000000000000001776, 0.000000000000000000, 113.0800000000000267 ) ) ;
#1397 = ORIENTED_EDGE ( 'NONE', *, *, #199, .F. ) ;
#1398 = EDGE_CURVE ( 'NONE', #1699, #1477, #316, .T. ) ;
#1399 = CARTESIAN_POINT ( 'NONE',  ( 114.9999999999999858, -9.325700739031738351, 114.7974497483512835 ) ) ;
#1400 = ORIENTED_EDGE ( 'NONE', *, *, #686, .F. ) ;
#1401 = CARTESIAN_POINT ( 'NONE',  ( 5.000000000000000000, 6.123233995736767268E-16, 0.000000000000000000 ) ) ;
#1402 = FACE_OUTER_BOUND ( 'NONE', #387, .T. ) ;
#1403 = CARTESIAN_POINT ( 'NONE',  ( 5.000000000000001776, -9.221002248924271782, 111.7992772672940021 ) ) ;
#1404 = DIRECTION ( 'NONE',  ( 0.000000000000000000, -0.000000000000000000, -1.000000000000000000 ) ) ;
#1405 = CARTESIAN_POINT ( 'NONE',  ( 117.0144759164453205, -9.946230607545427205, 118.2402460588023558 ) ) ;
#1406 = EDGE_CURVE ( 'NONE', #1558, #110, #1203, .T. ) ;
#1407 = VECTOR ( 'NONE', #1284, 1000.000000000000000 ) ;
#1408 = ORIENTED_EDGE ( 'NONE', *, *, #241, .F. ) ;
#1409 = COLOUR_RGB ( '',0.000000000000000000, 0.000000000000000000, 0.000000000000000000 ) ;
#1410 = CARTESIAN_POINT ( 'NONE',  ( 52.55581520359849179, -7.411117161979818846, 60.37078292482473785 ) ) ;
#1411 = CARTESIAN_POINT ( 'NONE',  ( 5.000000000000001776, 0.000000000000000000, 114.7800000000000296 ) ) ;
#1412 = VECTOR ( 'NONE', #447, 1000.000000000000114 ) ;
#1413 = PRESENTATION_LAYER_ASSIGNMENT (  '', '', ( #267 ) ) ;
#1414 = SURFACE_STYLE_USAGE ( .BOTH. , #502 ) ;
#1415 = DIRECTION ( 'NONE',  ( 0.000000000000000000, 1.000000000000000000, 0.000000000000000000 ) ) ;
#1416 = CARTESIAN_POINT ( 'NONE',  ( 4.349810389169129543, -5.817190230279995156, 2.956895873544389611E-12 ) ) ;
#1417 = ORIENTED_EDGE ( 'NONE', *, *, #1220, .T. ) ;
#1418 = DIRECTION ( 'NONE',  ( 1.223900777406162221E-16, -0.9993908270190959842, -0.03489949670249382213 ) ) ;
#1419 = VERTEX_POINT ( 'NONE', #200 ) ;
#1420 = CIRCLE ( 'NONE', #1340, 1.700000000000000178 ) ;
#1421 = CARTESIAN_POINT ( 'NONE',  ( 54.00000000000000711, -7.890874579448836634, 59.38255025164875889 ) ) ;
#1422 = SURFACE_STYLE_FILL_AREA ( #741 ) ;
#1423 = CARTESIAN_POINT ( 'NONE',  ( 4.999999999999999112, -9.963860513228533833, 118.7451005032975075 ) ) ;
#1424 = CARTESIAN_POINT ( 'NONE',  ( 117.9289321881345103, -8.964469686209424637, 119.7800000000000153 ) ) ;
#1425 = ORIENTED_EDGE ( 'NONE', *, *, #314, .T. ) ;
#1426 = DIRECTION ( 'NONE',  ( -0.000000000000000000, -0.000000000000000000, -1.000000000000000000 ) ) ;
#1427 = CARTESIAN_POINT ( 'NONE',  ( 55.44418479640215480, -7.570289556001520204, 64.12921707517462266 ) ) ;
#1428 = APPLICATION_CONTEXT ( 'automotive_design' ) ;
#1429 = DIRECTION ( 'NONE',  ( 1.223900777406162714E-16, -0.9993908270190960952, -0.03489949670249382213 ) ) ;
#1430 = SURFACE_STYLE_FILL_AREA ( #124 ) ;
#1431 = ADVANCED_FACE ( 'NONE', ( #725, #993, #185, #60, #1108 ), #1123, .F. ) ;
#1432 = DIRECTION ( 'NONE',  ( 0.000000000000000000, -0.03489949670249379438, 0.9993908270190959842 ) ) ;
#1433 = ORIENTED_EDGE ( 'NONE', *, *, #155, .T. ) ;
#1434 = CARTESIAN_POINT ( 'NONE',  ( 0.000000000000000000, -1.199999999999999956, 119.7800000000000011 ) ) ;
#1435 = SURFACE_SIDE_STYLE ('',( #892 ) ) ;
#1436 = ORIENTED_EDGE ( 'NONE', *, *, #1305, .F. ) ;
#1437 = CARTESIAN_POINT ( 'NONE',  ( 0.6157644037807409321, -9.912430960111246137, 117.2723507939962246 ) ) ;
#1438 = AXIS2_PLACEMENT_3D ( 'NONE', #943, #1484, #156 ) ;
#1439 = AXIS2_PLACEMENT_3D ( 'NONE', #457, #1536, #987 ) ;
#1440 =( LENGTH_UNIT ( ) NAMED_UNIT ( * ) SI_UNIT ( .MILLI., .METRE. ) );
#1441 = STYLED_ITEM ( 'NONE', ( #1499 ), #616 ) ;
#1442 = CYLINDRICAL_SURFACE ( 'NONE', #1366, 1.700000000000007061 ) ;
#1443 = DIRECTION ( 'NONE',  ( 0.000000000000000000, 0.000000000000000000, -1.000000000000000000 ) ) ;
#1444 = DIRECTION ( 'NONE',  ( 0.000000000000000000, 0.000000000000000000, 1.000000000000000000 ) ) ;
#1445 = ORIENTED_EDGE ( 'NONE', *, *, #1191, .T. ) ;
#1446 = DIRECTION ( 'NONE',  ( -0.000000000000000000, 1.000000000000000000, -0.000000000000000000 ) ) ;
#1447 = PRESENTATION_STYLE_ASSIGNMENT (( #632 ) ) ;
#1448 = VERTEX_POINT ( 'NONE', #333 ) ;
#1449 = LINE ( 'NONE', #1458, #1385 ) ;
#1450 = MECHANICAL_DESIGN_GEOMETRIC_PRESENTATION_REPRESENTATION (  '', ( #1521 ), #380 ) ;
#1451 = STYLED_ITEM ( 'NONE', ( #23 ), #27 ) ;
#1452 = CARTESIAN_POINT ( 'NONE',  ( 5.941375728502796530E-16, -4.851501455472233104, 0.000000000000000000 ) ) ;
#1453 = EDGE_LOOP ( 'NONE', ( #586, #428, #1304, #1350, #1628 ) ) ;
#1454 = DIRECTION ( 'NONE',  ( -1.224646799147353454E-16, 1.000000000000000000, 0.000000000000000000 ) ) ;
#1455 =( NAMED_UNIT ( * ) PLANE_ANGLE_UNIT ( ) SI_UNIT ( $, .RADIAN. ) );
#1456 = EDGE_CURVE ( 'NONE', #1479, #658, #872, .T. ) ;
#1457 = VERTEX_POINT ( 'NONE', #1403 ) ;
#1458 = CARTESIAN_POINT ( 'NONE',  ( 54.00000000000000000, -10.00000000000000178, 59.89999999999999858 ) ) ;
#1459 = CARTESIAN_POINT ( 'NONE',  ( 120.0000000000000000, 0.000000000000000000, 114.7799999999999869 ) ) ;
#1460 = VERTEX_POINT ( 'NONE', #859 ) ;
#1461 = CARTESIAN_POINT ( 'NONE',  ( 114.9999999999999858, 0.000000000000000000, 5.000000000000004441 ) ) ;
#1462 = EDGE_CURVE ( 'NONE', #110, #137, #1102, .T. ) ;
#1463 = CARTESIAN_POINT ( 'NONE',  ( 52.54698493358075950, -8.056401198963335730, 64.12261245313500524 ) ) ;
#1464 = PRESENTATION_LAYER_ASSIGNMENT (  '', '', ( #649 ) ) ;
#1465 = AXIS2_PLACEMENT_3D ( 'NONE', #912, #1454, #250 ) ;
#1466 = DIRECTION ( 'NONE',  ( -1.000000000000000000, -1.224646799147353454E-16, 0.000000000000000000 ) ) ;
#1467 =( GEOMETRIC_REPRESENTATION_CONTEXT ( 3 ) GLOBAL_UNCERTAINTY_ASSIGNED_CONTEXT ( ( #592 ) ) GLOBAL_UNIT_ASSIGNED_CONTEXT ( ( #1091, #951, #1234 ) ) REPRESENTATION_CONTEXT ( 'NONE', 'WORKASPACE' ) );
#1468 = CARTESIAN_POINT ( 'NONE',  ( 5.000000000000000888, -10.00000000000000178, 6.700000000000005507 ) ) ;
#1469 = CARTESIAN_POINT ( 'NONE',  ( 5.000000000000000888, -10.00000000000000178, 3.300000000000005151 ) ) ;
#1470 = ORIENTED_EDGE ( 'NONE', *, *, #409, .T. ) ;
#1471 = CARTESIAN_POINT ( 'NONE',  ( 2.466388947532406117, -9.977669962685792981, 119.1405513957414968 ) ) ;
#1472 = DIRECTION ( 'NONE',  ( 1.224646799147353454E-16, -1.000000000000000000, 0.000000000000000000 ) ) ;
#1473 = AXIS2_PLACEMENT_3D ( 'NONE', #1139, #602, #1301 ) ;
#1474 = ORIENTED_EDGE ( 'NONE', *, *, #335, .F. ) ;
#1475 = DIRECTION ( 'NONE',  ( 1.223900777406162221E-16, -0.9993908270190959842, -0.03489949670249382213 ) ) ;
#1476 = DIRECTION ( 'NONE',  ( -1.161086396549150853E-32, -0.03489949670249381519, 0.9993908270190959842 ) ) ;
#1477 = VERTEX_POINT ( 'NONE', #86 ) ;
#1478 = CARTESIAN_POINT ( 'NONE',  ( 119.3689319443769250, -4.920837484314111165, 2.481905104436089360 ) ) ;
#1479 = VERTEX_POINT ( 'NONE', #1459 ) ;
#1480 = DIRECTION ( 'NONE',  ( 0.000000000000000000, 0.9993908270190962062, 0.03489949670248958247 ) ) ;
#1481 = FILL_AREA_STYLE ('',( #152 ) ) ;
#1482 = ORIENTED_EDGE ( 'NONE', *, *, #37, .F. ) ;
#1483 = CARTESIAN_POINT ( 'NONE',  ( 118.8958907045914657, -5.954013610143850777, 3.918108960826616194 ) ) ;
#1484 = DIRECTION ( 'NONE',  ( -1.000000000000000000, 0.000000000000000000, 0.000000000000000000 ) ) ;
#1485 = EDGE_LOOP ( 'NONE', ( #1433, #1083, #56, #863 ) ) ;
#1486 = DIRECTION ( 'NONE',  ( -0.000000000000000000, 1.000000000000000000, -0.000000000000000000 ) ) ;
#1487 = ADVANCED_FACE ( 'NONE', ( #356 ), #754, .F. ) ;
#1488 = AXIS2_PLACEMENT_3D ( 'NONE', #1035, #1194, #1597 ) ;
#1489 = VECTOR ( 'NONE', #395, 1000.000000000000000 ) ;
#1490 = AXIS2_PLACEMENT_3D ( 'NONE', #1343, #1600, #1019 ) ;
#1491 = CARTESIAN_POINT ( 'NONE',  ( 54.00000000000000000, -7.391179165939289142, 59.89999999999999858 ) ) ;
#1492 =( NAMED_UNIT ( * ) PLANE_ANGLE_UNIT ( ) SI_UNIT ( $, .RADIAN. ) );
#1493 = ORIENTED_EDGE ( 'NONE', *, *, #1398, .F. ) ;
#1494 =( BOUNDED_CURVE ( )  B_SPLINE_CURVE ( 3, ( #166, #407, #1242, #1081 ),
 .UNSPECIFIED., .F., .T. ) 
 B_SPLINE_CURVE_WITH_KNOTS ( ( 4, 4 ),
 ( 3.141592653589790451, 6.283185307179583567 ),
 .UNSPECIFIED. ) 
 CURVE ( )  GEOMETRIC_REPRESENTATION_ITEM ( )  RATIONAL_B_SPLINE_CURVE ( ( 1.000000000000000000, 0.3333333333333324822, 0.3333333333333324822, 1.000000000000000000 ) ) 
 REPRESENTATION_ITEM ( '' )  );
#1495 = FACE_OUTER_BOUND ( 'NONE', #1197, .T. ) ;
#1496 = EDGE_CURVE ( 'NONE', #461, #1028, #139, .T. ) ;
#1497 = PRESENTATION_LAYER_ASSIGNMENT (  '', '', ( #1129 ) ) ;
#1498 = FACE_OUTER_BOUND ( 'NONE', #852, .T. ) ;
#1499 = PRESENTATION_STYLE_ASSIGNMENT (( #1079 ) ) ;
#1500 = EDGE_CURVE ( 'NONE', #1125, #894, #11, .T. ) ;
#1501 = DIRECTION ( 'NONE',  ( -1.223900777406162221E-16, 0.9993908270190959842, 0.03489949670249382213 ) ) ;
#1502 = ORIENTED_EDGE ( 'NONE', *, *, #456, .T. ) ;
#1503 =( BOUNDED_CURVE ( )  B_SPLINE_CURVE ( 3, ( #1208, #8, #1246, #44 ),
 .UNSPECIFIED., .F., .T. ) 
 B_SPLINE_CURVE_WITH_KNOTS ( ( 4, 4 ),
 ( -8.881784197001252323E-16, 3.141592653589796669 ),
 .UNSPECIFIED. ) 
 CURVE ( )  GEOMETRIC_REPRESENTATION_ITEM ( )  RATIONAL_B_SPLINE_CURVE ( ( 1.000000000000000000, 0.3333333333333318715, 0.3333333333333318715, 1.000000000000000000 ) ) 
 REPRESENTATION_ITEM ( '' )  );
#1504 = EDGE_CURVE ( 'NONE', #1633, #605, #1218, .T. ) ;
#1505 = PRESENTATION_STYLE_ASSIGNMENT (( #706 ) ) ;
#1506 = FACE_OUTER_BOUND ( 'NONE', #1485, .T. ) ;
#1507 = ORIENTED_EDGE ( 'NONE', *, *, #1496, .T. ) ;
#1508 = CARTESIAN_POINT ( 'NONE',  ( 0.000000000000000000, 0.000000000000000000, 0.000000000000000000 ) ) ;
#1509 = VERTEX_POINT ( 'NONE', #908 ) ;
#1510 = EDGE_CURVE ( 'NONE', #1274, #1021, #473, .T. ) ;
#1511 = DIRECTION ( 'NONE',  ( -0.000000000000000000, 1.000000000000000000, -0.000000000000000000 ) ) ;
#1512 = FILL_AREA_STYLE_COLOUR ( '', #289 ) ;
#1513 =( LENGTH_UNIT ( ) NAMED_UNIT ( * ) SI_UNIT ( .MILLI., .METRE. ) );
#1514 = ORIENTED_EDGE ( 'NONE', *, *, #1011, .T. ) ;
#1515 = PRESENTATION_LAYER_ASSIGNMENT (  '', '', ( #1682 ) ) ;
#1516 = CARTESIAN_POINT ( 'NONE',  ( 118.1986673657384301, -9.910019212796749244, 117.2032873870514180 ) ) ;
#1517 = DIRECTION ( 'NONE',  ( 1.000000000000000000, 0.000000000000000000, 0.000000000000000000 ) ) ;
#1518 = ORIENTED_EDGE ( 'NONE', *, *, #1612, .T. ) ;
#1519 = CARTESIAN_POINT ( 'NONE',  ( 5.000000000000001776, -1.199999999999999734, 113.0800000000000267 ) ) ;
#1520 = CARTESIAN_POINT ( 'NONE',  ( 119.0000000000000000, -9.824177435261557179, 114.7451005032975075 ) ) ;
#1521 = STYLED_ITEM ( 'NONE', ( #789 ), #264 ) ;
#1522 = AXIS2_PLACEMENT_3D ( 'NONE', #106, #751, #1016 ) ;
#1523 = CARTESIAN_POINT ( 'NONE',  ( 118.8958907045879840, -9.860739185575917887, 115.7920920457664238 ) ) ;
#1524 = ORIENTED_EDGE ( 'NONE', *, *, #1055, .T. ) ;
#1525 = EDGE_CURVE ( 'NONE', #1169, #1460, #1005, .T. ) ;
#1526 = CARTESIAN_POINT ( 'NONE',  ( 119.0000000000000000, -5.990575360458278098, 4.965100503297510848 ) ) ;
#1527 = CYLINDRICAL_SURFACE ( 'NONE', #73, 5.000000000000000888 ) ;
#1528 = UNCERTAINTY_MEASURE_WITH_UNIT (LENGTH_MEASURE( 1.000000000000000082E-05 ), #955, 'distance_accuracy_value', 'NONE');
#1529 = EDGE_CURVE ( 'NONE', #718, #1364, #1576, .T. ) ;
#1530 = LINE ( 'NONE', #1645, #1412 ) ;
#1531 = ORIENTED_EDGE ( 'NONE', *, *, #438, .T. ) ;
#1532 = DIRECTION ( 'NONE',  ( -1.000000000000000000, -1.224646799147353454E-16, 0.000000000000000000 ) ) ;
#1533 = ORIENTED_EDGE ( 'NONE', *, *, #228, .T. ) ;
#1534 = DIRECTION ( 'NONE',  ( 0.000000000000000000, 1.000000000000000000, 0.000000000000000000 ) ) ;
#1535 = FILL_AREA_STYLE_COLOUR ( '', #1382 ) ;
#1536 = DIRECTION ( 'NONE',  ( 0.000000000000000000, -1.000000000000000000, 0.000000000000000000 ) ) ;
#1537 =( NAMED_UNIT ( * ) SI_UNIT ( $, .STERADIAN. ) SOLID_ANGLE_UNIT ( ) );
#1538 = CARTESIAN_POINT ( 'NONE',  ( 119.3842355962194830, -9.912430960112150302, 117.2723507939929561 ) ) ;
#1539 = CIRCLE ( 'NONE', #1001, 1.699999999999993072 ) ;
#1540 = ORIENTED_EDGE ( 'NONE', *, *, #206, .F. ) ;
#1541 = CIRCLE ( 'NONE', #784, 0.9999999999999997780 ) ;
#1542 = FILL_AREA_STYLE_COLOUR ( '', #1270 ) ;
#1543 = DIRECTION ( 'NONE',  ( 1.000000000000000000, 1.224646799147353454E-16, 0.000000000000000000 ) ) ;
#1544 = DIRECTION ( 'NONE',  ( 0.000000000000000000, 0.03489949670249368335, -0.9993908270190959842 ) ) ;
#1545 = AXIS2_PLACEMENT_3D ( 'NONE', #1367, #936, #295 ) ;
#1546 = FACE_BOUND ( 'NONE', #652, .T. ) ;
#1547 = DIRECTION ( 'NONE',  ( -1.000000000000000000, -1.224646799147353454E-16, 0.000000000000000000 ) ) ;
#1548 = CARTESIAN_POINT ( 'NONE',  ( 2.541813116245957627, -5.878875434698586311, 1.766433137559058286 ) ) ;
#1549 = ORIENTED_EDGE ( 'NONE', *, *, #932, .F. ) ;
#1550 = CARTESIAN_POINT ( 'NONE',  ( 5.000000000000000888, -1.199999999999999734, 3.300000000000004707 ) ) ;
#1551 = VERTEX_POINT ( 'NONE', #899 ) ;
#1552 = AXIS2_PLACEMENT_3D ( 'NONE', #58, #1534, #339 ) ;
#1553 = ADVANCED_FACE ( 'NONE', ( #239 ), #774, .T. ) ;
#1554 = CYLINDRICAL_SURFACE ( 'NONE', #171, 3.000000000000001776 ) ;
#1555 = CARTESIAN_POINT ( 'NONE',  ( -1.000000000000024203, -1.199999999999999734, 8.169161769337048185 ) ) ;
#1556 = DIRECTION ( 'NONE',  ( 0.000000000000000000, -0.03489949670249402336, 0.9993908270190959842 ) ) ;
#1557 = CARTESIAN_POINT ( 'NONE',  ( 5.000000000000001776, -9.447848977490478362, 118.2953176429181212 ) ) ;
#1558 = VERTEX_POINT ( 'NONE', #108 ) ;
#1559 = CARTESIAN_POINT ( 'NONE',  ( 5.000000000000000888, -4.851501455472232216, 0.000000000000000000 ) ) ;
#1560 = CARTESIAN_POINT ( 'NONE',  ( 56.35227896100518308, -8.001119196186406768, 62.53954301961418594 ) ) ;
#1561 = EDGE_LOOP ( 'NONE', ( #861, #347, #562, #1075 ) ) ;
#1562 = CARTESIAN_POINT ( 'NONE',  ( 51.72094950457464080, -7.929236505913471511, 60.48109209431079591 ) ) ;
#1563 = DIRECTION ( 'NONE',  ( 0.000000000000000000, 0.03489949670249362090, -0.9993908270190959842 ) ) ;
#1564 = EDGE_CURVE ( 'NONE', #1021, #337, #1619, .T. ) ;
#1565 = DIRECTION ( 'NONE',  ( -1.223900777406162221E-16, 0.9993908270190959842, 0.03489949670249382213 ) ) ;
#1566 = CYLINDRICAL_SURFACE ( 'NONE', #612, 1.699999999999993072 ) ;
#1567 = VERTEX_POINT ( 'NONE', #1320 ) ;
#1568 =( BOUNDED_CURVE ( )  B_SPLINE_CURVE ( 3, ( #1348, #1370, #1212, #1057 ),
 .UNSPECIFIED., .F., .T. ) 
 B_SPLINE_CURVE_WITH_KNOTS ( ( 4, 4 ),
 ( -2.664535259100375697E-15, 3.141592653589790451 ),
 .UNSPECIFIED. ) 
 CURVE ( )  GEOMETRIC_REPRESENTATION_ITEM ( )  RATIONAL_B_SPLINE_CURVE ( ( 1.000000000000000000, 0.3333333333333333703, 0.3333333333333333703, 1.000000000000000000 ) ) 
 REPRESENTATION_ITEM ( '' )  );
#1569 = CARTESIAN_POINT ( 'NONE',  ( 54.00000000000000000, -10.00000000000000178, 64.59999999999999432 ) ) ;
#1570 = DIRECTION ( 'NONE',  ( -1.223900777406162221E-16, 0.9993908270190959842, 0.03489949670249382213 ) ) ;
#1571 = CARTESIAN_POINT ( 'NONE',  ( 53.99999999999999289, -8.073071939445751966, 64.59999999999999432 ) ) ;
#1572 = CARTESIAN_POINT ( 'NONE',  ( 53.69011807214882026, -8.073071939446075262, 64.59999999998963460 ) ) ;
#1573 = AXIS2_PLACEMENT_3D ( 'NONE', #1399, #345, #195 ) ;
#1574 = CIRCLE ( 'NONE', #808, 2.999999999999996447 ) ;
#1575 = TOROIDAL_SURFACE ( 'NONE', #534, 3.500000000000006217, 0.5000000000000000000 ) ;
#1576 = CIRCLE ( 'NONE', #66, 3.500000000000001332 ) ;
#1577 = CARTESIAN_POINT ( 'NONE',  ( 114.9999999999999858, -9.825396152541285844, 114.7800000000000296 ) ) ;
#1578 = EDGE_CURVE ( 'NONE', #538, #1125, #1014, .T. ) ;
#1579 =( NAMED_UNIT ( * ) PLANE_ANGLE_UNIT ( ) SI_UNIT ( $, .RADIAN. ) );
#1580 = CARTESIAN_POINT ( 'NONE',  ( 1.504854444497874644, -5.920228311333286086, 2.950624586847709008 ) ) ;
#1581 = ORIENTED_EDGE ( 'NONE', *, *, #568, .T. ) ;
#1582 = FACE_BOUND ( 'NONE', #1368, .T. ) ;
#1583 = CYLINDRICAL_SURFACE ( 'NONE', #868, 2.349999999999990763 ) ;
#1584 = CARTESIAN_POINT ( 'NONE',  ( 56.84999999999999432, -8.003426458639346208, 62.60561437161699416 ) ) ;
#1585 = VERTEX_POINT ( 'NONE', #826 ) ;
#1586 = CARTESIAN_POINT ( 'NONE',  ( 52.81649540195792980, -7.577666244293467912, 64.30339801504717911 ) ) ;
#1587 = CARTESIAN_POINT ( 'NONE',  ( 6.112438162830090481E-16, -4.991184533439197324, 5.000000000000004441 ) ) ;
#1588 = CARTESIAN_POINT ( 'NONE',  ( -1.302350267789674805E-16, -4.972896764781637557, 4.345383530936089755 ) ) ;
#1589 = VERTEX_POINT ( 'NONE', #1375 ) ;
#1590 = EDGE_CURVE ( 'NONE', #679, #1558, #1369, .T. ) ;
#1591 = CARTESIAN_POINT ( 'NONE',  ( 5.000000000000001776, -1.199999999999999734, 116.4800000000000466 ) ) ;
#1592 = DIRECTION ( 'NONE',  ( -1.000000000000000000, -1.224646799147353454E-16, 0.000000000000000000 ) ) ;
#1593 = CARTESIAN_POINT ( 'NONE',  ( 55.19129833106341465, -8.062569601438276834, 64.29925238875112825 ) ) ;
#1594 = ORIENTED_EDGE ( 'NONE', *, *, #1085, .F. ) ;
#1595 = DIRECTION ( 'NONE',  ( -0.000000000000000000, 1.000000000000000000, -0.000000000000000000 ) ) ;
#1596 = LINE ( 'NONE', #29, #1355 ) ;
#1597 = DIRECTION ( 'NONE',  ( 0.000000000000000000, 0.000000000000000000, 1.000000000000000000 ) ) ;
#1598 = ORIENTED_EDGE ( 'NONE', *, *, #1171, .F. ) ;
#1599 = CARTESIAN_POINT ( 'NONE',  ( 0.000000000000000000, 0.000000000000000000, 119.7800000000000011 ) ) ;
#1600 = DIRECTION ( 'NONE',  ( 0.000000000000000000, 1.000000000000000000, 0.000000000000000000 ) ) ;
#1601 = CARTESIAN_POINT ( 'NONE',  ( 55.43531408698562757, -7.903435887197690413, 59.74225904190969061 ) ) ;
#1602 = ORIENTED_EDGE ( 'NONE', *, *, #708, .T. ) ;
#1603 = CARTESIAN_POINT ( 'NONE',  ( 0.6310680556239456340, -8.895133657367791713, 117.2980948955660097 ) ) ;
#1604 = CIRCLE ( 'NONE', #90, 3.500000000000003109 ) ;
#1605 = CIRCLE ( 'NONE', #783, 3.500000000000003109 ) ;
#1606 = VECTOR ( 'NONE', #1159, 1000.000000000000227 ) ;
#1607 = AXIS2_PLACEMENT_3D ( 'NONE', #654, #641, #252 ) ;
#1608 = CIRCLE ( 'NONE', #12, 1.700000000000007061 ) ;
#1609 = SURFACE_STYLE_FILL_AREA ( #1238 ) ;
#1610 = ORIENTED_EDGE ( 'NONE', *, *, #283, .T. ) ;
#1611 = CARTESIAN_POINT ( 'NONE',  ( 5.000000000000000000, -1.199999999999999734, 2.165504503544115611 ) ) ;
#1612 = EDGE_CURVE ( 'NONE', #961, #679, #1090, .T. ) ;
#1613 = DIRECTION ( 'NONE',  ( 1.223900777406162467E-16, -0.9993908270190958731, -0.03489949670249381519 ) ) ;
#1614 = CARTESIAN_POINT ( 'NONE',  ( 5.000000000000001776, -9.325700739031754338, 114.7974497483512835 ) ) ;
#1615 = CARTESIAN_POINT ( 'NONE',  ( 119.0000000000000000, -5.990575360458278098, 4.965100503297510848 ) ) ;
#1616 = CARTESIAN_POINT ( 'NONE',  ( 55.18350459804040753, -7.403740473688038115, 60.19660198495213876 ) ) ;
#1617 = ORIENTED_EDGE ( 'NONE', *, *, #1112, .F. ) ;
#1618 = CARTESIAN_POINT ( 'NONE',  ( 118.4951455554988229, -5.920228311333271876, 2.950624586847724995 ) ) ;
#1619 =( BOUNDED_CURVE ( )  B_SPLINE_CURVE ( 3, ( #116, #1182, #1046, #1587 ),
 .UNSPECIFIED., .F., .F. ) 
 B_SPLINE_CURVE_WITH_KNOTS ( ( 4, 4 ),
 ( 3.141592653589793116, 4.712388980384689674 ),
 .UNSPECIFIED. ) 
 CURVE ( )  GEOMETRIC_REPRESENTATION_ITEM ( )  RATIONAL_B_SPLINE_CURVE ( ( 1.000000000000000000, 0.8047378541243649375, 0.8047378541243649375, 1.000000000000000000 ) ) 
 REPRESENTATION_ITEM ( '' )  );
#1620 = ORIENTED_EDGE ( 'NONE', *, *, #35, .T. ) ;
#1621 = ORIENTED_EDGE ( 'NONE', *, *, #1500, .F. ) ;
#1622 = EDGE_LOOP ( 'NONE', ( #1294, #326, #129, #362 ) ) ;
#1623 = EDGE_CURVE ( 'NONE', #1021, #737, #1146, .T. ) ;
#1624 = ADVANCED_FACE ( 'NONE', ( #738 ), #1554, .F. ) ;
#1625 = LINE ( 'NONE', #1468, #9 ) ;
#1626 = COLOUR_RGB ( '',0.000000000000000000, 0.000000000000000000, 0.000000000000000000 ) ;
#1627 = ORIENTED_EDGE ( 'NONE', *, *, #1329, .F. ) ;
#1628 = ORIENTED_EDGE ( 'NONE', *, *, #819, .F. ) ;
#1629 = CARTESIAN_POINT ( 'NONE',  ( 2.071067811865475505, -8.964469686209438848, 119.7800000000000011 ) ) ;
#1630 = LINE ( 'NONE', #967, #400 ) ;
#1631 = SURFACE_SIDE_STYLE ('',( #1609 ) ) ;
#1632 = EDGE_CURVE ( 'NONE', #929, #1551, #131, .T. ) ;
#1633 = VERTEX_POINT ( 'NONE', #998 ) ;
#1634 = UNCERTAINTY_MEASURE_WITH_UNIT (LENGTH_MEASURE( 1.000000000000000082E-05 ), #1245, 'distance_accuracy_value', 'NONE');
#1635 = CARTESIAN_POINT ( 'NONE',  ( 115.6546164690605565, -4.851501455472901903, 4.336808689942017736E-15 ) ) ;
#1636 = ORIENTED_EDGE ( 'NONE', *, *, #162, .T. ) ;
#1637 = DIRECTION ( 'NONE',  ( -0.000000000000000000, -1.000000000000000000, -0.000000000000000000 ) ) ;
#1638 = CARTESIAN_POINT ( 'NONE',  ( 120.0000000000000000, -9.999999999999985789, 114.7799999999999869 ) ) ;
#1639 = DIRECTION ( 'NONE',  ( -0.000000000000000000, 1.000000000000000000, -0.000000000000000000 ) ) ;
#1640 = ORIENTED_EDGE ( 'NONE', *, *, #1094, .T. ) ;
#1641 = CARTESIAN_POINT ( 'NONE',  ( 119.3689319443759587, -8.895133657367320978, 117.2980948955662086 ) ) ;
#1642 = EDGE_LOOP ( 'NONE', ( #748, #937, #320, #358 ) ) ;
#1643 = ADVANCED_FACE ( 'NONE', ( #1287 ), #582, .T. ) ;
#1644 = CARTESIAN_POINT ( 'NONE',  ( 114.9999999999999858, 0.000000000000000000, 5.000000000000004441 ) ) ;
#1645 = CARTESIAN_POINT ( 'NONE',  ( 1.000000000000000888, -10.00000000000000000, 119.7800000000000011 ) ) ;
#1646 = CARTESIAN_POINT ( 'NONE',  ( 5.000000000000000888, -1.199999999999999734, 5.000000000000005329 ) ) ;
#1647 = ORIENTED_EDGE ( 'NONE', *, *, #281, .F. ) ;
#1648 = TOROIDAL_SURFACE ( 'NONE', #810, 3.500000000000006217, 0.5000000000000000000 ) ;
#1649 = CARTESIAN_POINT ( 'NONE',  ( 5.000000000000000888, -9.964469686209437072, 118.7800000000000011 ) ) ;
#1650 = STYLED_ITEM ( 'NONE', ( #603 ), #1487 ) ;
#1651 = MECHANICAL_DESIGN_GEOMETRIC_PRESENTATION_REPRESENTATION (  '', ( #267 ), #786 ) ;
#1652 = ORIENTED_EDGE ( 'NONE', *, *, #18, .F. ) ;
#1653 = DIRECTION ( 'NONE',  ( 0.000000000000000000, 0.03489949670249362090, -0.9993908270190959842 ) ) ;
#1654 = DIRECTION ( 'NONE',  ( 0.000000000000000000, -1.000000000000000000, 0.000000000000000000 ) ) ;
#1655 = PRESENTATION_STYLE_ASSIGNMENT (( #466 ) ) ;
#1656 = VECTOR ( 'NONE', #624, 1000.000000000000000 ) ;
#1657 = EDGE_LOOP ( 'NONE', ( #481, #1201, #258, #1425, #1210, #1602, #1436, #1134 ) ) ;
#1658 = AXIS2_PLACEMENT_3D ( 'NONE', #635, #342, #1163 ) ;
#1659 = CARTESIAN_POINT ( 'NONE',  ( 114.9999999999999858, -1.199999999999999734, 118.0830341037143398 ) ) ;
#1660 = ORIENTED_EDGE ( 'NONE', *, *, #332, .F. ) ;
#1661 = CARTESIAN_POINT ( 'NONE',  ( 54.00000000000000711, -7.391179165939289142, 59.89999999999999858 ) ) ;
#1662 = EDGE_CURVE ( 'NONE', #1227, #615, #1449, .T. ) ;
#1663 = CARTESIAN_POINT ( 'NONE',  ( 120.0000000000000000, 0.000000000000000000, 119.7800000000000011 ) ) ;
#1664 = FILL_AREA_STYLE ('',( #1512 ) ) ;
#1665 = FACE_OUTER_BOUND ( 'NONE', #875, .T. ) ;
#1666 = ORIENTED_EDGE ( 'NONE', *, *, #932, .T. ) ;
#1667 = CARTESIAN_POINT ( 'NONE',  ( 114.9999999999999716, -9.999999999999982236, 119.7800000000000011 ) ) ;
#1668 = VERTEX_POINT ( 'NONE', #1345 ) ;
#1669 = PRODUCT_DEFINITION_SHAPE ( 'NONE', 'NONE',  #194 ) ;
#1670 = SURFACE_STYLE_USAGE ( .BOTH. , #469 ) ;
#1671 = CARTESIAN_POINT ( 'NONE',  ( 5.000000000000001776, -9.325700739031754338, 114.7974497483512835 ) ) ;
#1672 = ADVANCED_FACE ( 'NONE', ( #237 ), #1681, .T. ) ;
#1673 = DIRECTION ( 'NONE',  ( 0.000000000000000000, -1.000000000000000000, 0.000000000000000000 ) ) ;
#1674 = CARTESIAN_POINT ( 'NONE',  ( 5.000000000000000000, -1.199999999999999734, 118.0830341037143256 ) ) ;
#1675 = CARTESIAN_POINT ( 'NONE',  ( 3.699555402458484910, -5.821678680455790733, 0.1285323961011958782 ) ) ;
#1676 = ORIENTED_EDGE ( 'NONE', *, *, #1112, .T. ) ;
#1677 = ADVANCED_FACE ( 'NONE', ( #1172 ), #317, .T. ) ;
#1678 = CARTESIAN_POINT ( 'NONE',  ( 5.000000000000001776, -9.825396152541298278, 114.7800000000000296 ) ) ;
#1679 = CARTESIAN_POINT ( 'NONE',  ( 55.18350459804003805, -7.577666244293467912, 64.30339801504801756 ) ) ;
#1680 = ORIENTED_EDGE ( 'NONE', *, *, #840, .F. ) ;
#1681 = TOROIDAL_SURFACE ( 'NONE', #1607, 3.499999999999996891, 0.5000000000000000000 ) ;
#1682 = STYLED_ITEM ( 'NONE', ( #1447 ), #533 ) ;
#1683 = CARTESIAN_POINT ( 'NONE',  ( 53.38489246592532567, -7.393769514393572884, 59.96116421224448345 ) ) ;
#1684 = CIRCLE ( 'NONE', #620, 5.000000000000004441 ) ;
#1685 = DIRECTION ( 'NONE',  ( 0.000000000000000000, 0.000000000000000000, 1.000000000000000000 ) ) ;
#1686 = CARTESIAN_POINT ( 'NONE',  ( 5.000000000000000888, -5.991794077738018309, 5.000000000000006217 ) ) ;
#1687 = ORIENTED_EDGE ( 'NONE', *, *, #717, .T. ) ;
#1688 =( BOUNDED_CURVE ( )  B_SPLINE_CURVE ( 3, ( #665, #163, #1204, #302 ),
 .UNSPECIFIED., .F., .T. ) 
 B_SPLINE_CURVE_WITH_KNOTS ( ( 4, 4 ),
 ( 1.072229976844221384E-15, 3.141592653589794004 ),
 .UNSPECIFIED. ) 
 CURVE ( )  GEOMETRIC_REPRESENTATION_ITEM ( )  RATIONAL_B_SPLINE_CURVE ( ( 1.000000000000000000, 0.3333333333333333703, 0.3333333333333333703, 1.000000000000000000 ) ) 
 REPRESENTATION_ITEM ( '' )  );
#1689 = LINE ( 'NONE', #1167, #721 ) ;
#1690 = DIRECTION ( 'NONE',  ( -1.223900777406162221E-16, 0.9993908270190959842, 0.03489949670249382213 ) ) ;
#1691 = AXIS2_PLACEMENT_3D ( 'NONE', #1174, #1673, #732 ) ;
#1692 = CARTESIAN_POINT ( 'NONE',  ( 52.56515132027632120, -7.925140319180266069, 60.36379265355900259 ) ) ;
#1693 = CARTESIAN_POINT ( 'NONE',  ( 10.99999999999998224, -1.199999999999999956, 112.0793768379214583 ) ) ;
#1694 = DIRECTION ( 'NONE',  ( 0.000000000000000000, -1.000000000000000000, 0.000000000000000000 ) ) ;
#1695 =( NAMED_UNIT ( * ) SI_UNIT ( $, .STERADIAN. ) SOLID_ANGLE_UNIT ( ) );
#1696 = ORIENTED_EDGE ( 'NONE', *, *, #1632, .F. ) ;
#1697 = DIRECTION ( 'NONE',  ( -0.000000000000000000, 1.000000000000000000, -0.000000000000000000 ) ) ;
#1698 = CARTESIAN_POINT ( 'NONE',  ( 56.27905049542535920, -8.051561039087170357, 63.98400840898800368 ) ) ;
#1699 = VERTEX_POINT ( 'NONE', #1611 ) ;
#1700 = CARTESIAN_POINT ( 'NONE',  ( 8.673617379884035472E-16, -8.843074376900387890, 115.4346164690667251 ) ) ;
#1701 = EDGE_CURVE ( 'NONE', #855, #1227, #1494, .T. ) ;
#1702 = SURFACE_SIDE_STYLE ('',( #1162 ) ) ;
#1703 = CARTESIAN_POINT ( 'NONE',  ( 114.9999999999999858, 0.000000000000000000, 113.0800000000000409 ) ) ;
#1704 = FILL_AREA_STYLE_COLOUR ( '', #537 ) ;
#1705 = EDGE_LOOP ( 'NONE', ( #1089, #153, #118, #497 ) ) ;
#1706 = CARTESIAN_POINT ( 'NONE',  ( 5.000000000000000888, -5.492098664228469929, 5.017449748351253014 ) ) ;
#1707 = CARTESIAN_POINT ( 'NONE',  ( 114.9999999999999858, -8.964469686209421084, 119.7800000000000011 ) ) ;
#1708 = CARTESIAN_POINT ( 'NONE',  ( 56.06129600782973910, -8.031860809195437767, 63.41986763611453171 ) ) ;
#1709 = CARTESIAN_POINT ( 'NONE',  ( 1.927266395308957048, -8.936486534002010984, 118.7783342071744102 ) ) ;
#1710 = FILL_AREA_STYLE_COLOUR ( '', #315 ) ;
#1711 = STYLED_ITEM ( 'NONE', ( #1505 ), #1357 ) ;
#1712 = TOROIDAL_SURFACE ( 'NONE', #203, 3.500000000000001332, 0.5000000000000000000 ) ;
#1713 = ADVANCED_FACE ( 'NONE', ( #1351 ), #182, .T. ) ;
#1714 = AXIS2_PLACEMENT_3D ( 'NONE', #873, #71, #80 ) ;
#1715 = CARTESIAN_POINT ( 'NONE',  ( 1.927266395307531521, -4.879484607679435371, 1.001665792826997858 ) ) ;
#1716 = ORIENTED_EDGE ( 'NONE', *, *, #559, .T. ) ;
#1717 = DIRECTION ( 'NONE',  ( 0.000000000000000000, 0.000000000000000000, -1.000000000000000000 ) ) ;
#1718 = CARTESIAN_POINT ( 'NONE',  ( 54.00000000000000000, -7.890874579448836634, 59.38255025164875889 ) ) ;
#1719 = EDGE_LOOP ( 'NONE', ( #577, #1114, #1086, #394 ) ) ;
#1720 = CARTESIAN_POINT ( 'NONE',  ( 51.50970879026333193, -8.040521044880362567, 63.66786433863984485 ) ) ;
#1721 = CARTESIAN_POINT ( 'NONE',  ( 1.000000000000001110, -5.990575360458292309, 4.965100503297516177 ) ) ;
#1722 = DIRECTION ( 'NONE',  ( 1.000000000000000000, -0.000000000000000000, 3.506929592250267982E-15 ) ) ;
#1723 = CARTESIAN_POINT ( 'NONE',  ( 114.9999999999999858, -8.964469686209421084, 118.7800000000000011 ) ) ;
#1724 = CARTESIAN_POINT ( 'NONE',  ( 56.49029120973554541, -7.940276500120158509, 60.79723616465552283 ) ) ;
ENDSEC;
END-ISO-10303-21;
