ISO-10303-21;
HEADER;
FILE_DESCRIPTION (( 'STEP AP214' ),
    '1' );
FILE_NAME ('Bottom -1.STEP',
    '2026-03-29T20:00:43',
    ( '' ),
    ( '' ),
    'SwSTEP 2.0',
    'SolidWorks 2024',
    '' );
FILE_SCHEMA (( 'AUTOMOTIVE_DESIGN' ));
ENDSEC;

DATA;
#1 = DIRECTION ( 'NONE',  ( 0.000000000000000000, -1.000000000000000000, -5.262994901000794812E-13 ) ) ;
#2 = CIRCLE ( 'NONE', #1809, 5.000000000000005329 ) ;
#3 = PRESENTATION_STYLE_ASSIGNMENT (( #163 ) ) ;
#4 = FILL_AREA_STYLE_COLOUR ( '', #1315 ) ;
#5 = ORIENTED_EDGE ( 'NONE', *, *, #1318, .F. ) ;
#6 = ORIENTED_EDGE ( 'NONE', *, *, #1338, .F. ) ;
#7 = EDGE_LOOP ( 'NONE', ( #1114, #1776, #1171, #577 ) ) ;
#8 = PLANE ( 'NONE',  #1905 ) ;
#9 = CARTESIAN_POINT ( 'NONE',  ( 11.00000000000003908, -54.09000000002890118, -33.95000000000362661 ) ) ;
#10 = EDGE_CURVE ( 'NONE', #388, #1066, #1951, .T. ) ;
#11 = DIRECTION ( 'NONE',  ( -0.000000000000000000, -0.000000000000000000, 1.000000000000000000 ) ) ;
#12 = FACE_OUTER_BOUND ( 'NONE', #525, .T. ) ;
#13 = EDGE_LOOP ( 'NONE', ( #566, #335, #1797, #894, #189, #2150, #1207, #1669, #43, #655, #1684, #2070, #455, #661 ) ) ;
#14 = VERTEX_POINT ( 'NONE', #573 ) ;
#15 = AXIS2_PLACEMENT_3D ( 'NONE', #1362, #147, #474 ) ;
#16 = LINE ( 'NONE', #1301, #2010 ) ;
#17 = COLOUR_RGB ( '',0.7529411764705882248, 0.000000000000000000, 0.000000000000000000 ) ;
#18 = ORIENTED_EDGE ( 'NONE', *, *, #203, .T. ) ;
#19 = VECTOR ( 'NONE', #1295, 1000.000000000000000 ) ;
#20 = VECTOR ( 'NONE', #1699, 1000.000000000000000 ) ;
#21 = AXIS2_PLACEMENT_3D ( 'NONE', #623, #1007, #1712 ) ;
#22 = DIRECTION ( 'NONE',  ( 3.446259042486519835E-30, -1.000000000000000000, 2.858993469376380477E-50 ) ) ;
#23 = SURFACE_SIDE_STYLE ('',( #1075 ) ) ;
#24 = LINE ( 'NONE', #406, #1454 ) ;
#25 = CARTESIAN_POINT ( 'NONE',  ( 10.00000000000000000, -53.09000000002644981, -35.45000000000364082 ) ) ;
#26 = ADVANCED_FACE ( 'NONE', ( #913 ), #1483, .T. ) ;
#27 = CARTESIAN_POINT ( 'NONE',  ( 10.00000000000000000, -53.09000000002644981, 56.45000000000353424 ) ) ;
#28 = FILL_AREA_STYLE ('',( #4 ) ) ;
#29 = ADVANCED_FACE ( 'NONE', ( #1795 ), #1271, .F. ) ;
#30 = ORIENTED_EDGE ( 'NONE', *, *, #1513, .F. ) ;
#31 = ORIENTED_EDGE ( 'NONE', *, *, #588, .F. ) ;
#32 = STYLED_ITEM ( 'NONE', ( #1560 ), #1743 ) ;
#33 = STYLED_ITEM ( 'NONE', ( #187 ), #1856 ) ;
#34 = AXIS2_PLACEMENT_3D ( 'NONE', #2210, #1150, #940 ) ;
#35 = PRESENTATION_STYLE_ASSIGNMENT (( #552 ) ) ;
#36 = FACE_OUTER_BOUND ( 'NONE', #85, .T. ) ;
#37 = SURFACE_SIDE_STYLE ('',( #1778 ) ) ;
#38 = ADVANCED_FACE ( 'NONE', ( #2163 ), #1637, .F. ) ;
#39 = CARTESIAN_POINT ( 'NONE',  ( 5.000000000000000000, -63.09000000002888697, 61.08999999999826258 ) ) ;
#40 = PRESENTATION_STYLE_ASSIGNMENT (( #695 ) ) ;
#41 = FACE_OUTER_BOUND ( 'NONE', #1351, .T. ) ;
#42 = AXIS2_PLACEMENT_3D ( 'NONE', #1477, #436, #1140 ) ;
#43 = ORIENTED_EDGE ( 'NONE', *, *, #1230, .T. ) ;
#44 = FACE_BOUND ( 'NONE', #1991, .T. ) ;
#45 = ORIENTED_EDGE ( 'NONE', *, *, #2172, .T. ) ;
#46 = SURFACE_SIDE_STYLE ('',( #1278 ) ) ;
#47 = PRESENTATION_STYLE_ASSIGNMENT (( #890 ) ) ;
#48 = DIRECTION ( 'NONE',  ( 0.000000000000000000, 5.273559366969496596E-13, -1.000000000000000000 ) ) ;
#49 = DIRECTION ( 'NONE',  ( 0.000000000000000000, 1.000000000000000000, 5.262994901000794812E-13 ) ) ;
#50 = EDGE_CURVE ( 'NONE', #369, #1524, #1022, .T. ) ;
#51 = FILL_AREA_STYLE ('',( #1976 ) ) ;
#52 = SURFACE_STYLE_FILL_AREA ( #1807 ) ;
#53 = UNCERTAINTY_MEASURE_WITH_UNIT (LENGTH_MEASURE( 1.000000000000000082E-05 ), #236, 'distance_accuracy_value', 'NONE');
#54 = PRODUCT ( 'Bottom -1', 'Bottom -1', '', ( #1674 ) ) ;
#55 = ORIENTED_EDGE ( 'NONE', *, *, #381, .T. ) ;
#56 = ADVANCED_FACE ( 'NONE', ( #2230 ), #278, .F. ) ;
#57 = EDGE_CURVE ( 'NONE', #497, #337, #811, .T. ) ;
#58 = PRESENTATION_LAYER_ASSIGNMENT (  '', '', ( #1451 ) ) ;
#59 = VECTOR ( 'NONE', #2266, 1000.000000000000000 ) ;
#60 =( LENGTH_UNIT ( ) NAMED_UNIT ( * ) SI_UNIT ( .MILLI., .METRE. ) );
#61 = LINE ( 'NONE', #1973, #1601 ) ;
#62 = AXIS2_PLACEMENT_3D ( 'NONE', #289, #804, #73 ) ;
#63 = PRESENTATION_LAYER_ASSIGNMENT (  '', '', ( #2159 ) ) ;
#64 = AXIS2_PLACEMENT_3D ( 'NONE', #523, #2073, #360 ) ;
#65 = DIRECTION ( 'NONE',  ( -1.000000000000000000, 0.000000000000000000, 0.000000000000000000 ) ) ;
#66 = DIRECTION ( 'NONE',  ( -6.549151239516728913E-18, -2.259866161449009062E-47, -1.000000000000000000 ) ) ;
#67 = UNCERTAINTY_MEASURE_WITH_UNIT (LENGTH_MEASURE( 1.000000000000000082E-05 ), #939, 'distance_accuracy_value', 'NONE');
#68 = DIRECTION ( 'NONE',  ( 0.000000000000000000, 0.000000000000000000, 1.000000000000000000 ) ) ;
#69 = ORIENTED_EDGE ( 'NONE', *, *, #120, .F. ) ;
#70 = DIRECTION ( 'NONE',  ( 0.000000000000000000, 5.224578939412500476E-13, -1.000000000000000000 ) ) ;
#72 =( LENGTH_UNIT ( ) NAMED_UNIT ( * ) SI_UNIT ( .MILLI., .METRE. ) );
#71 = STYLED_ITEM ( 'NONE', ( #2027 ), #1655 ) ;
#73 = DIRECTION ( 'NONE',  ( -1.000000000000000000, 0.000000000000000000, 0.000000000000000000 ) ) ;
#74 = LINE ( 'NONE', #1085, #352 ) ;
#75 = DIRECTION ( 'NONE',  ( -0.000000000000000000, -1.000000000000000000, -5.262994901000794812E-13 ) ) ;
#76 = SURFACE_STYLE_USAGE ( .BOTH. , #1649 ) ;
#77 = DIRECTION ( 'NONE',  ( -1.000000000000000000, 0.000000000000000000, 0.000000000000000000 ) ) ;
#78 = VERTEX_POINT ( 'NONE', #1001 ) ;
#79 =( NAMED_UNIT ( * ) PLANE_ANGLE_UNIT ( ) SI_UNIT ( $, .RADIAN. ) );
#80 = DIRECTION ( 'NONE',  ( 3.446259042486519835E-30, -1.000000000000000000, -6.446749979936558118E-51 ) ) ;
#81 = EDGE_CURVE ( 'NONE', #1729, #1552, #705, .T. ) ;
#82 = CARTESIAN_POINT ( 'NONE',  ( 40.00000000000000000, -57.09000000003153730, -43.90999999996854086 ) ) ;
#83 = SURFACE_SIDE_STYLE ('',( #951 ) ) ;
#84 = CARTESIAN_POINT ( 'NONE',  ( 10.00000000000000000, -55.59000000002890118, -25.95000000000363372 ) ) ;
#85 = EDGE_LOOP ( 'NONE', ( #921, #1660, #1429, #1893, #184, #1623 ) ) ;
#86 = PRESENTATION_LAYER_ASSIGNMENT (  '', '', ( #862 ) ) ;
#87 = CYLINDRICAL_SURFACE ( 'NONE', #42, 4.999999999999997335 ) ;
#88 = DIRECTION ( 'NONE',  ( 1.332267629550190018E-16, 5.262994901000794812E-13, -1.000000000000000000 ) ) ;
#89 = ADVANCED_FACE ( 'NONE', ( #1313 ), #2214, .F. ) ;
#90 = DIRECTION ( 'NONE',  ( 0.000000000000000000, 5.265395962376660880E-13, -1.000000000000000000 ) ) ;
#91 = VECTOR ( 'NONE', #1766, 1000.000000000000000 ) ;
#92 = CYLINDRICAL_SURFACE ( 'NONE', #1685, 2.350000000000004086 ) ;
#93 = AXIS2_PLACEMENT_3D ( 'NONE', #601, #1866, #942 ) ;
#94 = FACE_BOUND ( 'NONE', #138, .T. ) ;
#95 = PRODUCT_RELATED_PRODUCT_CATEGORY ( 'part', '', ( #54 ) ) ;
#96 = STYLED_ITEM ( 'NONE', ( #3 ), #1275 ) ;
#97 = ORIENTED_EDGE ( 'NONE', *, *, #1471, .F. ) ;
#98 = MECHANICAL_DESIGN_GEOMETRIC_PRESENTATION_REPRESENTATION (  '', ( #2061 ), #1020 ) ;
#99 = LINE ( 'NONE', #789, #755 ) ;
#100 = CIRCLE ( 'NONE', #1617, 2.350000000000004086 ) ;
#101 = DIRECTION ( 'NONE',  ( -1.000000000000000000, 0.000000000000000000, -0.000000000000000000 ) ) ;
#102 = FILL_AREA_STYLE ('',( #2004 ) ) ;
#103 = SURFACE_STYLE_USAGE ( .BOTH. , #1132 ) ;
#104 = VECTOR ( 'NONE', #1620, 1000.000000000000000 ) ;
#105 = MECHANICAL_DESIGN_GEOMETRIC_PRESENTATION_REPRESENTATION (  '', ( #152 ), #1358 ) ;
#106 = DIRECTION ( 'NONE',  ( 6.549151239516729683E-18, -5.262994901000794812E-13, 1.000000000000000000 ) ) ;
#107 = SURFACE_STYLE_USAGE ( .BOTH. , #1680 ) ;
#108 = VERTEX_POINT ( 'NONE', #1179 ) ;
#109 = ORIENTED_EDGE ( 'NONE', *, *, #604, .T. ) ;
#110 = EDGE_CURVE ( 'NONE', #154, #2219, #718, .T. ) ;
#111 = DIRECTION ( 'NONE',  ( 0.000000000000000000, -5.255843042108444210E-13, 1.000000000000000000 ) ) ;
#112 = EDGE_LOOP ( 'NONE', ( #356, #850, #477, #2233, #724, #30 ) ) ;
#113 =( GEOMETRIC_REPRESENTATION_CONTEXT ( 3 ) GLOBAL_UNCERTAINTY_ASSIGNED_CONTEXT ( ( #459 ) ) GLOBAL_UNIT_ASSIGNED_CONTEXT ( ( #254, #79, #764 ) ) REPRESENTATION_CONTEXT ( 'NONE', 'WORKASPACE' ) );
#114 = DIRECTION ( 'NONE',  ( -1.000000000000000000, 0.000000000000000000, 0.000000000000000000 ) ) ;
#115 = FILL_AREA_STYLE ('',( #1329 ) ) ;
#116 = UNCERTAINTY_MEASURE_WITH_UNIT (LENGTH_MEASURE( 1.000000000000000082E-05 ), #832, 'distance_accuracy_value', 'NONE');
#117 = SURFACE_STYLE_FILL_AREA ( #1689 ) ;
#118 = SURFACE_SIDE_STYLE ('',( #910 ) ) ;
#119 =( LENGTH_UNIT ( ) NAMED_UNIT ( * ) SI_UNIT ( .MILLI., .METRE. ) );
#120 = EDGE_CURVE ( 'NONE', #1276, #1490, #744, .T. ) ;
#121 =( NAMED_UNIT ( * ) PLANE_ANGLE_UNIT ( ) SI_UNIT ( $, .RADIAN. ) );
#122 = ORIENTED_EDGE ( 'NONE', *, *, #675, .T. ) ;
#123 = ORIENTED_EDGE ( 'NONE', *, *, #1371, .T. ) ;
#124 = ORIENTED_EDGE ( 'NONE', *, *, #2275, .T. ) ;
#125 = EDGE_CURVE ( 'NONE', #1490, #469, #1995, .T. ) ;
#126 = DIRECTION ( 'NONE',  ( -1.000000000000000000, 0.000000000000000000, 0.000000000000000000 ) ) ;
#127 = DIRECTION ( 'NONE',  ( -1.009741958682895111E-28, -1.000000000000000000, -5.263280709765124581E-13 ) ) ;
#128 = EDGE_CURVE ( 'NONE', #654, #295, #239, .T. ) ;
#129 = CARTESIAN_POINT ( 'NONE',  ( 120.0000000000000000, -66.09000000002889408, 61.08999999999668518 ) ) ;
#130 = SURFACE_STYLE_FILL_AREA ( #102 ) ;
#131 = AXIS2_PLACEMENT_3D ( 'NONE', #569, #1811, #1971 ) ;
#132 = DIRECTION ( 'NONE',  ( 0.000000000000000000, 0.000000000000000000, 1.000000000000000000 ) ) ;
#133 = PRESENTATION_LAYER_ASSIGNMENT (  '', '', ( #1299 ) ) ;
#134 = CARTESIAN_POINT ( 'NONE',  ( 115.0000000000000000, -66.08999999996848373, -53.69000000000330886 ) ) ;
#135 = SURFACE_SIDE_STYLE ('',( #1678 ) ) ;
#136 = VECTOR ( 'NONE', #1088, 1000.000000000000000 ) ;
#137 = COLOUR_RGB ( '',0.7529411764705882248, 0.000000000000000000, 0.000000000000000000 ) ;
#138 = EDGE_LOOP ( 'NONE', ( #2028, #858 ) ) ;
#139 = AXIS2_PLACEMENT_3D ( 'NONE', #2257, #892, #1724 ) ;
#140 = CARTESIAN_POINT ( 'NONE',  ( 1.499999999999999778, -55.59000000002890118, -24.45000000000363372 ) ) ;
#141 = CARTESIAN_POINT ( 'NONE',  ( 5.000000000000000000, -66.69000000002888839, 61.08999999999636543 ) ) ;
#142 = ORIENTED_EDGE ( 'NONE', *, *, #1365, .F. ) ;
#143 = PRESENTATION_STYLE_ASSIGNMENT (( #1717 ) ) ;
#144 = CARTESIAN_POINT ( 'NONE',  ( 1.499999999999999778, -61.58999999997111985, -25.09000000000363428 ) ) ;
#145 = DIRECTION ( 'NONE',  ( -0.000000000000000000, -0.000000000000000000, 1.000000000000000000 ) ) ;
#146 = FILL_AREA_STYLE ('',( #300 ) ) ;
#147 = DIRECTION ( 'NONE',  ( 0.000000000000000000, -5.262994901000794812E-13, 1.000000000000000000 ) ) ;
#148 = DIRECTION ( 'NONE',  ( 0.000000000000000000, -1.000000000000000000, -5.263069460122815804E-13 ) ) ;
#149 = ORIENTED_EDGE ( 'NONE', *, *, #2072, .T. ) ;
#150 = STYLED_ITEM ( 'NONE', ( #1135 ), #1876 ) ;
#151 = CARTESIAN_POINT ( 'NONE',  ( -1.381215996412330338E-16, -57.58999999997110564, -21.09000000000363428 ) ) ;
#152 = STYLED_ITEM ( 'NONE', ( #1222 ), #2051 ) ;
#153 = SURFACE_STYLE_USAGE ( .BOTH. , #800 ) ;
#154 = VERTEX_POINT ( 'NONE', #1435 ) ;
#155 = ADVANCED_FACE ( 'NONE', ( #1619 ), #246, .T. ) ;
#156 = CYLINDRICAL_SURFACE ( 'NONE', #1107, 1.500000000000001332 ) ;
#157 = PRESENTATION_LAYER_ASSIGNMENT (  '', '', ( #845 ) ) ;
#158 = CYLINDRICAL_SURFACE ( 'NONE', #966, 1.500000000000001332 ) ;
#159 = FILL_AREA_STYLE_COLOUR ( '', #932 ) ;
#160 = CARTESIAN_POINT ( 'NONE',  ( 1.499999999999999778, -57.58999999997110564, -25.09000000000363428 ) ) ;
#161 = SURFACE_STYLE_USAGE ( .BOTH. , #2269 ) ;
#162 = EDGE_CURVE ( 'NONE', #2040, #642, #1097, .T. ) ;
#163 = SURFACE_STYLE_USAGE ( .BOTH. , #2283 ) ;
#164 = SURFACE_STYLE_USAGE ( .BOTH. , #1193 ) ;
#165 = ORIENTED_EDGE ( 'NONE', *, *, #1682, .T. ) ;
#166 = VERTEX_POINT ( 'NONE', #736 ) ;
#167 = AXIS2_PLACEMENT_3D ( 'NONE', #1181, #2036, #1167 ) ;
#168 = ORIENTED_EDGE ( 'NONE', *, *, #580, .F. ) ;
#169 = LINE ( 'NONE', #1343, #1774 ) ;
#170 =( LENGTH_UNIT ( ) NAMED_UNIT ( * ) SI_UNIT ( .MILLI., .METRE. ) );
#171 =( NAMED_UNIT ( * ) PLANE_ANGLE_UNIT ( ) SI_UNIT ( $, .RADIAN. ) );
#172 = FACE_OUTER_BOUND ( 'NONE', #978, .T. ) ;
#173 = STYLED_ITEM ( 'NONE', ( #1628 ), #155 ) ;
#174 = ORIENTED_EDGE ( 'NONE', *, *, #201, .F. ) ;
#175 = ORIENTED_EDGE ( 'NONE', *, *, #1970, .T. ) ;
#176 = VECTOR ( 'NONE', #766, 1000.000000000000000 ) ;
#177 =( NAMED_UNIT ( * ) SI_UNIT ( $, .STERADIAN. ) SOLID_ANGLE_UNIT ( ) );
#178 = AXIS2_PLACEMENT_3D ( 'NONE', #1141, #1309, #983 ) ;
#179 = ORIENTED_EDGE ( 'NONE', *, *, #560, .T. ) ;
#180 = CIRCLE ( 'NONE', #1792, 4.999999999999997335 ) ;
#181 = DIRECTION ( 'NONE',  ( -1.000000000000000000, -3.446259042486519835E-30, 6.549151239516728913E-18 ) ) ;
#182 = DIRECTION ( 'NONE',  ( -0.000000000000000000, -1.000000000000000000, -5.262994901000794812E-13 ) ) ;
#183 = DIRECTION ( 'NONE',  ( 0.000000000000000000, -1.000000000000000000, -5.263069460122815804E-13 ) ) ;
#184 = ORIENTED_EDGE ( 'NONE', *, *, #688, .F. ) ;
#185 = EDGE_LOOP ( 'NONE', ( #1081, #559, #1586, #1782 ) ) ;
#186 = DIRECTION ( 'NONE',  ( -0.000000000000000000, 1.000000000000000000, 5.263069460122816813E-13 ) ) ;
#187 = PRESENTATION_STYLE_ASSIGNMENT (( #1376 ) ) ;
#188 = PRESENTATION_LAYER_ASSIGNMENT (  '', '', ( #2013 ) ) ;
#189 = ORIENTED_EDGE ( 'NONE', *, *, #1784, .T. ) ;
#191 = CARTESIAN_POINT ( 'NONE',  ( 1.499999999999999778, -61.58999999997111985, -25.09000000000363428 ) ) ;
#190 = VECTOR ( 'NONE', #1607, 1000.000000000000000 ) ;
#192 = FILL_AREA_STYLE ('',( #1420 ) ) ;
#193 = DIRECTION ( 'NONE',  ( 0.000000000000000000, 0.000000000000000000, -1.000000000000000000 ) ) ;
#194 = LINE ( 'NONE', #1770, #475 ) ;
#195 = DIRECTION ( 'NONE',  ( -1.000000000000000000, -3.446259042486519835E-30, 6.549151239516728913E-18 ) ) ;
#196 = EDGE_LOOP ( 'NONE', ( #547, #730, #122, #541 ) ) ;
#197 = ORIENTED_EDGE ( 'NONE', *, *, #955, .T. ) ;
#198 = FACE_OUTER_BOUND ( 'NONE', #1401, .T. ) ;
#199 =( LENGTH_UNIT ( ) NAMED_UNIT ( * ) SI_UNIT ( .MILLI., .METRE. ) );
#200 = EDGE_LOOP ( 'NONE', ( #261, #142, #451, #831 ) ) ;
#201 = EDGE_CURVE ( 'NONE', #807, #514, #1452, .T. ) ;
#202 = DIRECTION ( 'NONE',  ( -0.000000000000000000, 1.000000000000000000, 5.262994901000794812E-13 ) ) ;
#203 = EDGE_CURVE ( 'NONE', #2152, #1198, #919, .T. ) ;
#204 = CARTESIAN_POINT ( 'NONE',  ( 115.0000000000000000, -66.69000000002888839, 61.08999999999636543 ) ) ;
#205 = CARTESIAN_POINT ( 'NONE',  ( 5.000000000000000000, -66.68999999997110706, -48.69000000000363571 ) ) ;
#206 = EDGE_LOOP ( 'NONE', ( #522, #358, #1404, #2145 ) ) ;
#207 = UNCERTAINTY_MEASURE_WITH_UNIT (LENGTH_MEASURE( 1.000000000000000082E-05 ), #823, 'distance_accuracy_value', 'NONE');
#208 = EDGE_LOOP ( 'NONE', ( #1615, #318 ) ) ;
#209 = AXIS2_PLACEMENT_3D ( 'NONE', #2025, #2193, #448 ) ;
#210 = STYLED_ITEM ( 'NONE', ( #1516 ), #253 ) ;
#211 = MECHANICAL_DESIGN_GEOMETRIC_PRESENTATION_REPRESENTATION (  '', ( #2085 ), #814 ) ;
#212 =( GEOMETRIC_REPRESENTATION_CONTEXT ( 3 ) GLOBAL_UNCERTAINTY_ASSIGNED_CONTEXT ( ( #1464 ) ) GLOBAL_UNIT_ASSIGNED_CONTEXT ( ( #72, #606, #753 ) ) REPRESENTATION_CONTEXT ( 'NONE', 'WORKASPACE' ) );
#213 = EDGE_CURVE ( 'NONE', #1806, #337, #74, .T. ) ;
#214 = UNCERTAINTY_MEASURE_WITH_UNIT (LENGTH_MEASURE( 1.000000000000000082E-05 ), #248, 'distance_accuracy_value', 'NONE');
#215 = CIRCLE ( 'NONE', #1608, 1.500000000000001332 ) ;
#216 = DIRECTION ( 'NONE',  ( -1.000000000000000000, -3.446814957945957514E-30, 6.549151239516728913E-18 ) ) ;
#217 = FILL_AREA_STYLE ('',( #1609 ) ) ;
#218 = EDGE_CURVE ( 'NONE', #1910, #2058, #1634, .T. ) ;
#219 = PRESENTATION_STYLE_ASSIGNMENT (( #1100 ) ) ;
#220 = ORIENTED_EDGE ( 'NONE', *, *, #1763, .F. ) ;
#221 = VECTOR ( 'NONE', #303, 1000.000000000000000 ) ;
#222 = AXIS2_PLACEMENT_3D ( 'NONE', #1475, #977, #77 ) ;
#223 =( GEOMETRIC_REPRESENTATION_CONTEXT ( 3 ) GLOBAL_UNCERTAINTY_ASSIGNED_CONTEXT ( ( #1612 ) ) GLOBAL_UNIT_ASSIGNED_CONTEXT ( ( #2097, #668, #2048 ) ) REPRESENTATION_CONTEXT ( 'NONE', 'WORKASPACE' ) );
#224 = DIRECTION ( 'NONE',  ( 0.000000000000000000, 0.000000000000000000, 1.000000000000000000 ) ) ;
#225 = FILL_AREA_STYLE ('',( #1266 ) ) ;
#226 = CARTESIAN_POINT ( 'NONE',  ( 115.0000000000000000, -53.09000000003152309, 66.09000000000352770 ) ) ;
#227 = EDGE_CURVE ( 'NONE', #469, #399, #1793, .T. ) ;
#228 = SURFACE_SIDE_STYLE ('',( #410 ) ) ;
#229 = COLOUR_RGB ( '',0.000000000000000000, 0.000000000000000000, 0.000000000000000000 ) ;
#230 = VERTEX_POINT ( 'NONE', #572 ) ;
#231 = ORIENTED_EDGE ( 'NONE', *, *, #1850, .T. ) ;
#232 = DIRECTION ( 'NONE',  ( 6.549151239516728913E-18, -9.723461371658033917E-63, 1.000000000000000000 ) ) ;
#233 = SURFACE_SIDE_STYLE ('',( #918 ) ) ;
#234 = DIRECTION ( 'NONE',  ( 0.000000000000000000, -1.000000000000000000, -5.262994901000794812E-13 ) ) ;
#235 = PRESENTATION_STYLE_ASSIGNMENT (( #1120 ) ) ;
#236 =( LENGTH_UNIT ( ) NAMED_UNIT ( * ) SI_UNIT ( .MILLI., .METRE. ) );
#237 = UNCERTAINTY_MEASURE_WITH_UNIT (LENGTH_MEASURE( 1.000000000000000082E-05 ), #1258, 'distance_accuracy_value', 'NONE');
#238 = EDGE_LOOP ( 'NONE', ( #1091, #799, #2007, #914 ) ) ;
#239 = CIRCLE ( 'NONE', #490, 3.000000000000000000 ) ;
#240 = DIRECTION ( 'NONE',  ( -1.009741958682895111E-28, -1.000000000000000000, -5.263280709765124581E-13 ) ) ;
#241 = VECTOR ( 'NONE', #1044, 1000.000000000000000 ) ;
#242 = AXIS2_PLACEMENT_3D ( 'NONE', #1189, #1053, #479 ) ;
#243 = AXIS2_PLACEMENT_3D ( 'NONE', #1843, #2204, #975 ) ;
#244 = PRESENTATION_STYLE_ASSIGNMENT (( #429 ) ) ;
#245 = VECTOR ( 'NONE', #929, 1000.000000000000000 ) ;
#246 = CYLINDRICAL_SURFACE ( 'NONE', #456, 5.000000000000004441 ) ;
#247 = FILL_AREA_STYLE_COLOUR ( '', #1728 ) ;
#248 =( LENGTH_UNIT ( ) NAMED_UNIT ( * ) SI_UNIT ( .MILLI., .METRE. ) );
#249 = UNCERTAINTY_MEASURE_WITH_UNIT (LENGTH_MEASURE( 1.000000000000000082E-05 ), #290, 'distance_accuracy_value', 'NONE');
#250 = FILL_AREA_STYLE_COLOUR ( '', #317 ) ;
#251 =( LENGTH_UNIT ( ) NAMED_UNIT ( * ) SI_UNIT ( .MILLI., .METRE. ) );
#252 = VERTEX_POINT ( 'NONE', #562 ) ;
#253 = ADVANCED_FACE ( 'NONE', ( #1960 ), #900, .F. ) ;
#254 =( LENGTH_UNIT ( ) NAMED_UNIT ( * ) SI_UNIT ( .MILLI., .METRE. ) );
#255 = CIRCLE ( 'NONE', #1954, 5.000000000000000000 ) ;
#256 =( NAMED_UNIT ( * ) PLANE_ANGLE_UNIT ( ) SI_UNIT ( $, .RADIAN. ) );
#257 = VECTOR ( 'NONE', #1192, 1000.000000000000000 ) ;
#258 = SURFACE_STYLE_FILL_AREA ( #1842 ) ;
#259 = COLOUR_RGB ( '',0.000000000000000000, 0.000000000000000000, 0.000000000000000000 ) ;
#260 = PLANE ( 'NONE',  #1386 ) ;
#261 = ORIENTED_EDGE ( 'NONE', *, *, #1790, .F. ) ;
#262 = DIRECTION ( 'NONE',  ( -1.000000000000000000, -3.446814957945958214E-30, 6.549151239516728913E-18 ) ) ;
#263 = DIRECTION ( 'NONE',  ( -1.000000000000000000, -3.446259042486519835E-30, 6.549151239516728913E-18 ) ) ;
#264 = EDGE_CURVE ( 'NONE', #1750, #369, #1453, .T. ) ;
#265 = LINE ( 'NONE', #2200, #176 ) ;
#266 = DIRECTION ( 'NONE',  ( 0.000000000000000000, -1.000000000000000000, 0.000000000000000000 ) ) ;
#267 = FILL_AREA_STYLE_COLOUR ( '', #734 ) ;
#268 = FACE_OUTER_BOUND ( 'NONE', #7, .T. ) ;
#269 =( LENGTH_UNIT ( ) NAMED_UNIT ( * ) SI_UNIT ( .MILLI., .METRE. ) );
#270 = ORIENTED_EDGE ( 'NONE', *, *, #670, .F. ) ;
#271 = ADVANCED_FACE ( 'NONE', ( #2011 ), #1677, .F. ) ;
#272 = COLOUR_RGB ( '',0.7529411764705882248, 0.000000000000000000, 0.000000000000000000 ) ;
#273 = MECHANICAL_DESIGN_GEOMETRIC_PRESENTATION_REPRESENTATION (  '', ( #351 ), #625 ) ;
#274 = PRESENTATION_LAYER_ASSIGNMENT (  '', '', ( #1523 ) ) ;
#275 = CARTESIAN_POINT ( 'NONE',  ( 40.00000000000000000, -53.09000000003153019, -43.90999999996854086 ) ) ;
#276 = AXIS2_PLACEMENT_3D ( 'NONE', #1913, #181, #997 ) ;
#277 = FACE_OUTER_BOUND ( 'NONE', #112, .T. ) ;
#278 = PLANE ( 'NONE',  #15 ) ;
#279 = VECTOR ( 'NONE', #1978, 1000.000000000000000 ) ;
#280 = ADVANCED_FACE ( 'NONE', ( #472 ), #2201, .T. ) ;
#281 = SURFACE_SIDE_STYLE ('',( #609 ) ) ;
#282 = SURFACE_STYLE_FILL_AREA ( #1335 ) ;
#283 = DIRECTION ( 'NONE',  ( 6.549151239516728913E-18, -7.709882115452479153E-16, 1.000000000000000000 ) ) ;
#284 = VERTEX_POINT ( 'NONE', #518 ) ;
#285 = CARTESIAN_POINT ( 'NONE',  ( 66.00000000000000000, -63.09000000000138186, 8.835999999998280785 ) ) ;
#286 = ORIENTED_EDGE ( 'NONE', *, *, #937, .T. ) ;
#287 = EDGE_CURVE ( 'NONE', #295, #1738, #2240, .T. ) ;
#288 = VECTOR ( 'NONE', #1574, 1000.000000000000000 ) ;
#289 = CARTESIAN_POINT ( 'NONE',  ( 5.000000000000000000, -53.09000000002889408, 61.09000000000352060 ) ) ;
#290 =( LENGTH_UNIT ( ) NAMED_UNIT ( * ) SI_UNIT ( .MILLI., .METRE. ) );
#291 = PRESENTATION_STYLE_ASSIGNMENT (( #786 ) ) ;
#292 = EDGE_CURVE ( 'NONE', #1184, #1552, #1382, .T. ) ;
#293 = EDGE_CURVE ( 'NONE', #722, #1325, #1755, .T. ) ;
#294 = CARTESIAN_POINT ( 'NONE',  ( 0.000000000000000000, -53.08999999997111274, -48.68999999999647343 ) ) ;
#295 = VERTEX_POINT ( 'NONE', #1936 ) ;
#296 = DIRECTION ( 'NONE',  ( -1.000000000000000000, -3.446814957945957514E-30, 6.549151239516728913E-18 ) ) ;
#297 = UNCERTAINTY_MEASURE_WITH_UNIT (LENGTH_MEASURE( 1.000000000000000082E-05 ), #1873, 'distance_accuracy_value', 'NONE');
#298 = LINE ( 'NONE', #863, #495 ) ;
#299 =( NAMED_UNIT ( * ) SI_UNIT ( $, .STERADIAN. ) SOLID_ANGLE_UNIT ( ) );
#300 = FILL_AREA_STYLE_COLOUR ( '', #1733 ) ;
#301 = SURFACE_SIDE_STYLE ('',( #1692 ) ) ;
#302 = AXIS2_PLACEMENT_3D ( 'NONE', #426, #1672, #1308 ) ;
#303 = DIRECTION ( 'NONE',  ( -0.000000000000000000, -1.000000000000000000, -5.262994901000794812E-13 ) ) ;
#304 = EDGE_LOOP ( 'NONE', ( #944, #1872, #2084, #1063 ) ) ;
#305 = ORIENTED_EDGE ( 'NONE', *, *, #706, .F. ) ;
#306 = FILL_AREA_STYLE ('',( #1353 ) ) ;
#307 = ORIENTED_EDGE ( 'NONE', *, *, #1047, .F. ) ;
#308 = EDGE_CURVE ( 'NONE', #488, #1039, #1012, .T. ) ;
#309 = FILL_AREA_STYLE_COLOUR ( '', #1244 ) ;
#310 = FILL_AREA_STYLE ('',( #1173 ) ) ;
#311 = CARTESIAN_POINT ( 'NONE',  ( 3.299999999999999822, -53.09000000002889408, 61.09000000000352060 ) ) ;
#312 = SURFACE_STYLE_FILL_AREA ( #2289 ) ;
#313 = PRESENTATION_STYLE_ASSIGNMENT (( #161 ) ) ;
#314 = MECHANICAL_DESIGN_GEOMETRIC_PRESENTATION_REPRESENTATION (  '', ( #1125 ), #1302 ) ;
#315 =( GEOMETRIC_REPRESENTATION_CONTEXT ( 3 ) GLOBAL_UNCERTAINTY_ASSIGNED_CONTEXT ( ( #581 ) ) GLOBAL_UNIT_ASSIGNED_CONTEXT ( ( #170, #2252, #2092 ) ) REPRESENTATION_CONTEXT ( 'NONE', 'WORKASPACE' ) );
#316 = AXIS2_PLACEMENT_3D ( 'NONE', #2005, #66, #430 ) ;
#317 = COLOUR_RGB ( '',0.5019607843137254832, 0.5019607843137254832, 0.5019607843137254832 ) ;
#318 = ORIENTED_EDGE ( 'NONE', *, *, #1980, .F. ) ;
#319 = VERTEX_POINT ( 'NONE', #836 ) ;
#320 =( GEOMETRIC_REPRESENTATION_CONTEXT ( 3 ) GLOBAL_UNCERTAINTY_ASSIGNED_CONTEXT ( ( #817 ) ) GLOBAL_UNIT_ASSIGNED_CONTEXT ( ( #669, #1950, #660 ) ) REPRESENTATION_CONTEXT ( 'NONE', 'WORKASPACE' ) );
#321 = FILL_AREA_STYLE_COLOUR ( '', #509 ) ;
#322 =( NAMED_UNIT ( * ) SI_UNIT ( $, .STERADIAN. ) SOLID_ANGLE_UNIT ( ) );
#323 = VERTEX_POINT ( 'NONE', #1221 ) ;
#324 =( GEOMETRIC_REPRESENTATION_CONTEXT ( 3 ) GLOBAL_UNCERTAINTY_ASSIGNED_CONTEXT ( ( #628 ) ) GLOBAL_UNIT_ASSIGNED_CONTEXT ( ( #1111, #1534, #1003 ) ) REPRESENTATION_CONTEXT ( 'NONE', 'WORKASPACE' ) );
#325 =( NAMED_UNIT ( * ) PLANE_ANGLE_UNIT ( ) SI_UNIT ( $, .RADIAN. ) );
#326 = CARTESIAN_POINT ( 'NONE',  ( 115.0000000000000000, -66.09000000003152309, 66.08999999999667807 ) ) ;
#327 = EDGE_CURVE ( 'NONE', #674, #1090, #481, .T. ) ;
#328 = DIRECTION ( 'NONE',  ( 0.000000000000000000, 5.273559366969488518E-13, -1.000000000000000000 ) ) ;
#329 = DIRECTION ( 'NONE',  ( 1.000000000000000000, 3.446814957945957514E-30, 0.000000000000000000 ) ) ;
#330 = DIRECTION ( 'NONE',  ( -1.000000000000000000, 0.000000000000000000, 6.549151239516728913E-18 ) ) ;
#331 =( GEOMETRIC_REPRESENTATION_CONTEXT ( 3 ) GLOBAL_UNCERTAINTY_ASSIGNED_CONTEXT ( ( #237 ) ) GLOBAL_UNIT_ASSIGNED_CONTEXT ( ( #1258, #911, #1472 ) ) REPRESENTATION_CONTEXT ( 'NONE', 'WORKASPACE' ) );
#332 = DIRECTION ( 'NONE',  ( -1.000000000000000000, 0.000000000000000000, 0.000000000000000000 ) ) ;
#333 = CARTESIAN_POINT ( 'NONE',  ( 66.00000000000000000, -60.75500000000137391, 8.835999999999511800 ) ) ;
#334 = COLOUR_RGB ( '',0.000000000000000000, 0.000000000000000000, 0.000000000000000000 ) ;
#335 = ORIENTED_EDGE ( 'NONE', *, *, #2020, .F. ) ;
#336 = ORIENTED_EDGE ( 'NONE', *, *, #691, .F. ) ;
#337 = VERTEX_POINT ( 'NONE', #492 ) ;
#338 = FACE_OUTER_BOUND ( 'NONE', #992, .T. ) ;
#339 = DIRECTION ( 'NONE',  ( 0.000000000000000000, -1.000000000000000000, -5.262994901000794812E-13 ) ) ;
#340 = AXIS2_PLACEMENT_3D ( 'NONE', #478, #2077, #126 ) ;
#341 = CARTESIAN_POINT ( 'NONE',  ( 66.00000000000000000, -63.08999999999874575, 3.835999999998276344 ) ) ;
#342 = DIRECTION ( 'NONE',  ( 6.549151239516729683E-18, -5.262994901000794812E-13, 1.000000000000000000 ) ) ;
#343 = VERTEX_POINT ( 'NONE', #350 ) ;
#344 = VERTEX_POINT ( 'NONE', #1582 ) ;
#345 = ORIENTED_EDGE ( 'NONE', *, *, #444, .T. ) ;
#346 = DIRECTION ( 'NONE',  ( -1.000000000000000000, -3.446814957945957514E-30, 6.549151239516728913E-18 ) ) ;
#347 = DIRECTION ( 'NONE',  ( 0.000000000000000000, 5.255843042108444210E-13, -1.000000000000000000 ) ) ;
#348 = ADVANCED_FACE ( 'NONE', ( #1191 ), #1203, .F. ) ;
#349 = CARTESIAN_POINT ( 'NONE',  ( 11.00000000000003908, -58.59000000002889408, -7.204066363468427535E-17 ) ) ;
#350 = CARTESIAN_POINT ( 'NONE',  ( 1.499999999999999778, -53.08999999997669050, -38.09000000000363428 ) ) ;
#351 = STYLED_ITEM ( 'NONE', ( #393 ), #1006 ) ;
#352 = VECTOR ( 'NONE', #2149, 1000.000000000000000 ) ;
#353 = CARTESIAN_POINT ( 'NONE',  ( 66.00000000000000000, -60.75499999999998124, 6.185999999999509669 ) ) ;
#354 = PRESENTATION_LAYER_ASSIGNMENT (  '', '', ( #1636 ) ) ;
#355 = ADVANCED_FACE ( 'NONE', ( #1735 ), #1032, .T. ) ;
#356 = ORIENTED_EDGE ( 'NONE', *, *, #162, .F. ) ;
#357 = VECTOR ( 'NONE', #2133, 1000.000000000000000 ) ;
#358 = ORIENTED_EDGE ( 'NONE', *, *, #213, .F. ) ;
#359 = AXIS2_PLACEMENT_3D ( 'NONE', #275, #101, #629 ) ;
#360 = DIRECTION ( 'NONE',  ( -6.549151239516729683E-18, 5.262994901000794812E-13, -1.000000000000000000 ) ) ;
#361 = AXIS2_PLACEMENT_3D ( 'NONE', #1344, #88, #427 ) ;
#362 = CARTESIAN_POINT ( 'NONE',  ( 3.299999999999999822, -53.09000000002889408, 61.09000000000352060 ) ) ;
#363 = CIRCLE ( 'NONE', #1670, 1.700000000000000178 ) ;
#364 = LINE ( 'NONE', #1067, #91 ) ;
#365 = SURFACE_STYLE_USAGE ( .BOTH. , #1625 ) ;
#366 = DIRECTION ( 'NONE',  ( -1.000000000000000000, -0.000000000000000000, 0.000000000000000000 ) ) ;
#367 =( NAMED_UNIT ( * ) PLANE_ANGLE_UNIT ( ) SI_UNIT ( $, .RADIAN. ) );
#368 = CARTESIAN_POINT ( 'NONE',  ( 1.499999999999999778, -61.58999999997111274, -34.09000000000363428 ) ) ;
#369 = VERTEX_POINT ( 'NONE', #1257 ) ;
#370 = EDGE_CURVE ( 'NONE', #2274, #603, #2083, .T. ) ;
#371 = SURFACE_STYLE_FILL_AREA ( #499 ) ;
#372 = AXIS2_PLACEMENT_3D ( 'NONE', #1402, #2087, #2248 ) ;
#373 = PRODUCT_DEFINITION ( 'UNKNOWN', '', #792, #723 ) ;
#374 = CIRCLE ( 'NONE', #725, 4.999999999999997335 ) ;
#375 = DIRECTION ( 'NONE',  ( -1.000000000000000000, -3.446814957945957514E-30, 6.549151239516728913E-18 ) ) ;
#376 = CYLINDRICAL_SURFACE ( 'NONE', #372, 5.000000000000004441 ) ;
#377 = PLANE ( 'NONE',  #2168 ) ;
#378 = ORIENTED_EDGE ( 'NONE', *, *, #675, .F. ) ;
#379 = ORIENTED_EDGE ( 'NONE', *, *, #549, .T. ) ;
#380 = EDGE_CURVE ( 'NONE', #711, #166, #394, .T. ) ;
#381 = EDGE_CURVE ( 'NONE', #166, #154, #61, .T. ) ;
#382 = FACE_OUTER_BOUND ( 'NONE', #13, .T. ) ;
#383 =( NAMED_UNIT ( * ) SI_UNIT ( $, .STERADIAN. ) SOLID_ANGLE_UNIT ( ) );
#384 = DIRECTION ( 'NONE',  ( 0.000000000000000000, 0.000000000000000000, -1.000000000000000000 ) ) ;
#385 = DIRECTION ( 'NONE',  ( 1.000000000000000000, 0.000000000000000000, 0.000000000000000000 ) ) ;
#386 = LINE ( 'NONE', #912, #104 ) ;
#387 = MECHANICAL_DESIGN_GEOMETRIC_PRESENTATION_REPRESENTATION (  '', ( #862 ), #1156 ) ;
#388 = VERTEX_POINT ( 'NONE', #908 ) ;
#389 = PRESENTATION_LAYER_ASSIGNMENT (  '', '', ( #1122 ) ) ;
#390 = COLOUR_RGB ( '',0.7529411764705882248, 0.000000000000000000, 0.000000000000000000 ) ;
#391 = MECHANICAL_DESIGN_GEOMETRIC_PRESENTATION_REPRESENTATION (  '', ( #2086 ), #315 ) ;
#392 = CIRCLE ( 'NONE', #1528, 4.999999999999997335 ) ;
#393 = PRESENTATION_STYLE_ASSIGNMENT (( #365 ) ) ;
#394 = LINE ( 'NONE', #1604, #2003 ) ;
#395 = COLOUR_RGB ( '',0.000000000000000000, 0.000000000000000000, 0.000000000000000000 ) ;
#396 = EDGE_CURVE ( 'NONE', #963, #2152, #1903, .T. ) ;
#397 = LINE ( 'NONE', #25, #1397 ) ;
#398 = DIRECTION ( 'NONE',  ( -0.000000000000000000, -1.000000000000000000, -5.262994901000794812E-13 ) ) ;
#399 = VERTEX_POINT ( 'NONE', #1441 ) ;
#400 = DIRECTION ( 'NONE',  ( -1.000000000000000000, -3.446259042486519835E-30, 6.549151239516728913E-18 ) ) ;
#401 = ORIENTED_EDGE ( 'NONE', *, *, #756, .F. ) ;
#402 = AXIS2_PLACEMENT_3D ( 'NONE', #160, #2110, #132 ) ;
#403 = AXIS2_PLACEMENT_3D ( 'NONE', #2120, #527, #1594 ) ;
#404 = EDGE_CURVE ( 'NONE', #711, #78, #24, .T. ) ;
#405 = PLANE ( 'NONE',  #775 ) ;
#406 = CARTESIAN_POINT ( 'NONE',  ( 110.0000000000000000, -53.09000000002644981, 56.45000000000353424 ) ) ;
#407 = LINE ( 'NONE', #1949, #946 ) ;
#408 = FILL_AREA_STYLE ('',( #1443 ) ) ;
#409 =( NAMED_UNIT ( * ) SI_UNIT ( $, .STERADIAN. ) SOLID_ANGLE_UNIT ( ) );
#410 = SURFACE_STYLE_FILL_AREA ( #51 ) ;
#411 = MECHANICAL_DESIGN_GEOMETRIC_PRESENTATION_REPRESENTATION (  '', ( #1505 ), #1588 ) ;
#412 = UNCERTAINTY_MEASURE_WITH_UNIT (LENGTH_MEASURE( 1.000000000000000082E-05 ), #1045, 'distance_accuracy_value', 'NONE');
#413 = PRESENTATION_STYLE_ASSIGNMENT (( #574 ) ) ;
#414 = VERTEX_POINT ( 'NONE', #2169 ) ;
#415 = CARTESIAN_POINT ( 'NONE',  ( 5.000000000000000000, -66.68999999997110706, -48.69000000000362860 ) ) ;
#416 =( NAMED_UNIT ( * ) PLANE_ANGLE_UNIT ( ) SI_UNIT ( $, .RADIAN. ) );
#417 = CARTESIAN_POINT ( 'NONE',  ( 54.99999999999999289, -53.08999999997355701, -44.04999999999645866 ) ) ;
#418 = CARTESIAN_POINT ( 'NONE',  ( 115.0000000000000000, -66.69000000002888839, 61.08999999999636543 ) ) ;
#419 = SURFACE_STYLE_USAGE ( .BOTH. , #1463 ) ;
#420 = LINE ( 'NONE', #761, #1457 ) ;
#421 = UNCERTAINTY_MEASURE_WITH_UNIT (LENGTH_MEASURE( 1.000000000000000082E-05 ), #487, 'distance_accuracy_value', 'NONE');
#422 = ORIENTED_EDGE ( 'NONE', *, *, #1093, .T. ) ;
#423 = VECTOR ( 'NONE', #262, 1000.000000000000000 ) ;
#424 = AXIS2_PLACEMENT_3D ( 'NONE', #1246, #897, #1802 ) ;
#425 = MECHANICAL_DESIGN_GEOMETRIC_PRESENTATION_REPRESENTATION (  '', ( #592 ), #212 ) ;
#426 = CARTESIAN_POINT ( 'NONE',  ( 115.0000000000000000, -57.09000000003153730, 61.09000000000142450 ) ) ;
#427 = DIRECTION ( 'NONE',  ( 1.000000000000000000, -7.011717741091065907E-29, 1.332267629550190018E-16 ) ) ;
#428 = CLOSED_SHELL ( 'NONE', ( #1939, #280, #1856, #1860, #1654, #38, #519, #1746, #586, #26, #1183, #788, #348, #29, #1006, #1549, #1255, #994, #1161, #1014, #1110, #355, #1835, #1997, #1349, #1447, #1275, #56, #502, #1239, #1743, #1294, #1655, #1262, #271, #763, #1964, #2155, #1591, #686, #2051, #1819, #89, #253, #453, #435, #155, #1415 ) ) ;
#429 = SURFACE_STYLE_USAGE ( .BOTH. , #957 ) ;
#430 = DIRECTION ( 'NONE',  ( -1.000000000000000000, 0.000000000000000000, 6.549151239516728913E-18 ) ) ;
#431 = CARTESIAN_POINT ( 'NONE',  ( 1.499999999999999778, -57.09000000002889408, -24.45000000000363372 ) ) ;
#432 = CARTESIAN_POINT ( 'NONE',  ( 115.0000000000000000, -53.08999999997111274, -48.68999999999647343 ) ) ;
#433 = SURFACE_SIDE_STYLE ('',( #1845 ) ) ;
#434 = ORIENTED_EDGE ( 'NONE', *, *, #1117, .F. ) ;
#435 = ADVANCED_FACE ( 'NONE', ( #1106, #1421 ), #715, .T. ) ;
#436 = DIRECTION ( 'NONE',  ( 0.000000000000000000, 1.000000000000000000, 5.262994901000794812E-13 ) ) ;
#438 = SURFACE_SIDE_STYLE ('',( #594 ) ) ;
#437 =( GEOMETRIC_REPRESENTATION_CONTEXT ( 3 ) GLOBAL_UNCERTAINTY_ASSIGNED_CONTEXT ( ( #576 ) ) GLOBAL_UNIT_ASSIGNED_CONTEXT ( ( #251, #1146, #976 ) ) REPRESENTATION_CONTEXT ( 'NONE', 'WORKASPACE' ) );
#439 =( NAMED_UNIT ( * ) PLANE_ANGLE_UNIT ( ) SI_UNIT ( $, .RADIAN. ) );
#440 = VECTOR ( 'NONE', #2121, 1000.000000000000000 ) ;
#441 = CARTESIAN_POINT ( 'NONE',  ( 115.0000000000000000, -66.68999999996846384, -53.69000000000362860 ) ) ;
#442 = FACE_OUTER_BOUND ( 'NONE', #1510, .T. ) ;
#443 = ORIENTED_EDGE ( 'NONE', *, *, #1675, .F. ) ;
#444 = EDGE_CURVE ( 'NONE', #1541, #414, #1626, .T. ) ;
#445 = LINE ( 'NONE', #1162, #916 ) ;
#446 = EDGE_CURVE ( 'NONE', #399, #78, #1076, .T. ) ;
#447 = FILL_AREA_STYLE ('',( #1152 ) ) ;
#448 = DIRECTION ( 'NONE',  ( -1.000000000000000000, 0.000000000000000000, 0.000000000000000000 ) ) ;
#449 = CARTESIAN_POINT ( 'NONE',  ( 10.00000000000000000, -57.09000000002889408, -35.45000000000363372 ) ) ;
#450 =( NAMED_UNIT ( * ) PLANE_ANGLE_UNIT ( ) SI_UNIT ( $, .RADIAN. ) );
#451 = ORIENTED_EDGE ( 'NONE', *, *, #1408, .T. ) ;
#452 = ORIENTED_EDGE ( 'NONE', *, *, #1938, .F. ) ;
#453 = ADVANCED_FACE ( 'NONE', ( #1448, #36 ), #726, .T. ) ;
#454 = SURFACE_STYLE_FILL_AREA ( #306 ) ;
#455 = ORIENTED_EDGE ( 'NONE', *, *, #2151, .T. ) ;
#456 = AXIS2_PLACEMENT_3D ( 'NONE', #941, #398, #2162 ) ;
#457 = SURFACE_STYLE_USAGE ( .BOTH. , #438 ) ;
#458 = COLOUR_RGB ( '',0.000000000000000000, 0.000000000000000000, 0.000000000000000000 ) ;
#459 = UNCERTAINTY_MEASURE_WITH_UNIT (LENGTH_MEASURE( 1.000000000000000082E-05 ), #254, 'distance_accuracy_value', 'NONE');
#460 =( NAMED_UNIT ( * ) SI_UNIT ( $, .STERADIAN. ) SOLID_ANGLE_UNIT ( ) );
#461 = EDGE_CURVE ( 'NONE', #2206, #1250, #1059, .T. ) ;
#462 = CARTESIAN_POINT ( 'NONE',  ( 110.0000000000000000, -63.09000000002644271, 56.44999999999826912 ) ) ;
#463 = EDGE_CURVE ( 'NONE', #1952, #1729, #1849, .T. ) ;
#464 =( NAMED_UNIT ( * ) PLANE_ANGLE_UNIT ( ) SI_UNIT ( $, .RADIAN. ) );
#465 = VECTOR ( 'NONE', #1300, 1000.000000000000000 ) ;
#466 = VERTEX_POINT ( 'NONE', #2209 ) ;
#467 = ORIENTED_EDGE ( 'NONE', *, *, #1138, .F. ) ;
#468 = CARTESIAN_POINT ( 'NONE',  ( 5.000000000000000000, -66.09000000003152309, 66.08999999999667807 ) ) ;
#469 = VERTEX_POINT ( 'NONE', #1838 ) ;
#470 = SURFACE_SIDE_STYLE ('',( #1149 ) ) ;
#471 = CARTESIAN_POINT ( 'NONE',  ( 115.0000000000000000, -57.09000000003153730, 61.09000000000142450 ) ) ;
#472 = FACE_OUTER_BOUND ( 'NONE', #1169, .T. ) ;
#473 = AXIS2_PLACEMENT_3D ( 'NONE', #418, #1165, #1119 ) ;
#474 = DIRECTION ( 'NONE',  ( 0.000000000000000000, -1.000000000000000000, -5.262994901000794812E-13 ) ) ;
#475 = VECTOR ( 'NONE', #1409, 1000.000000000000000 ) ;
#476 = ORIENTED_EDGE ( 'NONE', *, *, #1675, .T. ) ;
#477 = ORIENTED_EDGE ( 'NONE', *, *, #2268, .F. ) ;
#478 = CARTESIAN_POINT ( 'NONE',  ( 5.000000000000000000, -53.08999999997111274, -48.68999999999647343 ) ) ;
#479 = DIRECTION ( 'NONE',  ( -1.000000000000000000, 0.000000000000000000, 0.000000000000000000 ) ) ;
#480 = DIRECTION ( 'NONE',  ( 0.000000000000000000, 0.000000000000000000, -1.000000000000000000 ) ) ;
#481 = LINE ( 'NONE', #144, #59 ) ;
#482 =( LENGTH_UNIT ( ) NAMED_UNIT ( * ) SI_UNIT ( .MILLI., .METRE. ) );
#483 = FILL_AREA_STYLE_COLOUR ( '', #971 ) ;
#484 = CARTESIAN_POINT ( 'NONE',  ( 2.000000000000000000, -63.09000000002888697, 61.08999999999826258 ) ) ;
#485 = ORIENTED_EDGE ( 'NONE', *, *, #1098, .F. ) ;
#486 = ORIENTED_EDGE ( 'NONE', *, *, #781, .T. ) ;
#487 =( LENGTH_UNIT ( ) NAMED_UNIT ( * ) SI_UNIT ( .MILLI., .METRE. ) );
#488 = VERTEX_POINT ( 'NONE', #2186 ) ;
#489 = CARTESIAN_POINT ( 'NONE',  ( 66.00000000000000000, -66.68999999999876138, 3.835999999996381860 ) ) ;
#490 = AXIS2_PLACEMENT_3D ( 'NONE', #39, #1249, #1116 ) ;
#491 = DIRECTION ( 'NONE',  ( 0.000000000000000000, 1.000000000000000000, 5.262994901000794812E-13 ) ) ;
#492 = CARTESIAN_POINT ( 'NONE',  ( 1.499999999999999778, -58.59000000002889408, -33.95000000000362661 ) ) ;
#493 = CARTESIAN_POINT ( 'NONE',  ( 40.00000000000000000, -53.09000000003153019, -43.90999999996854086 ) ) ;
#494 = AXIS2_PLACEMENT_3D ( 'NONE', #1083, #743, #1983 ) ;
#495 = VECTOR ( 'NONE', #875, 1000.000000000000000 ) ;
#496 = COLOUR_RGB ( '',0.7529411764705882248, 0.000000000000000000, 0.000000000000000000 ) ;
#497 = VERTEX_POINT ( 'NONE', #1857 ) ;
#498 = COLOUR_RGB ( '',0.7529411764705882248, 0.000000000000000000, 0.000000000000000000 ) ;
#499 = FILL_AREA_STYLE ('',( #321 ) ) ;
#500 = ORIENTED_EDGE ( 'NONE', *, *, #380, .T. ) ;
#501 = SURFACE_STYLE_USAGE ( .BOTH. , #1912 ) ;
#502 = ADVANCED_FACE ( 'NONE', ( #968 ), #2021, .F. ) ;
#503 = LINE ( 'NONE', #1734, #819 ) ;
#504 = PRESENTATION_STYLE_ASSIGNMENT (( #667 ) ) ;
#505 = CARTESIAN_POINT ( 'NONE',  ( 5.000000000000000000, -66.69000000002888839, 61.08999999999637254 ) ) ;
#506 = CIRCLE ( 'NONE', #402, 4.000000000000007105 ) ;
#507 = DIRECTION ( 'NONE',  ( 6.549151239516728913E-18, -7.709882115452479153E-16, 1.000000000000000000 ) ) ;
#508 = CYLINDRICAL_SURFACE ( 'NONE', #749, 1.700000000000000178 ) ;
#509 = COLOUR_RGB ( '',0.000000000000000000, 0.000000000000000000, 0.000000000000000000 ) ;
#510 = ORIENTED_EDGE ( 'NONE', *, *, #264, .F. ) ;
#511 = EDGE_LOOP ( 'NONE', ( #882, #1005, #1187, #1820, #1040, #521, #1391, #1869, #485, #809 ) ) ;
#512 = CIRCLE ( 'NONE', #1805, 4.999999999999997335 ) ;
#513 = FILL_AREA_STYLE ('',( #524 ) ) ;
#514 = VERTEX_POINT ( 'NONE', #1163 ) ;
#515 = MECHANICAL_DESIGN_GEOMETRIC_PRESENTATION_REPRESENTATION (  '', ( #845 ), #113 ) ;
#516 = LINE ( 'NONE', #326, #20 ) ;
#517 = LINE ( 'NONE', #311, #1416 ) ;
#518 = CARTESIAN_POINT ( 'NONE',  ( 6.700000000000000178, -53.09000000002889408, 61.09000000000089159 ) ) ;
#519 = ADVANCED_FACE ( 'NONE', ( #1653 ), #1493, .F. ) ;
#520 = SURFACE_STYLE_USAGE ( .BOTH. , #1046 ) ;
#521 = ORIENTED_EDGE ( 'NONE', *, *, #2069, .F. ) ;
#522 = ORIENTED_EDGE ( 'NONE', *, *, #57, .T. ) ;
#523 = CARTESIAN_POINT ( 'NONE',  ( 5.551115123125779744E-16, -66.08999999997111274, -48.69000000000331596 ) ) ;
#524 = FILL_AREA_STYLE_COLOUR ( '', #1501 ) ;
#525 = EDGE_LOOP ( 'NONE', ( #500, #1921, #1500, #2089 ) ) ;
#526 = SURFACE_STYLE_FILL_AREA ( #700 ) ;
#527 = DIRECTION ( 'NONE',  ( -1.000000000000000000, -3.446814957945958214E-30, 6.549151239516728913E-18 ) ) ;
#528 = DIRECTION ( 'NONE',  ( 8.673617379884040402E-16, 5.259681579161682139E-13, -1.000000000000000000 ) ) ;
#529 = VECTOR ( 'NONE', #1780, 1000.000000000000000 ) ;
#530 = EDGE_CURVE ( 'NONE', #1541, #1952, #2238, .T. ) ;
#531 = VECTOR ( 'NONE', #22, 1000.000000000000000 ) ;
#532 = FILL_AREA_STYLE_COLOUR ( '', #498 ) ;
#533 = VECTOR ( 'NONE', #1359, 1000.000000000000000 ) ;
#534 = ORIENTED_EDGE ( 'NONE', *, *, #1098, .T. ) ;
#535 = AXIS2_PLACEMENT_3D ( 'NONE', #1916, #679, #2063 ) ;
#536 = EDGE_LOOP ( 'NONE', ( #2251, #981, #149, #1467 ) ) ;
#537 = VECTOR ( 'NONE', #835, 1000.000000000000000 ) ;
#538 = CIRCLE ( 'NONE', #1829, 2.350000000000004086 ) ;
#539 = PRESENTATION_STYLE_ASSIGNMENT (( #1227 ) ) ;
#540 = CIRCLE ( 'NONE', #1975, 1.500000000000001332 ) ;
#541 = ORIENTED_EDGE ( 'NONE', *, *, #1428, .T. ) ;
#542 = MECHANICAL_DESIGN_GEOMETRIC_PRESENTATION_REPRESENTATION (  '', ( #96 ), #1129 ) ;
#543 = FACE_OUTER_BOUND ( 'NONE', #613, .T. ) ;
#544 = SURFACE_SIDE_STYLE ('',( #1994 ) ) ;
#545 = CARTESIAN_POINT ( 'NONE',  ( 110.0000000000000000, -63.08999999997355701, -44.05000000000173088 ) ) ;
#546 = ORIENTED_EDGE ( 'NONE', *, *, #2151, .F. ) ;
#547 = ORIENTED_EDGE ( 'NONE', *, *, #1850, .F. ) ;
#548 = FACE_BOUND ( 'NONE', #563, .T. ) ;
#549 = EDGE_CURVE ( 'NONE', #1847, #284, #868, .T. ) ;
#550 = PRESENTATION_LAYER_ASSIGNMENT (  '', '', ( #1767 ) ) ;
#551 = VECTOR ( 'NONE', #1034, 1000.000000000000000 ) ;
#552 = SURFACE_STYLE_USAGE ( .BOTH. , #1256 ) ;
#553 = CARTESIAN_POINT ( 'NONE',  ( -2.494571707130329144E-16, -53.08999999997669050, -38.09000000000363428 ) ) ;
#554 = SURFACE_SIDE_STYLE ('',( #1826 ) ) ;
#555 = EDGE_CURVE ( 'NONE', #108, #1444, #538, .T. ) ;
#556 = SURFACE_SIDE_STYLE ('',( #1585 ) ) ;
#557 = VERTEX_POINT ( 'NONE', #861 ) ;
#558 = DIRECTION ( 'NONE',  ( 0.000000000000000000, 5.263069460122815804E-13, -1.000000000000000000 ) ) ;
#559 = ORIENTED_EDGE ( 'NONE', *, *, #10, .F. ) ;
#560 = EDGE_CURVE ( 'NONE', #2152, #466, #516, .T. ) ;
#561 = FACE_OUTER_BOUND ( 'NONE', #611, .T. ) ;
#562 = CARTESIAN_POINT ( 'NONE',  ( 6.700000000000001066, -66.68999999997110706, -48.69000000000005457 ) ) ;
#563 = EDGE_LOOP ( 'NONE', ( #902, #168 ) ) ;
#564 =( GEOMETRIC_REPRESENTATION_CONTEXT ( 3 ) GLOBAL_UNCERTAINTY_ASSIGNED_CONTEXT ( ( #1265 ) ) GLOBAL_UNIT_ASSIGNED_CONTEXT ( ( #1816, #1282, #1878 ) ) REPRESENTATION_CONTEXT ( 'NONE', 'WORKASPACE' ) );
#565 = LINE ( 'NONE', #930, #2161 ) ;
#566 = ORIENTED_EDGE ( 'NONE', *, *, #837, .F. ) ;
#567 = VECTOR ( 'NONE', #1095, 1000.000000000000000 ) ;
#568 = STYLED_ITEM ( 'NONE', ( #2006 ), #1447 ) ;
#569 = CARTESIAN_POINT ( 'NONE',  ( 5.000000000000000000, -63.09000000002888697, 61.08999999999826258 ) ) ;
#570 = DIRECTION ( 'NONE',  ( 0.000000000000000000, 5.273559366969496596E-13, -1.000000000000000000 ) ) ;
#571 = CARTESIAN_POINT ( 'NONE',  ( 5.000000000000000000, -53.08999999997111274, -48.68999999999647343 ) ) ;
#572 = CARTESIAN_POINT ( 'NONE',  ( 40.00000000000000000, -53.09000000003153019, 56.45000000000354134 ) ) ;
#573 = CARTESIAN_POINT ( 'NONE',  ( 10.00000000000000000, -53.08999999997355701, -44.04999999999646576 ) ) ;
#574 = SURFACE_STYLE_USAGE ( .BOTH. , #2165 ) ;
#575 = DIRECTION ( 'NONE',  ( -1.000000000000000000, -3.446814957945958214E-30, 6.549151239516728913E-18 ) ) ;
#576 = UNCERTAINTY_MEASURE_WITH_UNIT (LENGTH_MEASURE( 1.000000000000000082E-05 ), #251, 'distance_accuracy_value', 'NONE');
#577 = ORIENTED_EDGE ( 'NONE', *, *, #1970, .F. ) ;
#578 =( GEOMETRIC_REPRESENTATION_CONTEXT ( 3 ) GLOBAL_UNCERTAINTY_ASSIGNED_CONTEXT ( ( #1796 ) ) GLOBAL_UNIT_ASSIGNED_CONTEXT ( ( #988, #1664, #950 ) ) REPRESENTATION_CONTEXT ( 'NONE', 'WORKASPACE' ) );
#579 =( NAMED_UNIT ( * ) SI_UNIT ( $, .STERADIAN. ) SOLID_ANGLE_UNIT ( ) );
#580 = EDGE_CURVE ( 'NONE', #1039, #488, #1304, .T. ) ;
#581 = UNCERTAINTY_MEASURE_WITH_UNIT (LENGTH_MEASURE( 1.000000000000000082E-05 ), #170, 'distance_accuracy_value', 'NONE');
#582 = CARTESIAN_POINT ( 'NONE',  ( 66.00000000000000000, -66.68999999999876138, 3.835999999996381860 ) ) ;
#583 = ORIENTED_EDGE ( 'NONE', *, *, #50, .F. ) ;
#584 = DIRECTION ( 'NONE',  ( 0.000000000000000000, 5.273559366969488518E-13, -1.000000000000000000 ) ) ;
#585 = PRESENTATION_STYLE_ASSIGNMENT (( #1143 ) ) ;
#586 = ADVANCED_FACE ( 'NONE', ( #874 ), #158, .F. ) ;
#587 = LINE ( 'NONE', #797, #465 ) ;
#588 = EDGE_CURVE ( 'NONE', #1090, #1855, #2276, .T. ) ;
#589 = PRODUCT_DEFINITION_SHAPE ( 'NONE', 'NONE',  #373 ) ;
#590 = ORIENTED_EDGE ( 'NONE', *, *, #920, .F. ) ;
#591 = COLOUR_RGB ( '',0.000000000000000000, 0.000000000000000000, 0.000000000000000000 ) ;
#592 = STYLED_ITEM ( 'NONE', ( #948 ), #453 ) ;
#593 = CARTESIAN_POINT ( 'NONE',  ( 1.499999999999999556, -55.59000000002890118, -35.45000000000363372 ) ) ;
#594 = SURFACE_STYLE_FILL_AREA ( #115 ) ;
#595 =( NAMED_UNIT ( * ) SI_UNIT ( $, .STERADIAN. ) SOLID_ANGLE_UNIT ( ) );
#596 = MECHANICAL_DESIGN_GEOMETRIC_PRESENTATION_REPRESENTATION (  '', ( #1019 ), #1757 ) ;
#597 = VECTOR ( 'NONE', #1398, 1000.000000000000000 ) ;
#598 =( LENGTH_UNIT ( ) NAMED_UNIT ( * ) SI_UNIT ( .MILLI., .METRE. ) );
#599 =( NAMED_UNIT ( * ) SI_UNIT ( $, .STERADIAN. ) SOLID_ANGLE_UNIT ( ) );
#600 = DIRECTION ( 'NONE',  ( 0.000000000000000000, -5.262994901000794812E-13, 1.000000000000000000 ) ) ;
#601 = CARTESIAN_POINT ( 'NONE',  ( 66.00000000000000000, -60.75499999999874490, 3.835999999999505583 ) ) ;
#602 = DIRECTION ( 'NONE',  ( -1.000000000000000000, 0.000000000000000000, 0.000000000000000000 ) ) ;
#603 = VERTEX_POINT ( 'NONE', #1209 ) ;
#604 = EDGE_CURVE ( 'NONE', #1208, #2272, #1013, .T. ) ;
#605 = PRESENTATION_LAYER_ASSIGNMENT (  '', '', ( #32 ) ) ;
#606 =( NAMED_UNIT ( * ) PLANE_ANGLE_UNIT ( ) SI_UNIT ( $, .RADIAN. ) );
#607 = SURFACE_SIDE_STYLE ('',( #2225 ) ) ;
#608 = DIRECTION ( 'NONE',  ( 0.000000000000000000, -1.000000000000000000, 0.000000000000000000 ) ) ;
#609 = SURFACE_STYLE_FILL_AREA ( #1891 ) ;
#610 = CARTESIAN_POINT ( 'NONE',  ( 1.274077335386720002E-15, -53.09000000002889408, 61.09000000000352060 ) ) ;
#611 = EDGE_LOOP ( 'NONE', ( #534, #640, #97, #1225 ) ) ;
#612 = ORIENTED_EDGE ( 'NONE', *, *, #81, .F. ) ;
#613 = EDGE_LOOP ( 'NONE', ( #1962, #699, #1352, #345 ) ) ;
#614 = EDGE_CURVE ( 'NONE', #2274, #2197, #644, .T. ) ;
#615 = PRESENTATION_STYLE_ASSIGNMENT (( #938 ) ) ;
#616 = DIRECTION ( 'NONE',  ( 6.549151239516728913E-18, 0.000000000000000000, 1.000000000000000000 ) ) ;
#617 = CARTESIAN_POINT ( 'NONE',  ( 1.499999999999999778, 5.873388195552248330E-14, -38.09000000000354902 ) ) ;
#618 = CARTESIAN_POINT ( 'NONE',  ( 1.500000000000000000, -61.58999999997114116, -4.749498767590884064E-14 ) ) ;
#619 = CARTESIAN_POINT ( 'NONE',  ( 5.000000000000000000, -66.68999999997110706, -48.69000000000362860 ) ) ;
#620 = FILL_AREA_STYLE_COLOUR ( '', #2053 ) ;
#621 = SURFACE_STYLE_USAGE ( .BOTH. , #433 ) ;
#622 = EDGE_LOOP ( 'NONE', ( #1243, #2245, #109, #1884 ) ) ;
#623 = CARTESIAN_POINT ( 'NONE',  ( 5.000000000000000000, -66.08999999997111274, -48.69000000000331596 ) ) ;
#624 = ORIENTED_EDGE ( 'NONE', *, *, #396, .F. ) ;
#625 =( GEOMETRIC_REPRESENTATION_CONTEXT ( 3 ) GLOBAL_UNCERTAINTY_ASSIGNED_CONTEXT ( ( #1331 ) ) GLOBAL_UNIT_ASSIGNED_CONTEXT ( ( #60, #1406, #1094 ) ) REPRESENTATION_CONTEXT ( 'NONE', 'WORKASPACE' ) );
#626 = STYLED_ITEM ( 'NONE', ( #824 ), #89 ) ;
#627 = COLOUR_RGB ( '',0.7529411764705882248, 0.000000000000000000, 0.000000000000000000 ) ;
#628 = UNCERTAINTY_MEASURE_WITH_UNIT (LENGTH_MEASURE( 1.000000000000000082E-05 ), #1111, 'distance_accuracy_value', 'NONE');
#629 = DIRECTION ( 'NONE',  ( -0.000000000000000000, 0.000000000000000000, 1.000000000000000000 ) ) ;
#630 = VECTOR ( 'NONE', #1212, 1000.000000000000000 ) ;
#631 = DIRECTION ( 'NONE',  ( 0.000000000000000000, 0.000000000000000000, 1.000000000000000000 ) ) ;
#632 = PRESENTATION_LAYER_ASSIGNMENT (  '', '', ( #1201 ) ) ;
#633 = CARTESIAN_POINT ( 'NONE',  ( 5.000000000000000000, -53.09000000002889408, 61.09000000000352060 ) ) ;
#634 = FILL_AREA_STYLE_COLOUR ( '', #2106 ) ;
#635 = DIRECTION ( 'NONE',  ( 1.000000000000000000, 3.446259042486519835E-30, -6.549151239516728913E-18 ) ) ;
#636 = VECTOR ( 'NONE', #575, 1000.000000000000000 ) ;
#637 = DIRECTION ( 'NONE',  ( -1.000000000000000000, 0.000000000000000000, 0.000000000000000000 ) ) ;
#638 =( LENGTH_UNIT ( ) NAMED_UNIT ( * ) SI_UNIT ( .MILLI., .METRE. ) );
#639 = ORIENTED_EDGE ( 'NONE', *, *, #1186, .F. ) ;
#640 = ORIENTED_EDGE ( 'NONE', *, *, #162, .T. ) ;
#641 = SURFACE_STYLE_USAGE ( .BOTH. , #2235 ) ;
#642 = VERTEX_POINT ( 'NONE', #2060 ) ;
#643 = DIRECTION ( 'NONE',  ( 0.000000000000000000, 1.000000000000000000, 5.262994901000794812E-13 ) ) ;
#644 = LINE ( 'NONE', #2279, #1711 ) ;
#645 = DIRECTION ( 'NONE',  ( 0.000000000000000000, -1.000000000000000000, -5.262994901000794812E-13 ) ) ;
#646 = SURFACE_STYLE_USAGE ( .BOTH. , #692 ) ;
#647 = CYLINDRICAL_SURFACE ( 'NONE', #403, 4.000000000000007105 ) ;
#648 = CARTESIAN_POINT ( 'NONE',  ( 1.500000000000000000, -54.09000000002890118, -9.823726859275094140E-18 ) ) ;
#649 =( NAMED_UNIT ( * ) PLANE_ANGLE_UNIT ( ) SI_UNIT ( $, .RADIAN. ) );
#650 = VECTOR ( 'NONE', #266, 1000.000000000000000 ) ;
#651 = FACE_OUTER_BOUND ( 'NONE', #2032, .T. ) ;
#652 = PLANE ( 'NONE',  #64 ) ;
#653 = VERTEX_POINT ( 'NONE', #852 ) ;
#654 = VERTEX_POINT ( 'NONE', #1895 ) ;
#655 = ORIENTED_EDGE ( 'NONE', *, *, #1587, .T. ) ;
#656 = SURFACE_STYLE_USAGE ( .BOTH. , #2044 ) ;
#657 = DIRECTION ( 'NONE',  ( 0.000000000000000000, -1.000000000000000000, -5.263069460122815804E-13 ) ) ;
#658 = DIRECTION ( 'NONE',  ( -1.000000000000000000, -3.446814957945957514E-30, 6.549151239516728913E-18 ) ) ;
#659 =( NAMED_UNIT ( * ) SI_UNIT ( $, .STERADIAN. ) SOLID_ANGLE_UNIT ( ) );
#660 =( NAMED_UNIT ( * ) SI_UNIT ( $, .STERADIAN. ) SOLID_ANGLE_UNIT ( ) );
#661 = ORIENTED_EDGE ( 'NONE', *, *, #1347, .T. ) ;
#662 = CARTESIAN_POINT ( 'NONE',  ( 66.00000000000000000, -60.75499999999998124, 6.185999999999509669 ) ) ;
#663 = ORIENTED_EDGE ( 'NONE', *, *, #555, .T. ) ;
#664 =( NAMED_UNIT ( * ) PLANE_ANGLE_UNIT ( ) SI_UNIT ( $, .RADIAN. ) );
#665 = CARTESIAN_POINT ( 'NONE',  ( 115.0000000000000000, -66.68999999997110706, -48.69000000000362860 ) ) ;
#666 = SURFACE_STYLE_USAGE ( .BOTH. , #2254 ) ;
#667 = SURFACE_STYLE_USAGE ( .BOTH. , #1557 ) ;
#668 =( NAMED_UNIT ( * ) PLANE_ANGLE_UNIT ( ) SI_UNIT ( $, .RADIAN. ) );
#669 =( LENGTH_UNIT ( ) NAMED_UNIT ( * ) SI_UNIT ( .MILLI., .METRE. ) );
#670 = EDGE_CURVE ( 'NONE', #1412, #1208, #1058, .T. ) ;
#671 = EDGE_LOOP ( 'NONE', ( #1940, #828 ) ) ;
#672 = ORIENTED_EDGE ( 'NONE', *, *, #1403, .F. ) ;
#673 = MECHANICAL_DESIGN_GEOMETRIC_PRESENTATION_REPRESENTATION (  '', ( #2093 ), #1671 ) ;
#674 = VERTEX_POINT ( 'NONE', #191 ) ;
#675 = EDGE_CURVE ( 'NONE', #344, #1444, #364, .T. ) ;
#676 = PRESENTATION_STYLE_ASSIGNMENT (( #656 ) ) ;
#677 = DIRECTION ( 'NONE',  ( -1.000000000000000000, 0.000000000000000000, 0.000000000000000000 ) ) ;
#678 = CARTESIAN_POINT ( 'NONE',  ( 110.0000000000000000, -53.08999999997355701, -44.04999999999646576 ) ) ;
#679 = DIRECTION ( 'NONE',  ( -1.000000000000000000, -3.446814957945957514E-30, 6.549151239516728913E-18 ) ) ;
#680 = DIRECTION ( 'NONE',  ( 0.000000000000000000, -5.255843042108444210E-13, 1.000000000000000000 ) ) ;
#681 = STYLED_ITEM ( 'NONE', ( #2064 ), #1819 ) ;
#682 = CARTESIAN_POINT ( 'NONE',  ( 10.00000000000000000, -53.09000000002644981, -24.45000000000363016 ) ) ;
#683 = CARTESIAN_POINT ( 'NONE',  ( 0.000000000000000000, -66.08999999997111274, -48.69000000000331596 ) ) ;
#684 = PRESENTATION_LAYER_ASSIGNMENT (  '', '', ( #1923 ) ) ;
#685 = VERTEX_POINT ( 'NONE', #888 ) ;
#686 = ADVANCED_FACE ( 'NONE', ( #1590 ), #8, .F. ) ;
#687 = ORIENTED_EDGE ( 'NONE', *, *, #1428, .F. ) ;
#688 = EDGE_CURVE ( 'NONE', #773, #323, #949, .T. ) ;
#689 = CIRCLE ( 'NONE', #1810, 1.700000000000000178 ) ;
#690 = FILL_AREA_STYLE ('',( #2265 ) ) ;
#691 = EDGE_CURVE ( 'NONE', #284, #1847, #776, .T. ) ;
#692 = SURFACE_SIDE_STYLE ('',( #312 ) ) ;
#693 = DIRECTION ( 'NONE',  ( -1.000000000000000000, 0.000000000000000000, 0.000000000000000000 ) ) ;
#694 = SURFACE_SIDE_STYLE ('',( #1023 ) ) ;
#695 = SURFACE_STYLE_USAGE ( .BOTH. , #556 ) ;
#696 = ORIENTED_EDGE ( 'NONE', *, *, #815, .F. ) ;
#697 = ORIENTED_EDGE ( 'NONE', *, *, #2258, .T. ) ;
#698 = SURFACE_STYLE_FILL_AREA ( #513 ) ;
#699 = ORIENTED_EDGE ( 'NONE', *, *, #1592, .F. ) ;
#700 = FILL_AREA_STYLE ('',( #1943 ) ) ;
#701 = SURFACE_STYLE_USAGE ( .BOTH. , #46 ) ;
#702 = DIRECTION ( 'NONE',  ( -1.000000000000000000, 7.011817073795823278E-29, -1.332267629550190018E-16 ) ) ;
#703 = FACE_OUTER_BOUND ( 'NONE', #2019, .T. ) ;
#704 = CARTESIAN_POINT ( 'NONE',  ( 66.00000000000000000, -60.75499999999611589, -1.164000000000498858 ) ) ;
#705 = CIRCLE ( 'NONE', #2034, 1.500000000000001332 ) ;
#706 = EDGE_CURVE ( 'NONE', #857, #1881, #2158, .T. ) ;
#707 = MECHANICAL_DESIGN_GEOMETRIC_PRESENTATION_REPRESENTATION (  '', ( #1299 ), #1419 ) ;
#708 = ORIENTED_EDGE ( 'NONE', *, *, #1563, .T. ) ;
#709 = EDGE_LOOP ( 'NONE', ( #1195, #612, #1799, #1698 ) ) ;
#710 = MECHANICAL_DESIGN_GEOMETRIC_PRESENTATION_REPRESENTATION (  '', ( #1426 ), #2128 ) ;
#711 = VERTEX_POINT ( 'NONE', #1676 ) ;
#712 = AXIS2_PLACEMENT_3D ( 'NONE', #1322, #771, #600 ) ;
#713 = EDGE_CURVE ( 'NONE', #1806, #1750, #265, .T. ) ;
#714 = LINE ( 'NONE', #896, #531 ) ;
#715 = PLANE ( 'NONE',  #1606 ) ;
#716 = FILL_AREA_STYLE_COLOUR ( '', #1841 ) ;
#717 = LINE ( 'NONE', #1108, #1036 ) ;
#718 = LINE ( 'NONE', #417, #1821 ) ;
#719 = DIRECTION ( 'NONE',  ( -1.000000000000000000, 0.000000000000000000, 0.000000000000000000 ) ) ;
#720 = AXIS2_PLACEMENT_3D ( 'NONE', #432, #1507, #602 ) ;
#721 = EDGE_CURVE ( 'NONE', #343, #319, #1332, .T. ) ;
#722 = VERTEX_POINT ( 'NONE', #1504 ) ;
#723 = PRODUCT_DEFINITION_CONTEXT ( 'detailed design', #847, 'design' ) ;
#724 = ORIENTED_EDGE ( 'NONE', *, *, #293, .T. ) ;
#725 = AXIS2_PLACEMENT_3D ( 'NONE', #205, #2140, #48 ) ;
#726 = PLANE ( 'NONE',  #1907 ) ;
#727 = SURFACE_STYLE_USAGE ( .BOTH. , #37 ) ;
#728 = CARTESIAN_POINT ( 'NONE',  ( 6.700000000000000178, -53.09000000002889408, 61.09000000000352060 ) ) ;
#729 =( LENGTH_UNIT ( ) NAMED_UNIT ( * ) SI_UNIT ( .MILLI., .METRE. ) );
#730 = ORIENTED_EDGE ( 'NONE', *, *, #1763, .T. ) ;
#731 = CARTESIAN_POINT ( 'NONE',  ( 113.3000000000000114, -66.69000000002888839, 61.08999999999889496 ) ) ;
#732 = ORIENTED_EDGE ( 'NONE', *, *, #1486, .F. ) ;
#733 = CARTESIAN_POINT ( 'NONE',  ( 60.00000000000000000, -53.08999999999999631, 6.200000000003528910 ) ) ;
#734 = COLOUR_RGB ( '',0.7529411764705882248, 0.7529411764705882248, 0.7529411764705882248 ) ;
#735 = DIRECTION ( 'NONE',  ( 0.000000000000000000, -5.262994901000794812E-13, 1.000000000000000000 ) ) ;
#736 = CARTESIAN_POINT ( 'NONE',  ( 110.0000000000000000, -57.08999999997354990, -44.05000000000173088 ) ) ;
#737 =( LENGTH_UNIT ( ) NAMED_UNIT ( * ) SI_UNIT ( .MILLI., .METRE. ) );
#738 = MECHANICAL_DESIGN_GEOMETRIC_PRESENTATION_REPRESENTATION (  '', ( #626 ), #1378 ) ;
#739 = PRESENTATION_LAYER_ASSIGNMENT (  '', '', ( #1823 ) ) ;
#740 = VERTEX_POINT ( 'NONE', #2033 ) ;
#741 = VECTOR ( 'NONE', #1326, 1000.000000000000000 ) ;
#742 = FACE_OUTER_BOUND ( 'NONE', #1741, .T. ) ;
#743 = DIRECTION ( 'NONE',  ( 1.000000000000000000, 0.000000000000000000, 0.000000000000000000 ) ) ;
#744 = LINE ( 'NONE', #27, #1481 ) ;
#745 = CARTESIAN_POINT ( 'NONE',  ( 11.00000000000003908, 3.791496453740567138E-29, -35.45000000000363372 ) ) ;
#746 = PLANE ( 'NONE',  #243 ) ;
#747 = UNCERTAINTY_MEASURE_WITH_UNIT (LENGTH_MEASURE( 1.000000000000000082E-05 ), #199, 'distance_accuracy_value', 'NONE');
#748 = VERTEX_POINT ( 'NONE', #1115 ) ;
#749 = AXIS2_PLACEMENT_3D ( 'NONE', #1087, #1109, #719 ) ;
#750 = VECTOR ( 'NONE', #972, 1000.000000000000000 ) ;
#751 = AXIS2_PLACEMENT_3D ( 'NONE', #1424, #1, #1791 ) ;
#752 = CARTESIAN_POINT ( 'NONE',  ( -2.236166980751352895E-16, -57.58999999997110564, -34.09000000000363428 ) ) ;
#753 =( NAMED_UNIT ( * ) SI_UNIT ( $, .STERADIAN. ) SOLID_ANGLE_UNIT ( ) );
#754 = EDGE_CURVE ( 'NONE', #1596, #748, #2189, .T. ) ;
#755 = VECTOR ( 'NONE', #1328, 1000.000000000000000 ) ;
#756 = EDGE_CURVE ( 'NONE', #2197, #1373, #1867, .T. ) ;
#757 = DIRECTION ( 'NONE',  ( -0.000000000000000000, 1.000000000000000000, 5.263069460122816813E-13 ) ) ;
#758 = COLOUR_RGB ( '',0.7529411764705882248, 0.000000000000000000, 0.000000000000000000 ) ;
#759 = PLANE ( 'NONE',  #881 ) ;
#760 = UNCERTAINTY_MEASURE_WITH_UNIT (LENGTH_MEASURE( 1.000000000000000082E-05 ), #598, 'distance_accuracy_value', 'NONE');
#761 = CARTESIAN_POINT ( 'NONE',  ( 54.99999999999999289, -53.09000000002689745, 57.31000000000356209 ) ) ;
#762 = SURFACE_STYLE_USAGE ( .BOTH. , #2017 ) ;
#763 = ADVANCED_FACE ( 'NONE', ( #2188 ), #1151, .F. ) ;
#764 =( NAMED_UNIT ( * ) SI_UNIT ( $, .STERADIAN. ) SOLID_ANGLE_UNIT ( ) );
#765 = SHAPE_DEFINITION_REPRESENTATION ( #589, #1079 ) ;
#766 = DIRECTION ( 'NONE',  ( 0.000000000000000000, -2.257371245421658420E-47, 1.000000000000000000 ) ) ;
#767 = FILL_AREA_STYLE_COLOUR ( '', #458 ) ;
#768 = DIRECTION ( 'NONE',  ( -1.000000000000000000, 0.000000000000000000, 0.000000000000000000 ) ) ;
#769 =( NAMED_UNIT ( * ) PLANE_ANGLE_UNIT ( ) SI_UNIT ( $, .RADIAN. ) );
#770 = EDGE_CURVE ( 'NONE', #1446, #497, #1581, .T. ) ;
#771 = DIRECTION ( 'NONE',  ( 0.000000000000000000, -1.000000000000000000, -5.262994901000794812E-13 ) ) ;
#772 = DIRECTION ( 'NONE',  ( 1.000000000000000000, -0.000000000000000000, -0.000000000000000000 ) ) ;
#773 = VERTEX_POINT ( 'NONE', #1935 ) ;
#774 = MECHANICAL_DESIGN_GEOMETRIC_PRESENTATION_REPRESENTATION (  '', ( #2081 ), #1155 ) ;
#775 = AXIS2_PLACEMENT_3D ( 'NONE', #2184, #778, #1837 ) ;
#776 = CIRCLE ( 'NONE', #62, 1.700000000000000178 ) ;
#777 = PRESENTATION_LAYER_ASSIGNMENT (  '', '', ( #592 ) ) ;
#778 = DIRECTION ( 'NONE',  ( 0.000000000000000000, -5.262994901000794812E-13, 1.000000000000000000 ) ) ;
#779 =( NAMED_UNIT ( * ) SI_UNIT ( $, .STERADIAN. ) SOLID_ANGLE_UNIT ( ) );
#780 = VECTOR ( 'NONE', #2042, 1000.000000000000000 ) ;
#781 = EDGE_CURVE ( 'NONE', #230, #844, #298, .T. ) ;
#782 = VECTOR ( 'NONE', #342, 1000.000000000000000 ) ;
#783 = CARTESIAN_POINT ( 'NONE',  ( 10.00000000000000000, -57.09000000002889408, -25.95000000000363372 ) ) ;
#784 = FACE_OUTER_BOUND ( 'NONE', #511, .T. ) ;
#785 = CARTESIAN_POINT ( 'NONE',  ( 1.499999999999999778, -55.59000000002890118, -25.95000000000363372 ) ) ;
#786 = SURFACE_STYLE_USAGE ( .BOTH. , #281 ) ;
#787 =( NAMED_UNIT ( * ) SI_UNIT ( $, .STERADIAN. ) SOLID_ANGLE_UNIT ( ) );
#788 = ADVANCED_FACE ( 'NONE', ( #1556 ), #2078, .F. ) ;
#789 = CARTESIAN_POINT ( 'NONE',  ( 54.99999999999999289, -57.09000000002689745, 57.31000000000145889 ) ) ;
#791 = CARTESIAN_POINT ( 'NONE',  ( 11.00000000000003908, -54.09000000002890118, -25.95000000000363372 ) ) ;
#790 = MECHANICAL_DESIGN_GEOMETRIC_PRESENTATION_REPRESENTATION (  '', ( #2013 ), #2103 ) ;
#792 = PRODUCT_DEFINITION_FORMATION_WITH_SPECIFIED_SOURCE ( 'ANY', '', #54, .NOT_KNOWN. ) ;
#793 = DIRECTION ( 'NONE',  ( -0.000000000000000000, 1.000000000000000000, 5.262994901000794812E-13 ) ) ;
#794 = PRESENTATION_STYLE_ASSIGNMENT (( #1663 ) ) ;
#795 = SURFACE_SIDE_STYLE ('',( #1333 ) ) ;
#796 = FILL_AREA_STYLE_COLOUR ( '', #395 ) ;
#797 = CARTESIAN_POINT ( 'NONE',  ( 5.000000000000000000, -53.08999999996848373, -53.68999999999646633 ) ) ;
#798 = CIRCLE ( 'NONE', #340, 1.700000000000000178 ) ;
#799 = ORIENTED_EDGE ( 'NONE', *, *, #120, .T. ) ;
#800 = SURFACE_SIDE_STYLE ('',( #810 ) ) ;
#801 = EDGE_LOOP ( 'NONE', ( #696, #1941, #2076, #1930 ) ) ;
#802 = CARTESIAN_POINT ( 'NONE',  ( 66.00000000000000000, -60.75499999999874490, 3.835999999999505583 ) ) ;
#803 = PRESENTATION_STYLE_ASSIGNMENT (( #457 ) ) ;
#804 = DIRECTION ( 'NONE',  ( 0.000000000000000000, -1.000000000000000000, -5.262994901000794812E-13 ) ) ;
#805 = FILL_AREA_STYLE ('',( #767 ) ) ;
#806 = FILL_AREA_STYLE ('',( #620 ) ) ;
#807 = VERTEX_POINT ( 'NONE', #1381 ) ;
#808 = EDGE_CURVE ( 'NONE', #466, #887, #1944, .T. ) ;
#809 = ORIENTED_EDGE ( 'NONE', *, *, #381, .F. ) ;
#810 = SURFACE_STYLE_FILL_AREA ( #2075 ) ;
#811 = CIRCLE ( 'NONE', #1600, 1.500000000000001332 ) ;
#812 = ORIENTED_EDGE ( 'NONE', *, *, #959, .F. ) ;
#813 = FILL_AREA_STYLE ('',( #2278 ) ) ;
#814 =( GEOMETRIC_REPRESENTATION_CONTEXT ( 3 ) GLOBAL_UNCERTAINTY_ASSIGNED_CONTEXT ( ( #1998 ) ) GLOBAL_UNIT_ASSIGNED_CONTEXT ( ( #970, #256, #460 ) ) REPRESENTATION_CONTEXT ( 'NONE', 'WORKASPACE' ) );
#815 = EDGE_CURVE ( 'NONE', #857, #1039, #503, .T. ) ;
#816 = VECTOR ( 'NONE', #1043, 1000.000000000000000 ) ;
#817 = UNCERTAINTY_MEASURE_WITH_UNIT (LENGTH_MEASURE( 1.000000000000000082E-05 ), #669, 'distance_accuracy_value', 'NONE');
#818 = CARTESIAN_POINT ( 'NONE',  ( 10.00000000000000000, -55.59000000002890118, -35.45000000000363372 ) ) ;
#819 = VECTOR ( 'NONE', #645, 1000.000000000000000 ) ;
#820 = COLOUR_RGB ( '',0.5019607843137254832, 0.5019607843137254832, 0.5019607843137254832 ) ;
#821 = FILL_AREA_STYLE ('',( #1702 ) ) ;
#822 = STYLED_ITEM ( 'NONE', ( #1511 ), #1349 ) ;
#823 =( LENGTH_UNIT ( ) NAMED_UNIT ( * ) SI_UNIT ( .MILLI., .METRE. ) );
#824 = PRESENTATION_STYLE_ASSIGNMENT (( #1519 ) ) ;
#825 = MECHANICAL_DESIGN_GEOMETRIC_PRESENTATION_REPRESENTATION (  '', ( #1277 ), #320 ) ;
#826 = DIRECTION ( 'NONE',  ( 0.000000000000000000, 1.000000000000000000, 5.262994901000794812E-13 ) ) ;
#827 = ORIENTED_EDGE ( 'NONE', *, *, #815, .T. ) ;
#828 = ORIENTED_EDGE ( 'NONE', *, *, #2072, .F. ) ;
#829 = DIRECTION ( 'NONE',  ( 0.000000000000000000, 5.265395962376660880E-13, -1.000000000000000000 ) ) ;
#830 =( LENGTH_UNIT ( ) NAMED_UNIT ( * ) SI_UNIT ( .MILLI., .METRE. ) );
#831 = ORIENTED_EDGE ( 'NONE', *, *, #1784, .F. ) ;
#832 =( LENGTH_UNIT ( ) NAMED_UNIT ( * ) SI_UNIT ( .MILLI., .METRE. ) );
#833 = CARTESIAN_POINT ( 'NONE',  ( 5.000000000000000000, -53.09000000002889408, 61.09000000000352060 ) ) ;
#834 = AXIS2_PLACEMENT_3D ( 'NONE', #1639, #400, #68 ) ;
#835 = DIRECTION ( 'NONE',  ( 0.000000000000000000, -1.000000000000000000, -5.262994901000794812E-13 ) ) ;
#836 = CARTESIAN_POINT ( 'NONE',  ( 1.499999999999999778, -57.58999999997110564, -38.09000000000364139 ) ) ;
#837 = EDGE_CURVE ( 'NONE', #343, #2124, #1202, .T. ) ;
#838 = SURFACE_STYLE_FILL_AREA ( #146 ) ;
#839 = VECTOR ( 'NONE', #1051, 1000.000000000000000 ) ;
#840 = EDGE_CURVE ( 'NONE', #963, #887, #1054, .T. ) ;
#841 = CARTESIAN_POINT ( 'NONE',  ( 1.499999999999999778, -57.09000000002889408, -33.95000000000362661 ) ) ;
#842 = CIRCLE ( 'NONE', #2018, 1.700000000000000178 ) ;
#843 = CARTESIAN_POINT ( 'NONE',  ( 5.000000000000000000, -53.08999999997111274, -48.68999999999647343 ) ) ;
#844 = VERTEX_POINT ( 'NONE', #1915 ) ;
#845 = STYLED_ITEM ( 'NONE', ( #615 ), #1110 ) ;
#846 = EDGE_LOOP ( 'NONE', ( #1977, #2183, #1004, #1902, #979, #2099, #5, #1024 ) ) ;
#847 = APPLICATION_CONTEXT ( 'automotive_design' ) ;
#848 = CYLINDRICAL_SURFACE ( 'NONE', #1543, 3.000000000000000000 ) ;
#849 = DIRECTION ( 'NONE',  ( 0.000000000000000000, 5.273559366969496596E-13, -1.000000000000000000 ) ) ;
#850 = ORIENTED_EDGE ( 'NONE', *, *, #2170, .F. ) ;
#851 = DIRECTION ( 'NONE',  ( 0.000000000000000000, -5.259681579161673052E-13, 1.000000000000000000 ) ) ;
#852 = CARTESIAN_POINT ( 'NONE',  ( 1.999999999999999112, -66.69000000002888839, 61.08999999999731045 ) ) ;
#853 = CARTESIAN_POINT ( 'NONE',  ( 120.0000000000000000, -57.09000000003153730, 61.09000000000351349 ) ) ;
#854 = SURFACE_STYLE_FILL_AREA ( #2095 ) ;
#855 = DIRECTION ( 'NONE',  ( 6.549151239516728913E-18, 0.000000000000000000, 1.000000000000000000 ) ) ;
#856 =( LENGTH_UNIT ( ) NAMED_UNIT ( * ) SI_UNIT ( .MILLI., .METRE. ) );
#857 = VERTEX_POINT ( 'NONE', #1190 ) ;
#858 = ORIENTED_EDGE ( 'NONE', *, *, #2275, .F. ) ;
#859 = DIRECTION ( 'NONE',  ( 0.000000000000000000, -1.000000000000000000, -5.262994901000794812E-13 ) ) ;
#860 = EDGE_LOOP ( 'NONE', ( #434, #1254, #2259, #1773, #1261, #812, #1967, #443 ) ) ;
#861 = CARTESIAN_POINT ( 'NONE',  ( 40.00000000000000000, -57.09000000003153730, 66.09000000003145203 ) ) ;
#862 = STYLED_ITEM ( 'NONE', ( #1946 ), #994 ) ;
#863 = CARTESIAN_POINT ( 'NONE',  ( 39.99999999999999289, -53.09000000002644981, 56.45000000000353424 ) ) ;
#864 =( NAMED_UNIT ( * ) PLANE_ANGLE_UNIT ( ) SI_UNIT ( $, .RADIAN. ) );
#865 = AXIS2_PLACEMENT_3D ( 'NONE', #889, #375, #224 ) ;
#866 = CARTESIAN_POINT ( 'NONE',  ( 10.00000000000000000, -58.59000000002889408, -25.95000000000363372 ) ) ;
#867 =( GEOMETRIC_REPRESENTATION_CONTEXT ( 3 ) GLOBAL_UNCERTAINTY_ASSIGNED_CONTEXT ( ( #1283 ) ) GLOBAL_UNIT_ASSIGNED_CONTEXT ( ( #2255, #1407, #1768 ) ) REPRESENTATION_CONTEXT ( 'NONE', 'WORKASPACE' ) );
#868 = CIRCLE ( 'NONE', #1272, 1.700000000000000178 ) ;
#869 = CIRCLE ( 'NONE', #1204, 1.700000000000000178 ) ;
#870 = ORIENTED_EDGE ( 'NONE', *, *, #1375, .T. ) ;
#871 = EDGE_LOOP ( 'NONE', ( #1072, #2114, #1431, #1354 ) ) ;
#872 = EDGE_CURVE ( 'NONE', #1373, #2197, #1526, .T. ) ;
#873 = EDGE_LOOP ( 'NONE', ( #1502, #1725, #1892, #2236 ) ) ;
#874 = FACE_OUTER_BOUND ( 'NONE', #709, .T. ) ;
#875 = DIRECTION ( 'NONE',  ( 0.000000000000000000, -1.000000000000000000, -5.262994901000794812E-13 ) ) ;
#876 = PRESENTATION_LAYER_ASSIGNMENT (  '', '', ( #1919 ) ) ;
#877 = CARTESIAN_POINT ( 'NONE',  ( 11.00000000000003908, -55.59000000002890118, -24.45000000000363372 ) ) ;
#878 = DIRECTION ( 'NONE',  ( 0.000000000000000000, 5.273559366969488518E-13, -1.000000000000000000 ) ) ;
#879 = STYLED_ITEM ( 'NONE', ( #40 ), #1746 ) ;
#880 = FILL_AREA_STYLE ('',( #532 ) ) ;
#881 = AXIS2_PLACEMENT_3D ( 'NONE', #82, #608, #960 ) ;
#882 = ORIENTED_EDGE ( 'NONE', *, *, #380, .F. ) ;
#883 = EDGE_LOOP ( 'NONE', ( #2260, #305 ) ) ;
#884 = AXIS2_PLACEMENT_3D ( 'NONE', #134, #1396, #1361 ) ;
#885 =( NAMED_UNIT ( * ) PLANE_ANGLE_UNIT ( ) SI_UNIT ( $, .RADIAN. ) );
#886 = AXIS2_PLACEMENT_3D ( 'NONE', #752, #1130, #2009 ) ;
#887 = VERTEX_POINT ( 'NONE', #853 ) ;
#888 = CARTESIAN_POINT ( 'NONE',  ( 8.673617379884035472E-16, -66.68999999997110706, -48.69000000000363571 ) ) ;
#889 = CARTESIAN_POINT ( 'NONE',  ( 11.00000000000003908, -55.59000000002890118, -33.95000000000362661 ) ) ;
#890 = SURFACE_STYLE_USAGE ( .BOTH. , #544 ) ;
#891 = LINE ( 'NONE', #728, #440 ) ;
#892 = DIRECTION ( 'NONE',  ( 1.000000000000000000, 0.000000000000000000, 0.000000000000000000 ) ) ;
#893 = APPLICATION_CONTEXT ( 'automotive_design' ) ;
#894 = ORIENTED_EDGE ( 'NONE', *, *, #1495, .T. ) ;
#895 = ORIENTED_EDGE ( 'NONE', *, *, #2108, .F. ) ;
#896 = CARTESIAN_POINT ( 'NONE',  ( 1.499999999999999778, 5.170222436918936971E-30, -24.45000000000363372 ) ) ;
#897 = DIRECTION ( 'NONE',  ( 0.000000000000000000, 1.000000000000000000, 5.262994901000794812E-13 ) ) ;
#898 = DIRECTION ( 'NONE',  ( 0.000000000000000000, 0.000000000000000000, 1.000000000000000000 ) ) ;
#899 = STYLED_ITEM ( 'NONE', ( #235 ), #38 ) ;
#900 = CYLINDRICAL_SURFACE ( 'NONE', #2273, 4.000000000000007105 ) ;
#901 = AXIS2_PLACEMENT_3D ( 'NONE', #986, #1131, #2047 ) ;
#902 = ORIENTED_EDGE ( 'NONE', *, *, #308, .F. ) ;
#903 = EDGE_LOOP ( 'NONE', ( #401, #1589 ) ) ;
#904 = LINE ( 'NONE', #1440, #636 ) ;
#905 = ORIENTED_EDGE ( 'NONE', *, *, #2218, .F. ) ;
#906 = VECTOR ( 'NONE', #507, 1000.000000000000000 ) ;
#907 = FACE_BOUND ( 'NONE', #1961, .T. ) ;
#908 = CARTESIAN_POINT ( 'NONE',  ( 1.499999999999999778, -61.58999999997111274, -34.09000000000363428 ) ) ;
#909 = PLANE ( 'NONE',  #1439 ) ;
#910 = SURFACE_STYLE_FILL_AREA ( #217 ) ;
#911 =( NAMED_UNIT ( * ) PLANE_ANGLE_UNIT ( ) SI_UNIT ( $, .RADIAN. ) );
#912 = CARTESIAN_POINT ( 'NONE',  ( 116.7000000000000028, -53.09000000002889408, 61.09000000000352060 ) ) ;
#913 = FACE_OUTER_BOUND ( 'NONE', #2082, .T. ) ;
#914 = ORIENTED_EDGE ( 'NONE', *, *, #937, .F. ) ;
#915 = VERTEX_POINT ( 'NONE', #818 ) ;
#916 = VECTOR ( 'NONE', #1148, 1000.000000000000000 ) ;
#917 = FILL_AREA_STYLE_COLOUR ( '', #2154 ) ;
#918 = SURFACE_STYLE_FILL_AREA ( #225 ) ;
#919 = LINE ( 'NONE', #1644, #529 ) ;
#920 = EDGE_CURVE ( 'NONE', #166, #399, #998, .T. ) ;
#921 = ORIENTED_EDGE ( 'NONE', *, *, #721, .T. ) ;
#922 = FILL_AREA_STYLE ('',( #917 ) ) ;
#923 = SURFACE_STYLE_USAGE ( .BOTH. , #233 ) ;
#924 = DIRECTION ( 'NONE',  ( 0.000000000000000000, -1.000000000000000000, 2.249355156046920345E-47 ) ) ;
#925 = DIRECTION ( 'NONE',  ( 0.000000000000000000, 5.262994901000794812E-13, -1.000000000000000000 ) ) ;
#926 = FILL_AREA_STYLE_COLOUR ( '', #964 ) ;
#927 =( GEOMETRIC_REPRESENTATION_CONTEXT ( 3 ) GLOBAL_UNCERTAINTY_ASSIGNED_CONTEXT ( ( #297 ) ) GLOBAL_UNIT_ASSIGNED_CONTEXT ( ( #1873, #1292, #967 ) ) REPRESENTATION_CONTEXT ( 'NONE', 'WORKASPACE' ) );
#928 = UNCERTAINTY_MEASURE_WITH_UNIT (LENGTH_MEASURE( 1.000000000000000082E-05 ), #2212, 'distance_accuracy_value', 'NONE');
#929 = DIRECTION ( 'NONE',  ( 1.000000000000000000, 0.000000000000000000, 0.000000000000000000 ) ) ;
#930 = CARTESIAN_POINT ( 'NONE',  ( 35.00000000000000000, -53.08999999997355701, -44.04999999999646576 ) ) ;
#931 = PRESENTATION_LAYER_ASSIGNMENT (  '', '', ( #1125 ) ) ;
#932 = COLOUR_RGB ( '',0.000000000000000000, 0.000000000000000000, 0.000000000000000000 ) ;
#933 = ORIENTED_EDGE ( 'NONE', *, *, #1938, .T. ) ;
#934 = VECTOR ( 'NONE', #491, 1000.000000000000000 ) ;
#935 = EDGE_CURVE ( 'NONE', #1881, #488, #1887, .T. ) ;
#936 = MECHANICAL_DESIGN_GEOMETRIC_PRESENTATION_REPRESENTATION (  '', ( #2159 ), #1753 ) ;
#937 = EDGE_CURVE ( 'NONE', #14, #469, #1896, .T. ) ;
#938 = SURFACE_STYLE_USAGE ( .BOTH. , #2208 ) ;
#939 =( LENGTH_UNIT ( ) NAMED_UNIT ( * ) SI_UNIT ( .MILLI., .METRE. ) );
#940 = DIRECTION ( 'NONE',  ( 1.000000000000000000, 0.000000000000000000, 0.000000000000000000 ) ) ;
#941 = CARTESIAN_POINT ( 'NONE',  ( 66.00000000000000000, -60.75499999999874490, 3.835999999999505583 ) ) ;
#942 = DIRECTION ( 'NONE',  ( 0.000000000000000000, 5.255843042108444210E-13, -1.000000000000000000 ) ) ;
#943 = UNCERTAINTY_MEASURE_WITH_UNIT (LENGTH_MEASURE( 1.000000000000000082E-05 ), #638, 'distance_accuracy_value', 'NONE');
#944 = ORIENTED_EDGE ( 'NONE', *, *, #959, .T. ) ;
#945 = PRESENTATION_LAYER_ASSIGNMENT (  '', '', ( #681 ) ) ;
#946 = VECTOR ( 'NONE', #11, 1000.000000000000000 ) ;
#947 = CARTESIAN_POINT ( 'NONE',  ( 1.499999999999999778, -53.08999999998563624, -21.09000000000363428 ) ) ;
#948 = PRESENTATION_STYLE_ASSIGNMENT (( #923 ) ) ;
#949 = LINE ( 'NONE', #2224, #2126 ) ;
#950 =( NAMED_UNIT ( * ) SI_UNIT ( $, .STERADIAN. ) SOLID_ANGLE_UNIT ( ) );
#951 = SURFACE_STYLE_FILL_AREA ( #1298 ) ;
#952 = CARTESIAN_POINT ( 'NONE',  ( 10.00000000000000000, -54.09000000002890118, -33.95000000000362661 ) ) ;
#953 = FILL_AREA_STYLE_COLOUR ( '', #1137 ) ;
#954 = ORIENTED_EDGE ( 'NONE', *, *, #1330, .T. ) ;
#955 = EDGE_CURVE ( 'NONE', #1847, #1910, #517, .T. ) ;
#956 = FILL_AREA_STYLE ('',( #1492 ) ) ;
#957 = SURFACE_SIDE_STYLE ('',( #117 ) ) ;
#958 = DIRECTION ( 'NONE',  ( -1.000000000000000000, 0.000000000000000000, 0.000000000000000000 ) ) ;
#959 = EDGE_CURVE ( 'NONE', #337, #1538, #1017, .T. ) ;
#960 = DIRECTION ( 'NONE',  ( 0.000000000000000000, -0.000000000000000000, -1.000000000000000000 ) ) ;
#961 = DIRECTION ( 'NONE',  ( 0.000000000000000000, 5.255843042108444210E-13, -1.000000000000000000 ) ) ;
#962 =( NAMED_UNIT ( * ) PLANE_ANGLE_UNIT ( ) SI_UNIT ( $, .RADIAN. ) );
#963 = VERTEX_POINT ( 'NONE', #2157 ) ;
#964 = COLOUR_RGB ( '',0.7529411764705882248, 0.000000000000000000, 0.000000000000000000 ) ;
#965 = AXIS2_PLACEMENT_3D ( 'NONE', #1947, #1233, #1370 ) ;
#966 = AXIS2_PLACEMENT_3D ( 'NONE', #1934, #296, #1752 ) ;
#967 =( NAMED_UNIT ( * ) SI_UNIT ( $, .STERADIAN. ) SOLID_ANGLE_UNIT ( ) );
#968 = FACE_OUTER_BOUND ( 'NONE', #1781, .T. ) ;
#969 = PRESENTATION_LAYER_ASSIGNMENT (  '', '', ( #822 ) ) ;
#970 =( LENGTH_UNIT ( ) NAMED_UNIT ( * ) SI_UNIT ( .MILLI., .METRE. ) );
#971 = COLOUR_RGB ( '',0.7529411764705882248, 0.7529411764705882248, 0.7529411764705882248 ) ;
#972 = DIRECTION ( 'NONE',  ( 3.436160405683931285E-30, -1.000000000000000000, -1.541976423090496225E-15 ) ) ;
#973 = DIRECTION ( 'NONE',  ( -1.000000000000000000, -3.446259042486519835E-30, 6.549151239516728913E-18 ) ) ;
#974 = SURFACE_SIDE_STYLE ('',( #1153 ) ) ;
#975 = DIRECTION ( 'NONE',  ( 0.000000000000000000, -5.262994901000794812E-13, 1.000000000000000000 ) ) ;
#976 =( NAMED_UNIT ( * ) SI_UNIT ( $, .STERADIAN. ) SOLID_ANGLE_UNIT ( ) );
#977 = DIRECTION ( 'NONE',  ( 0.000000000000000000, -1.000000000000000000, -5.262994901000794812E-13 ) ) ;
#978 = EDGE_LOOP ( 'NONE', ( #1696, #1762, #1367, #2043 ) ) ;
#979 = ORIENTED_EDGE ( 'NONE', *, *, #713, .T. ) ;
#980 = COLOUR_RGB ( '',0.7529411764705882248, 0.000000000000000000, 0.000000000000000000 ) ;
#981 = ORIENTED_EDGE ( 'NONE', *, *, #1719, .T. ) ;
#983 = DIRECTION ( 'NONE',  ( 0.000000000000000000, 5.259681579161682139E-13, -1.000000000000000000 ) ) ;
#982 = PRESENTATION_LAYER_ASSIGNMENT (  '', '', ( #150 ) ) ;
#984 = UNCERTAINTY_MEASURE_WITH_UNIT (LENGTH_MEASURE( 1.000000000000000082E-05 ), #1616, 'distance_accuracy_value', 'NONE');
#985 = DIRECTION ( 'NONE',  ( 0.000000000000000000, 5.224578939412500476E-13, -1.000000000000000000 ) ) ;
#986 = CARTESIAN_POINT ( 'NONE',  ( 5.000000000000000000, -63.09000000002888697, 61.08999999999826258 ) ) ;
#987 = CARTESIAN_POINT ( 'NONE',  ( 1.110223024625159893E-15, -66.09000000002889408, 61.08999999999668518 ) ) ;
#988 =( LENGTH_UNIT ( ) NAMED_UNIT ( * ) SI_UNIT ( .MILLI., .METRE. ) );
#989 = DIRECTION ( 'NONE',  ( 0.000000000000000000, 7.709882115452479153E-16, -1.000000000000000000 ) ) ;
#990 = DIRECTION ( 'NONE',  ( -1.011316291332811023E-17, 5.263901296387266016E-13, -1.000000000000000000 ) ) ;
#991 = SURFACE_STYLE_USAGE ( .BOTH. , #23 ) ;
#992 = EDGE_LOOP ( 'NONE', ( #954, #583, #510, #1185 ) ) ;
#993 = ORIENTED_EDGE ( 'NONE', *, *, #293, .F. ) ;
#994 = ADVANCED_FACE ( 'NONE', ( #382, #1800, #907 ), #1602, .T. ) ;
#995 = ORIENTED_EDGE ( 'NONE', *, *, #1347, .F. ) ;
#996 = CARTESIAN_POINT ( 'NONE',  ( 5.000000000000000888, -66.69000000003153161, 66.08999999999636543 ) ) ;
#997 = DIRECTION ( 'NONE',  ( 6.549151239516724291E-18, 0.000000000000000000, 1.000000000000000000 ) ) ;
#998 = LINE ( 'NONE', #678, #241 ) ;
#999 =( NAMED_UNIT ( * ) PLANE_ANGLE_UNIT ( ) SI_UNIT ( $, .RADIAN. ) );
#1000 = DIRECTION ( 'NONE',  ( 3.446814957945957514E-30, -1.000000000000000000, -2.257371245421657448E-47 ) ) ;
#1001 = CARTESIAN_POINT ( 'NONE',  ( 110.0000000000000000, -63.09000000002644271, 56.44999999999826912 ) ) ;
#1002 = EDGE_CURVE ( 'NONE', #295, #654, #1121, .T. ) ;
#1003 =( NAMED_UNIT ( * ) SI_UNIT ( $, .STERADIAN. ) SOLID_ANGLE_UNIT ( ) );
#1004 = ORIENTED_EDGE ( 'NONE', *, *, #2130, .T. ) ;
#1005 = ORIENTED_EDGE ( 'NONE', *, *, #1610, .F. ) ;
#1006 = ADVANCED_FACE ( 'NONE', ( #543 ), #1981, .F. ) ;
#1007 = DIRECTION ( 'NONE',  ( 0.000000000000000000, 1.000000000000000000, 5.262994901000794812E-13 ) ) ;
#1008 = PRESENTATION_LAYER_ASSIGNMENT (  '', '', ( #899 ) ) ;
#1009 = ORIENTED_EDGE ( 'NONE', *, *, #370, .T. ) ;
#1010 = EDGE_CURVE ( 'NONE', #1552, #1524, #714, .T. ) ;
#1011 =( NAMED_UNIT ( * ) SI_UNIT ( $, .STERADIAN. ) SOLID_ANGLE_UNIT ( ) );
#1012 = CIRCLE ( 'NONE', #965, 1.699999999999986189 ) ;
#1013 = LINE ( 'NONE', #1544, #1570 ) ;
#1014 = ADVANCED_FACE ( 'NONE', ( #1432 ), #405, .T. ) ;
#1015 = PRESENTATION_LAYER_ASSIGNMENT (  '', '', ( #2085 ) ) ;
#1016 =( GEOMETRIC_REPRESENTATION_CONTEXT ( 3 ) GLOBAL_UNCERTAINTY_ASSIGNED_CONTEXT ( ( #67 ) ) GLOBAL_UNIT_ASSIGNED_CONTEXT ( ( #939, #1293, #1369 ) ) REPRESENTATION_CONTEXT ( 'NONE', 'WORKASPACE' ) );
#1017 = LINE ( 'NONE', #1546, #1297 ) ;
#1018 = PRESENTATION_STYLE_ASSIGNMENT (( #646 ) ) ;
#1019 = STYLED_ITEM ( 'NONE', ( #1535 ), #1549 ) ;
#1020 =( GEOMETRIC_REPRESENTATION_CONTEXT ( 3 ) GLOBAL_UNCERTAINTY_ASSIGNED_CONTEXT ( ( #116 ) ) GLOBAL_UNIT_ASSIGNED_CONTEXT ( ( #832, #1392, #1933 ) ) REPRESENTATION_CONTEXT ( 'NONE', 'WORKASPACE' ) );
#1021 = DIRECTION ( 'NONE',  ( -6.549151239516728913E-18, 5.262994901000794812E-13, -1.000000000000000000 ) ) ;
#1022 = LINE ( 'NONE', #1723, #2125 ) ;
#1023 = SURFACE_STYLE_FILL_AREA ( #880 ) ;
#1024 = ORIENTED_EDGE ( 'NONE', *, *, #1542, .F. ) ;
#1025 = EDGE_LOOP ( 'NONE', ( #422, #1374, #1963, #672 ) ) ;
#1026 = CARTESIAN_POINT ( 'NONE',  ( 5.000000000000000000, -63.09000000002888697, 61.08999999999826258 ) ) ;
#1027 = EDGE_CURVE ( 'NONE', #773, #1611, #1688, .T. ) ;
#1028 =( NAMED_UNIT ( * ) PLANE_ANGLE_UNIT ( ) SI_UNIT ( $, .RADIAN. ) );
#1029 = ORIENTED_EDGE ( 'NONE', *, *, #1253, .T. ) ;
#1030 = DIRECTION ( 'NONE',  ( 0.000000000000000000, -1.000000000000000000, -5.262994901000794812E-13 ) ) ;
#1031 = COLOUR_RGB ( '',0.7529411764705882248, 0.000000000000000000, 0.000000000000000000 ) ;
#1032 = PLANE ( 'NONE',  #494 ) ;
#1033 = DIRECTION ( 'NONE',  ( 0.000000000000000000, 1.000000000000000000, 5.262994901000794812E-13 ) ) ;
#1034 = DIRECTION ( 'NONE',  ( -0.000000000000000000, -0.000000000000000000, 1.000000000000000000 ) ) ;
#1035 = CIRCLE ( 'NONE', #751, 1.700000000000000178 ) ;
#1036 = VECTOR ( 'NONE', #1449, 1000.000000000000000 ) ;
#1037 = LINE ( 'NONE', #682, #597 ) ;
#1038 = LINE ( 'NONE', #683, #1170 ) ;
#1039 = VERTEX_POINT ( 'NONE', #1468 ) ;
#1040 = ORIENTED_EDGE ( 'NONE', *, *, #808, .T. ) ;
#1041 = EDGE_LOOP ( 'NONE', ( #476, #1327, #1924, #1400 ) ) ;
#1042 = EDGE_CURVE ( 'NONE', #740, #1241, #2002, .T. ) ;
#1043 = DIRECTION ( 'NONE',  ( 0.000000000000000000, -2.257371245421657448E-47, 1.000000000000000000 ) ) ;
#1044 = DIRECTION ( 'NONE',  ( 0.000000000000000000, -1.000000000000000000, -5.262994901000794812E-13 ) ) ;
#1045 =( LENGTH_UNIT ( ) NAMED_UNIT ( * ) SI_UNIT ( .MILLI., .METRE. ) );
#1046 = SURFACE_SIDE_STYLE ('',( #838 ) ) ;
#1047 = EDGE_CURVE ( 'NONE', #1747, #1066, #1629, .T. ) ;
#1048 = FACE_OUTER_BOUND ( 'NONE', #2217, .T. ) ;
#1049 = VERTEX_POINT ( 'NONE', #593 ) ;
#1050 = ORIENTED_EDGE ( 'NONE', *, *, #370, .F. ) ;
#1051 = DIRECTION ( 'NONE',  ( -0.000000000000000000, -1.000000000000000000, -5.262994901000794812E-13 ) ) ;
#1052 = CARTESIAN_POINT ( 'NONE',  ( 10.00000000000000000, -55.59000000002890118, -24.45000000000363372 ) ) ;
#1053 = DIRECTION ( 'NONE',  ( 0.000000000000000000, -1.000000000000000000, -5.262994901000794812E-13 ) ) ;
#1054 = LINE ( 'NONE', #129, #934 ) ;
#1055 = CARTESIAN_POINT ( 'NONE',  ( 5.000000000000000000, -66.08999999996848373, -53.69000000000330886 ) ) ;
#1056 =( GEOMETRIC_REPRESENTATION_CONTEXT ( 3 ) GLOBAL_UNCERTAINTY_ASSIGNED_CONTEXT ( ( #760 ) ) GLOBAL_UNIT_ASSIGNED_CONTEXT ( ( #598, #2190, #1142 ) ) REPRESENTATION_CONTEXT ( 'NONE', 'WORKASPACE' ) );
#1057 = LINE ( 'NONE', #1889, #1959 ) ;
#1058 = CIRCLE ( 'NONE', #1422, 1.700000000000000178 ) ;
#1059 = CIRCLE ( 'NONE', #178, 4.999999999999997335 ) ;
#1060 = CARTESIAN_POINT ( 'NONE',  ( 5.000000000000000000, -66.69000000002888839, 61.08999999999637254 ) ) ;
#1061 = LINE ( 'NONE', #484, #1982 ) ;
#1062 = VECTOR ( 'NONE', #106, 1000.000000000000000 ) ;
#1063 = ORIENTED_EDGE ( 'NONE', *, *, #213, .T. ) ;
#1064 = ORIENTED_EDGE ( 'NONE', *, *, #1042, .F. ) ;
#1065 = CARTESIAN_POINT ( 'NONE',  ( 115.0000000000000000, -57.08999999997110564, -48.68999999999857664 ) ) ;
#1066 = VERTEX_POINT ( 'NONE', #1652 ) ;
#1067 = CARTESIAN_POINT ( 'NONE',  ( 66.00000000000000000, -60.75499999999751566, 1.485999999999501497 ) ) ;
#1068 = CARTESIAN_POINT ( 'NONE',  ( 85.00000000000000000, -53.09000000002644981, 56.45000000000353424 ) ) ;
#1069 =( GEOMETRIC_REPRESENTATION_CONTEXT ( 3 ) GLOBAL_UNCERTAINTY_ASSIGNED_CONTEXT ( ( #1833 ) ) GLOBAL_UNIT_ASSIGNED_CONTEXT ( ( #1756, #1769, #1583 ) ) REPRESENTATION_CONTEXT ( 'NONE', 'WORKASPACE' ) );
#1070 = SURFACE_STYLE_USAGE ( .BOTH. , #694 ) ;
#1071 = PRESENTATION_LAYER_ASSIGNMENT (  '', '', ( #1803 ) ) ;
#1072 = ORIENTED_EDGE ( 'NONE', *, *, #463, .T. ) ;
#1073 = ORIENTED_EDGE ( 'NONE', *, *, #754, .T. ) ;
#1074 = CARTESIAN_POINT ( 'NONE',  ( 11.00000000000003908, -55.59000000002890118, -35.45000000000363372 ) ) ;
#1075 = SURFACE_STYLE_FILL_AREA ( #1705 ) ;
#1076 = LINE ( 'NONE', #1618, #567 ) ;
#1077 = CARTESIAN_POINT ( 'NONE',  ( 120.0000000000000000, -57.08999999997110564, -48.68999999999749662 ) ) ;
#1078 =( LENGTH_UNIT ( ) NAMED_UNIT ( * ) SI_UNIT ( .MILLI., .METRE. ) );
#1079 = ADVANCED_BREP_SHAPE_REPRESENTATION ( 'Bottom -1', ( #1876, #34 ), #2056 ) ;
#1080 = EDGE_LOOP ( 'NONE', ( #1979, #174, #1273, #1438, #179, #732 ) ) ;
#1081 = ORIENTED_EDGE ( 'NONE', *, *, #1047, .T. ) ;
#1082 = UNCERTAINTY_MEASURE_WITH_UNIT (LENGTH_MEASURE( 1.000000000000000082E-05 ), #729, 'distance_accuracy_value', 'NONE');
#1083 = CARTESIAN_POINT ( 'NONE',  ( 120.0000000000000000, -66.09000000002889408, 61.08999999999668518 ) ) ;
#1084 = LINE ( 'NONE', #1779, #190 ) ;
#1085 = CARTESIAN_POINT ( 'NONE',  ( 11.00000000000003908, -58.59000000002889408, -33.95000000000362661 ) ) ;
#1086 = PRESENTATION_LAYER_ASSIGNMENT (  '', '', ( #210 ) ) ;
#1087 = CARTESIAN_POINT ( 'NONE',  ( 5.000000000000000000, -53.09000000002889408, 61.09000000000352060 ) ) ;
#1088 = DIRECTION ( 'NONE',  ( -1.000000000000000000, -3.446814957945958214E-30, 6.549151239516728913E-18 ) ) ;
#1089 = COLOUR_RGB ( '',0.7529411764705882248, 0.000000000000000000, 0.000000000000000000 ) ;
#1090 = VERTEX_POINT ( 'NONE', #1848 ) ;
#1091 = ORIENTED_EDGE ( 'NONE', *, *, #1230, .F. ) ;
#1092 = CIRCLE ( 'NONE', #2280, 3.000000000000002665 ) ;
#1093 = EDGE_CURVE ( 'NONE', #2054, #2206, #445, .T. ) ;
#1094 =( NAMED_UNIT ( * ) SI_UNIT ( $, .STERADIAN. ) SOLID_ANGLE_UNIT ( ) );
#1095 = DIRECTION ( 'NONE',  ( 0.000000000000000000, -5.262994901000794812E-13, 1.000000000000000000 ) ) ;
#1096 = DIRECTION ( 'NONE',  ( -0.000000000000000000, 1.000000000000000000, -0.000000000000000000 ) ) ;
#1097 = LINE ( 'NONE', #1966, #2271 ) ;
#1098 = EDGE_CURVE ( 'NONE', #154, #2040, #99, .T. ) ;
#1099 = PRESENTATION_LAYER_ASSIGNMENT (  '', '', ( #879 ) ) ;
#1100 = SURFACE_STYLE_USAGE ( .BOTH. , #83 ) ;
#1101 = ORIENTED_EDGE ( 'NONE', *, *, #2268, .T. ) ;
#1102 = MECHANICAL_DESIGN_GEOMETRIC_PRESENTATION_REPRESENTATION (  '', ( #1767 ), #1648 ) ;
#1103 = PRESENTATION_LAYER_ASSIGNMENT (  '', '', ( #152 ) ) ;
#1104 = VERTEX_POINT ( 'NONE', #1459 ) ;
#1105 = FILL_AREA_STYLE_COLOUR ( '', #2226 ) ;
#1106 = FACE_OUTER_BOUND ( 'NONE', #1390, .T. ) ;
#1107 = AXIS2_PLACEMENT_3D ( 'NONE', #1172, #346, #1199 ) ;
#1108 = CARTESIAN_POINT ( 'NONE',  ( 11.00000000000003908, -58.59000000002889408, -25.95000000000363372 ) ) ;
#1109 = DIRECTION ( 'NONE',  ( 0.000000000000000000, -1.000000000000000000, -5.262994901000794812E-13 ) ) ;
#1110 = ADVANCED_FACE ( 'NONE', ( #742 ), #87, .T. ) ;
#1111 =( LENGTH_UNIT ( ) NAMED_UNIT ( * ) SI_UNIT ( .MILLI., .METRE. ) );
#1112 = DIRECTION ( 'NONE',  ( -1.000000000000000000, -3.446814957945957514E-30, 6.549151239516728913E-18 ) ) ;
#1113 = UNCERTAINTY_MEASURE_WITH_UNIT (LENGTH_MEASURE( 1.000000000000000082E-05 ), #737, 'distance_accuracy_value', 'NONE');
#1114 = ORIENTED_EDGE ( 'NONE', *, *, #446, .F. ) ;
#1115 = CARTESIAN_POINT ( 'NONE',  ( 116.7000000000000028, -66.69000000002888839, 61.08999999999889496 ) ) ;
#1116 = DIRECTION ( 'NONE',  ( 1.000000000000000000, 0.000000000000000000, 0.000000000000000000 ) ) ;
#1117 = EDGE_CURVE ( 'NONE', #414, #1049, #1651, .T. ) ;
#1118 = PRESENTATION_LAYER_ASSIGNMENT (  '', '', ( #2081 ) ) ;
#1119 = DIRECTION ( 'NONE',  ( 0.000000000000000000, 5.224578939412500476E-13, -1.000000000000000000 ) ) ;
#1120 = SURFACE_STYLE_USAGE ( .BOTH. , #228 ) ;
#1121 = CIRCLE ( 'NONE', #131, 3.000000000000000000 ) ;
#1122 = STYLED_ITEM ( 'NONE', ( #1840 ), #271 ) ;
#1123 = UNCERTAINTY_MEASURE_WITH_UNIT (LENGTH_MEASURE( 1.000000000000000082E-05 ), #1789, 'distance_accuracy_value', 'NONE');
#1124 = LINE ( 'NONE', #1497, #245 ) ;
#1125 = STYLED_ITEM ( 'NONE', ( #244 ), #763 ) ;
#1126 = AXIS2_PLACEMENT_3D ( 'NONE', #665, #127, #2118 ) ;
#1127 = ORIENTED_EDGE ( 'NONE', *, *, #2223, .T. ) ;
#1128 = AXIS2_PLACEMENT_3D ( 'NONE', #471, #2094, #480 ) ;
#1129 =( GEOMETRIC_REPRESENTATION_CONTEXT ( 3 ) GLOBAL_UNCERTAINTY_ASSIGNED_CONTEXT ( ( #1700 ) ) GLOBAL_UNIT_ASSIGNED_CONTEXT ( ( #856, #367, #1223 ) ) REPRESENTATION_CONTEXT ( 'NONE', 'WORKASPACE' ) );
#1130 = DIRECTION ( 'NONE',  ( -1.000000000000000000, -3.446259042486519835E-30, 6.549151239516728913E-18 ) ) ;
#1131 = DIRECTION ( 'NONE',  ( 0.000000000000000000, -1.000000000000000000, -5.262994901000794812E-13 ) ) ;
#1132 = SURFACE_SIDE_STYLE ('',( #2012 ) ) ;
#1133 =( NAMED_UNIT ( * ) SI_UNIT ( $, .STERADIAN. ) SOLID_ANGLE_UNIT ( ) );
#1134 = CARTESIAN_POINT ( 'NONE',  ( 1.499999999999999778, -58.59000000002889408, -25.95000000000363372 ) ) ;
#1135 = PRESENTATION_STYLE_ASSIGNMENT (( #621 ) ) ;
#1136 = ORIENTED_EDGE ( 'NONE', *, *, #1662, .F. ) ;
#1137 = COLOUR_RGB ( '',1.000000000000000000, 1.000000000000000000, 1.000000000000000000 ) ;
#1138 = EDGE_CURVE ( 'NONE', #2272, #252, #689, .T. ) ;
#1139 = VECTOR ( 'NONE', #855, 1000.000000000000000 ) ;
#1140 = DIRECTION ( 'NONE',  ( 0.000000000000000000, -5.273559366969496596E-13, 1.000000000000000000 ) ) ;
#1141 = CARTESIAN_POINT ( 'NONE',  ( 115.0000000000000000, -57.08999999997110564, -48.68999999999857664 ) ) ;
#1142 =( NAMED_UNIT ( * ) SI_UNIT ( $, .STERADIAN. ) SOLID_ANGLE_UNIT ( ) );
#1143 = SURFACE_STYLE_USAGE ( .BOTH. , #795 ) ;
#1144 = DIRECTION ( 'NONE',  ( 0.000000000000000000, 0.000000000000000000, 1.000000000000000000 ) ) ;
#1145 = CARTESIAN_POINT ( 'NONE',  ( 116.7000000000000028, -57.09000000003153730, 61.08999999999889496 ) ) ;
#1146 =( NAMED_UNIT ( * ) PLANE_ANGLE_UNIT ( ) SI_UNIT ( $, .RADIAN. ) );
#1147 = ORIENTED_EDGE ( 'NONE', *, *, #1042, .T. ) ;
#1148 = DIRECTION ( 'NONE',  ( 0.000000000000000000, 1.000000000000000000, 5.262994901000794812E-13 ) ) ;
#1149 = SURFACE_STYLE_FILL_AREA ( #2045 ) ;
#1150 = DIRECTION ( 'NONE',  ( 0.000000000000000000, 0.000000000000000000, 1.000000000000000000 ) ) ;
#1151 = PLANE ( 'NONE',  #359 ) ;
#1152 = FILL_AREA_STYLE_COLOUR ( '', #334 ) ;
#1153 = SURFACE_STYLE_FILL_AREA ( #2026 ) ;
#1154 = ORIENTED_EDGE ( 'NONE', *, *, #396, .T. ) ;
#1155 =( GEOMETRIC_REPRESENTATION_CONTEXT ( 3 ) GLOBAL_UNCERTAINTY_ASSIGNED_CONTEXT ( ( #2146 ) ) GLOBAL_UNIT_ASSIGNED_CONTEXT ( ( #482, #649, #599 ) ) REPRESENTATION_CONTEXT ( 'NONE', 'WORKASPACE' ) );
#1156 =( GEOMETRIC_REPRESENTATION_CONTEXT ( 3 ) GLOBAL_UNCERTAINTY_ASSIGNED_CONTEXT ( ( #984 ) ) GLOBAL_UNIT_ASSIGNED_CONTEXT ( ( #1616, #2119, #1245 ) ) REPRESENTATION_CONTEXT ( 'NONE', 'WORKASPACE' ) );
#1157 = MECHANICAL_DESIGN_GEOMETRIC_PRESENTATION_REPRESENTATION (  '', ( #1122 ), #1234 ) ;
#1158 = ORIENTED_EDGE ( 'NONE', *, *, #2223, .F. ) ;
#1159 = AXIS2_PLACEMENT_3D ( 'NONE', #1851, #757, #90 ) ;
#1160 = PRESENTATION_LAYER_ASSIGNMENT (  '', '', ( #2086 ) ) ;
#1161 = ADVANCED_FACE ( 'NONE', ( #2059 ), #2237, .T. ) ;
#1162 = CARTESIAN_POINT ( 'NONE',  ( 120.0000000000000000, -66.08999999997111274, -48.69000000000331596 ) ) ;
#1163 = CARTESIAN_POINT ( 'NONE',  ( 40.00000000000000000, -53.09000000003153019, 66.09000000003145203 ) ) ;
#1164 = DIRECTION ( 'NONE',  ( 0.000000000000000000, 1.000000000000000000, 1.541976423090496028E-15 ) ) ;
#1165 = DIRECTION ( 'NONE',  ( -1.009741958682895111E-28, -1.000000000000000000, -5.263280709765124581E-13 ) ) ;
#1166 = EDGE_CURVE ( 'NONE', #1208, #1412, #798, .T. ) ;
#1167 = DIRECTION ( 'NONE',  ( -1.000000000000000000, 0.000000000000000000, 0.000000000000000000 ) ) ;
#1168 = ORIENTED_EDGE ( 'NONE', *, *, #1777, .T. ) ;
#1169 = EDGE_LOOP ( 'NONE', ( #639, #1739, #1389, #2117 ) ) ;
#1170 = VECTOR ( 'NONE', #1388, 1000.000000000000000 ) ;
#1171 = ORIENTED_EDGE ( 'NONE', *, *, #125, .F. ) ;
#1172 = CARTESIAN_POINT ( 'NONE',  ( 11.00000000000003908, -57.09000000002889408, -25.95000000000363372 ) ) ;
#1173 = FILL_AREA_STYLE_COLOUR ( '', #496 ) ;
#1174 = CIRCLE ( 'NONE', #1846, 1.500000000000001332 ) ;
#1175 = UNCERTAINTY_MEASURE_WITH_UNIT (LENGTH_MEASURE( 1.000000000000000082E-05 ), #2067, 'distance_accuracy_value', 'NONE');
#1176 = PRESENTATION_STYLE_ASSIGNMENT (( #666 ) ) ;
#1177 = LINE ( 'NONE', #2065, #257 ) ;
#1178 = EDGE_CURVE ( 'NONE', #1412, #252, #169, .T. ) ;
#1179 = CARTESIAN_POINT ( 'NONE',  ( 66.00000000000000000, -66.68999999999999773, 6.185999999996385057 ) ) ;
#1180 = AXIS2_PLACEMENT_3D ( 'NONE', #2167, #1286, #1993 ) ;
#1181 = CARTESIAN_POINT ( 'NONE',  ( 115.0000000000000000, -53.09000000002889408, 61.09000000000352060 ) ) ;
#1182 =( NAMED_UNIT ( * ) SI_UNIT ( $, .STERADIAN. ) SOLID_ANGLE_UNIT ( ) );
#1183 = ADVANCED_FACE ( 'NONE', ( #338 ), #156, .F. ) ;
#1184 = VERTEX_POINT ( 'NONE', #1052 ) ;
#1185 = ORIENTED_EDGE ( 'NONE', *, *, #2241, .T. ) ;
#1186 = EDGE_CURVE ( 'NONE', #603, #2274, #2, .T. ) ;
#1187 = ORIENTED_EDGE ( 'NONE', *, *, #2218, .T. ) ;
#1188 = FILL_AREA_STYLE_COLOUR ( '', #758 ) ;
#1189 = CARTESIAN_POINT ( 'NONE',  ( 115.0000000000000000, -53.09000000002889408, 61.09000000000352060 ) ) ;
#1190 = CARTESIAN_POINT ( 'NONE',  ( 116.7000000000000028, -57.08999999997110564, -48.69000000000110617 ) ) ;
#1191 = FACE_OUTER_BOUND ( 'NONE', #206, .T. ) ;
#1192 = DIRECTION ( 'NONE',  ( 0.000000000000000000, -1.000000000000000000, -5.262994901000794812E-13 ) ) ;
#1193 = SURFACE_SIDE_STYLE ('',( #2068 ) ) ;
#1194 = EDGE_LOOP ( 'NONE', ( #1366, #2287, #1537, #1785 ) ) ;
#1195 = ORIENTED_EDGE ( 'NONE', *, *, #292, .T. ) ;
#1196 = DIRECTION ( 'NONE',  ( 1.000000000000000000, 0.000000000000000000, -6.308085367188389994E-17 ) ) ;
#1197 = AXIS2_PLACEMENT_3D ( 'NONE', #745, #1646, #1630 ) ;
#1198 = VERTEX_POINT ( 'NONE', #996 ) ;
#1199 = DIRECTION ( 'NONE',  ( 0.000000000000000000, 0.000000000000000000, 1.000000000000000000 ) ) ;
#1200 = MECHANICAL_DESIGN_GEOMETRIC_PRESENTATION_REPRESENTATION (  '', ( #210 ), #1056 ) ;
#1201 = STYLED_ITEM ( 'NONE', ( #1874 ), #519 ) ;
#1202 = LINE ( 'NONE', #2239, #630 ) ;
#1203 = CYLINDRICAL_SURFACE ( 'NONE', #535, 1.500000000000001332 ) ;
#1204 = AXIS2_PLACEMENT_3D ( 'NONE', #619, #2216, #1323 ) ;
#1205 = DIRECTION ( 'NONE',  ( -6.549151239516728913E-18, -2.256362492981639026E-47, -1.000000000000000000 ) ) ;
#1206 = CYLINDRICAL_SURFACE ( 'NONE', #1491, 1.699999999999993072 ) ;
#1207 = ORIENTED_EDGE ( 'NONE', *, *, #1777, .F. ) ;
#1208 = VERTEX_POINT ( 'NONE', #1529 ) ;
#1209 = CARTESIAN_POINT ( 'NONE',  ( 66.00000000000000000, -60.75500000000137391, 8.835999999999511800 ) ) ;
#1210 =( GEOMETRIC_REPRESENTATION_CONTEXT ( 3 ) GLOBAL_UNCERTAINTY_ASSIGNED_CONTEXT ( ( #1990 ) ) GLOBAL_UNIT_ASSIGNED_CONTEXT ( ( #269, #450, #1182 ) ) REPRESENTATION_CONTEXT ( 'NONE', 'WORKASPACE' ) );
#1211 =( GEOMETRIC_REPRESENTATION_CONTEXT ( 3 ) GLOBAL_UNCERTAINTY_ASSIGNED_CONTEXT ( ( #747 ) ) GLOBAL_UNIT_ASSIGNED_CONTEXT ( ( #199, #1564, #2116 ) ) REPRESENTATION_CONTEXT ( 'NONE', 'WORKASPACE' ) );
#1212 = DIRECTION ( 'NONE',  ( -1.000000000000000000, -3.446814957945958214E-30, 6.549151239516728913E-18 ) ) ;
#1213 = MECHANICAL_DESIGN_GEOMETRIC_PRESENTATION_REPRESENTATION (  '', ( #2249 ), #223 ) ;
#1214 =( GEOMETRIC_REPRESENTATION_CONTEXT ( 3 ) GLOBAL_UNCERTAINTY_ASSIGNED_CONTEXT ( ( #2046 ) ) GLOBAL_UNIT_ASSIGNED_CONTEXT ( ( #1704, #2231, #1133 ) ) REPRESENTATION_CONTEXT ( 'NONE', 'WORKASPACE' ) );
#1215 = DIRECTION ( 'NONE',  ( 0.000000000000000000, 0.000000000000000000, 1.000000000000000000 ) ) ;
#1216 = ORIENTED_EDGE ( 'NONE', *, *, #808, .F. ) ;
#1217 = EDGE_LOOP ( 'NONE', ( #336, #1251, #124, #2221 ) ) ;
#1218 = SURFACE_SIDE_STYLE ('',( #698 ) ) ;
#1219 = ORIENTED_EDGE ( 'NONE', *, *, #555, .F. ) ;
#1220 =( NAMED_UNIT ( * ) SI_UNIT ( $, .STERADIAN. ) SOLID_ANGLE_UNIT ( ) );
#1221 = CARTESIAN_POINT ( 'NONE',  ( 1.499999999999999778, -57.58999999997110564, -21.09000000000363428 ) ) ;
#1222 = PRESENTATION_STYLE_ASSIGNMENT (( #520 ) ) ;
#1223 =( NAMED_UNIT ( * ) SI_UNIT ( $, .STERADIAN. ) SOLID_ANGLE_UNIT ( ) );
#1224 = DIRECTION ( 'NONE',  ( -1.000000000000000000, 0.000000000000000000, 0.000000000000000000 ) ) ;
#1225 = ORIENTED_EDGE ( 'NONE', *, *, #110, .F. ) ;
#1226 = ORIENTED_EDGE ( 'NONE', *, *, #604, .F. ) ;
#1227 = SURFACE_STYLE_USAGE ( .BOTH. , #1218 ) ;
#1228 = SURFACE_SIDE_STYLE ('',( #526 ) ) ;
#1229 = AXIS2_PLACEMENT_3D ( 'NONE', #1814, #234, #65 ) ;
#1230 = EDGE_CURVE ( 'NONE', #1276, #14, #1355, .T. ) ;
#1231 = PRESENTATION_LAYER_ASSIGNMENT (  '', '', ( #173 ) ) ;
#1232 = FILL_AREA_STYLE ('',( #1105 ) ) ;
#1233 = DIRECTION ( 'NONE',  ( -1.009741958682895111E-28, -1.000000000000000000, -5.263280709765124581E-13 ) ) ;
#1234 =( GEOMETRIC_REPRESENTATION_CONTEXT ( 3 ) GLOBAL_UNCERTAINTY_ASSIGNED_CONTEXT ( ( #2164 ) ) GLOBAL_UNIT_ASSIGNED_CONTEXT ( ( #1346, #439, #299 ) ) REPRESENTATION_CONTEXT ( 'NONE', 'WORKASPACE' ) );
#1235 = CARTESIAN_POINT ( 'NONE',  ( 66.00000000000000000, -63.08999999999610964, -1.164000000001727875 ) ) ;
#1236 = AXIS2_PLACEMENT_3D ( 'NONE', #341, #1754, #328 ) ;
#1237 = DIRECTION ( 'NONE',  ( 0.000000000000000000, -1.000000000000000000, -5.262994901000794812E-13 ) ) ;
#1238 = MECHANICAL_DESIGN_GEOMETRIC_PRESENTATION_REPRESENTATION (  '', ( #1715 ), #2194 ) ;
#1239 = ADVANCED_FACE ( 'NONE', ( #1380 ), #2091, .F. ) ;
#1240 = VERTEX_POINT ( 'NONE', #441 ) ;
#1241 = VERTEX_POINT ( 'NONE', #1145 ) ;
#1242 = FACE_BOUND ( 'NONE', #671, .T. ) ;
#1243 = ORIENTED_EDGE ( 'NONE', *, *, #1178, .F. ) ;
#1244 = COLOUR_RGB ( '',0.7529411764705882248, 0.000000000000000000, 0.000000000000000000 ) ;
#1245 =( NAMED_UNIT ( * ) SI_UNIT ( $, .STERADIAN. ) SOLID_ANGLE_UNIT ( ) );
#1246 = CARTESIAN_POINT ( 'NONE',  ( 66.00000000000000000, -60.75499999999874490, 3.835999999999505583 ) ) ;
#1247 = DIRECTION ( 'NONE',  ( 0.000000000000000000, 0.000000000000000000, 1.000000000000000000 ) ) ;
#1248 = MECHANICAL_DESIGN_GEOMETRIC_PRESENTATION_REPRESENTATION (  '', ( #681 ), #1069 ) ;
#1249 = DIRECTION ( 'NONE',  ( 0.000000000000000000, -1.000000000000000000, -5.262994901000794812E-13 ) ) ;
#1250 = VERTEX_POINT ( 'NONE', #1853 ) ;
#1251 = ORIENTED_EDGE ( 'NONE', *, *, #2182, .T. ) ;
#1252 = PRESENTATION_LAYER_ASSIGNMENT (  '', '', ( #2249 ) ) ;
#1253 = EDGE_CURVE ( 'NONE', #1437, #685, #2195, .T. ) ;
#1254 = ORIENTED_EDGE ( 'NONE', *, *, #2008, .T. ) ;
#1255 = ADVANCED_FACE ( 'NONE', ( #2203, #1865 ), #260, .F. ) ;
#1256 = SURFACE_SIDE_STYLE ('',( #2138 ) ) ;
#1257 = CARTESIAN_POINT ( 'NONE',  ( 10.00000000000000000, -57.09000000002889408, -24.45000000000363372 ) ) ;
#1258 =( LENGTH_UNIT ( ) NAMED_UNIT ( * ) SI_UNIT ( .MILLI., .METRE. ) );
#1259 = CARTESIAN_POINT ( 'NONE',  ( 113.3000000000000114, -57.08999999997110564, -48.69000000000110617 ) ) ;
#1260 = UNCERTAINTY_MEASURE_WITH_UNIT (LENGTH_MEASURE( 1.000000000000000082E-05 ), #119, 'distance_accuracy_value', 'NONE');
#1261 = ORIENTED_EDGE ( 'NONE', *, *, #1330, .F. ) ;
#1262 = ADVANCED_FACE ( 'NONE', ( #94, #651 ), #1879, .T. ) ;
#1263 = FACE_BOUND ( 'NONE', #208, .T. ) ;
#1264 = ORIENTED_EDGE ( 'NONE', *, *, #1186, .T. ) ;
#1265 = UNCERTAINTY_MEASURE_WITH_UNIT (LENGTH_MEASURE( 1.000000000000000082E-05 ), #1816, 'distance_accuracy_value', 'NONE');
#1266 = FILL_AREA_STYLE_COLOUR ( '', #1638 ) ;
#1267 = DIRECTION ( 'NONE',  ( -1.000000000000000000, 0.000000000000000000, 0.000000000000000000 ) ) ;
#1268 = COLOUR_RGB ( '',0.7529411764705882248, 0.000000000000000000, 0.000000000000000000 ) ;
#1269 = AXIS2_PLACEMENT_3D ( 'NONE', #733, #202, #1788 ) ;
#1270 = DIRECTION ( 'NONE',  ( 0.000000000000000000, -1.000000000000000000, -5.262994901000794812E-13 ) ) ;
#1271 = PLANE ( 'NONE',  #1197 ) ;
#1272 = AXIS2_PLACEMENT_3D ( 'NONE', #833, #1393, #1732 ) ;
#1273 = ORIENTED_EDGE ( 'NONE', *, *, #1408, .F. ) ;
#1274 = VECTOR ( 'NONE', #1112, 1000.000000000000000 ) ;
#1275 = ADVANCED_FACE ( 'NONE', ( #12 ), #1745, .F. ) ;
#1276 = VERTEX_POINT ( 'NONE', #2270 ) ;
#1277 = STYLED_ITEM ( 'NONE', ( #1772 ), #1294 ) ;
#1278 = SURFACE_STYLE_FILL_AREA ( #192 ) ;
#1279 = EDGE_CURVE ( 'NONE', #1738, #653, #1092, .T. ) ;
#1280 = CARTESIAN_POINT ( 'NONE',  ( 115.0000000000000000, -66.69000000003151740, 66.08999999999636543 ) ) ;
#1281 = STYLED_ITEM ( 'NONE', ( #1832 ), #1654 ) ;
#1282 =( NAMED_UNIT ( * ) PLANE_ANGLE_UNIT ( ) SI_UNIT ( $, .RADIAN. ) );
#1283 = UNCERTAINTY_MEASURE_WITH_UNIT (LENGTH_MEASURE( 1.000000000000000082E-05 ), #2255, 'distance_accuracy_value', 'NONE');
#1284 = PLANE ( 'NONE',  #1530 ) ;
#1285 = ORIENTED_EDGE ( 'NONE', *, *, #840, .T. ) ;
#1286 = DIRECTION ( 'NONE',  ( -1.000000000000000000, -3.446259042486519835E-30, 6.549151239516728913E-18 ) ) ;
#1287 = DIRECTION ( 'NONE',  ( 0.000000000000000000, 1.000000000000000000, 5.262994901000794812E-13 ) ) ;
#1288 = FILL_AREA_STYLE ('',( #247 ) ) ;
#1289 = PRESENTATION_STYLE_ASSIGNMENT (( #419 ) ) ;
#1290 = UNCERTAINTY_MEASURE_WITH_UNIT (LENGTH_MEASURE( 1.000000000000000082E-05 ), #2038, 'distance_accuracy_value', 'NONE');
#1291 = ORIENTED_EDGE ( 'NONE', *, *, #1178, .T. ) ;
#1292 =( NAMED_UNIT ( * ) PLANE_ANGLE_UNIT ( ) SI_UNIT ( $, .RADIAN. ) );
#1293 =( NAMED_UNIT ( * ) PLANE_ANGLE_UNIT ( ) SI_UNIT ( $, .RADIAN. ) );
#1294 = ADVANCED_FACE ( 'NONE', ( #1900 ), #1206, .F. ) ;
#1295 = DIRECTION ( 'NONE',  ( 3.436160405683931285E-30, -1.000000000000000000, -1.541976423090496225E-15 ) ) ;
#1296 =( NAMED_UNIT ( * ) SI_UNIT ( $, .STERADIAN. ) SOLID_ANGLE_UNIT ( ) );
#1297 = VECTOR ( 'NONE', #232, 1000.000000000000000 ) ;
#1298 = FILL_AREA_STYLE ('',( #1659 ) ) ;
#1299 = STYLED_ITEM ( 'NONE', ( #504 ), #355 ) ;
#1300 = DIRECTION ( 'NONE',  ( -1.000000000000000000, 0.000000000000000000, 0.000000000000000000 ) ) ;
#1301 = CARTESIAN_POINT ( 'NONE',  ( 1.500000000000000000, -61.58999999997114116, -4.749498767590884064E-14 ) ) ;
#1302 =( GEOMETRIC_REPRESENTATION_CONTEXT ( 3 ) GLOBAL_UNCERTAINTY_ASSIGNED_CONTEXT ( ( #2211 ) ) GLOBAL_UNIT_ASSIGNED_CONTEXT ( ( #1310, #1839, #1494 ) ) REPRESENTATION_CONTEXT ( 'NONE', 'WORKASPACE' ) );
#1303 = FILL_AREA_STYLE ('',( #953 ) ) ;
#1304 = CIRCLE ( 'NONE', #1126, 1.699999999999986189 ) ;
#1305 = ORIENTED_EDGE ( 'NONE', *, *, #1495, .F. ) ;
#1306 = COLOUR_RGB ( '',0.7529411764705882248, 0.000000000000000000, 0.000000000000000000 ) ;
#1307 = AXIS2_PLACEMENT_3D ( 'NONE', #1553, #2250, #111 ) ;
#1308 = DIRECTION ( 'NONE',  ( 0.000000000000000000, 0.000000000000000000, -1.000000000000000000 ) ) ;
#1309 = DIRECTION ( 'NONE',  ( -0.000000000000000000, 1.000000000000000000, 5.263069460122816813E-13 ) ) ;
#1310 =( LENGTH_UNIT ( ) NAMED_UNIT ( * ) SI_UNIT ( .MILLI., .METRE. ) );
#1311 = CARTESIAN_POINT ( 'NONE',  ( 1.499999999999999778, -57.58999999997110564, -34.09000000000363428 ) ) ;
#1312 = MECHANICAL_DESIGN_GEOMETRIC_PRESENTATION_REPRESENTATION (  '', ( #1919 ), #324 ) ;
#1313 = FACE_OUTER_BOUND ( 'NONE', #1340, .T. ) ;
#1314 = CYLINDRICAL_SURFACE ( 'NONE', #2101, 1.700000000000000178 ) ;
#1315 = COLOUR_RGB ( '',0.7529411764705882248, 0.000000000000000000, 0.000000000000000000 ) ;
#1316 = ORIENTED_EDGE ( 'NONE', *, *, #1790, .T. ) ;
#1317 = VECTOR ( 'NONE', #1863, 1000.000000000000000 ) ;
#1318 = EDGE_CURVE ( 'NONE', #1184, #369, #1037, .T. ) ;
#1319 = PRESENTATION_LAYER_ASSIGNMENT (  '', '', ( #1505 ) ) ;
#1320 = PRESENTATION_STYLE_ASSIGNMENT (( #103 ) ) ;
#1321 = FILL_AREA_STYLE_COLOUR ( '', #591 ) ;
#1322 = CARTESIAN_POINT ( 'NONE',  ( 5.000000000000000000, -63.09000000002888697, 61.08999999999826258 ) ) ;
#1323 = DIRECTION ( 'NONE',  ( 0.000000000000000000, 5.224578939412500476E-13, -1.000000000000000000 ) ) ;
#1324 = EDGE_LOOP ( 'NONE', ( #1512, #1476, #2039, #1430 ) ) ;
#1325 = VERTEX_POINT ( 'NONE', #1759 ) ;
#1326 = DIRECTION ( 'NONE',  ( 0.000000000000000000, 1.000000000000000000, 5.262994901000794812E-13 ) ) ;
#1327 = ORIENTED_EDGE ( 'NONE', *, *, #770, .F. ) ;
#1328 = DIRECTION ( 'NONE',  ( -0.000000000000000000, 5.263069460122816813E-13, -1.000000000000000000 ) ) ;
#1329 = FILL_AREA_STYLE_COLOUR ( '', #820 ) ;
#1330 = EDGE_CURVE ( 'NONE', #1538, #1524, #1794, .T. ) ;
#1331 = UNCERTAINTY_MEASURE_WITH_UNIT (LENGTH_MEASURE( 1.000000000000000082E-05 ), #60, 'distance_accuracy_value', 'NONE');
#1332 = LINE ( 'NONE', #617, #19 ) ;
#1333 = SURFACE_STYLE_FILL_AREA ( #447 ) ;
#1334 = DIRECTION ( 'NONE',  ( 3.441765639544663939E-30, -1.000000000000000000, -7.709882115452479153E-16 ) ) ;
#1335 = FILL_AREA_STYLE ('',( #250 ) ) ;
#1336 = ORIENTED_EDGE ( 'NONE', *, *, #1403, .T. ) ;
#1337 = VECTOR ( 'NONE', #385, 1000.000000000000000 ) ;
#1338 = EDGE_CURVE ( 'NONE', #1066, #1090, #1387, .T. ) ;
#1339 = LINE ( 'NONE', #1871, #780 ) ;
#1340 = EDGE_LOOP ( 'NONE', ( #1554, #1632, #1613, #1761 ) ) ;
#1341 = AXIS2_PLACEMENT_3D ( 'NONE', #1824, #793, #584 ) ;
#1342 = PRESENTATION_LAYER_ASSIGNMENT (  '', '', ( #1945 ) ) ;
#1343 = CARTESIAN_POINT ( 'NONE',  ( 6.700000000000000178, -53.08999999997111274, -48.68999999999647343 ) ) ;
#1344 = CARTESIAN_POINT ( 'NONE',  ( 10.00000000000000000, -53.08999999997355701, -44.04999999999646576 ) ) ;
#1345 = CIRCLE ( 'NONE', #2041, 2.350000000000004086 ) ;
#1346 =( LENGTH_UNIT ( ) NAMED_UNIT ( * ) SI_UNIT ( .MILLI., .METRE. ) );
#1347 = EDGE_CURVE ( 'NONE', #1411, #2124, #1427, .T. ) ;
#1348 = FILL_AREA_STYLE ('',( #634 ) ) ;
#1349 = ADVANCED_FACE ( 'NONE', ( #1048 ), #1686, .T. ) ;
#1350 = PRESENTATION_STYLE_ASSIGNMENT (( #1899 ) ) ;
#1351 = EDGE_LOOP ( 'NONE', ( #870, #231, #663, #378 ) ) ;
#1352 = ORIENTED_EDGE ( 'NONE', *, *, #2205, .F. ) ;
#1353 = FILL_AREA_STYLE_COLOUR ( '', #137 ) ;
#1354 = ORIENTED_EDGE ( 'NONE', *, *, #530, .T. ) ;
#1355 = LINE ( 'NONE', #1716, #2049 ) ;
#1357 = DIRECTION ( 'NONE',  ( -0.000000000000000000, -1.000000000000000000, -5.262994901000794812E-13 ) ) ;
#1356 = PRESENTATION_LAYER_ASSIGNMENT (  '', '', ( #33 ) ) ;
#1358 =( GEOMETRIC_REPRESENTATION_CONTEXT ( 3 ) GLOBAL_UNCERTAINTY_ASSIGNED_CONTEXT ( ( #207 ) ) GLOBAL_UNIT_ASSIGNED_CONTEXT ( ( #823, #2080, #659 ) ) REPRESENTATION_CONTEXT ( 'NONE', 'WORKASPACE' ) );
#1359 = DIRECTION ( 'NONE',  ( -1.000000000000000000, -3.446814957945957514E-30, 6.549151239516728913E-18 ) ) ;
#1360 = SURFACE_STYLE_FILL_AREA ( #821 ) ;
#1361 = DIRECTION ( 'NONE',  ( 1.000000000000000000, 0.000000000000000000, 0.000000000000000000 ) ) ;
#1362 = CARTESIAN_POINT ( 'NONE',  ( 110.0000000000000000, -53.09000000002644981, 56.45000000000353424 ) ) ;
#1363 = SURFACE_STYLE_USAGE ( .BOTH. , #974 ) ;
#1364 = FILL_AREA_STYLE ('',( #1737 ) ) ;
#1365 = EDGE_CURVE ( 'NONE', #1198, #1437, #392, .T. ) ;
#1366 = ORIENTED_EDGE ( 'NONE', *, *, #1719, .F. ) ;
#1367 = ORIENTED_EDGE ( 'NONE', *, *, #688, .T. ) ;
#1368 = ORIENTED_EDGE ( 'NONE', *, *, #1010, .F. ) ;
#1369 =( NAMED_UNIT ( * ) SI_UNIT ( $, .STERADIAN. ) SOLID_ANGLE_UNIT ( ) );
#1370 = DIRECTION ( 'NONE',  ( 0.000000000000000000, 5.224578939412543895E-13, -1.000000000000000000 ) ) ;
#1371 = EDGE_CURVE ( 'NONE', #1240, #2054, #180, .T. ) ;
#1372 = FACE_OUTER_BOUND ( 'NONE', #1599, .T. ) ;
#1373 = VERTEX_POINT ( 'NONE', #285 ) ;
#1374 = ORIENTED_EDGE ( 'NONE', *, *, #2069, .T. ) ;
#1375 = EDGE_CURVE ( 'NONE', #344, #1708, #1830, .T. ) ;
#1376 = SURFACE_STYLE_USAGE ( .BOTH. , #2074 ) ;
#1377 = CARTESIAN_POINT ( 'NONE',  ( 115.0000000000000000, -66.68999999997110706, -48.69000000000363571 ) ) ;
#1378 =( GEOMETRIC_REPRESENTATION_CONTEXT ( 3 ) GLOBAL_UNCERTAINTY_ASSIGNED_CONTEXT ( ( #249 ) ) GLOBAL_UNIT_ASSIGNED_CONTEXT ( ( #290, #464, #1533 ) ) REPRESENTATION_CONTEXT ( 'NONE', 'WORKASPACE' ) );
#1379 = EDGE_LOOP ( 'NONE', ( #467, #1904 ) ) ;
#1380 = FACE_OUTER_BOUND ( 'NONE', #2285, .T. ) ;
#1381 = CARTESIAN_POINT ( 'NONE',  ( 5.000000000000000000, -53.09000000003152309, 66.09000000000352770 ) ) ;
#1382 = LINE ( 'NONE', #877, #533 ) ;
#1383 = SURFACE_SIDE_STYLE ('',( #1360 ) ) ;
#1384 = PRESENTATION_LAYER_ASSIGNMENT (  '', '', ( #1019 ) ) ;
#1385 = LINE ( 'NONE', #1927, #551 ) ;
#1386 = AXIS2_PLACEMENT_3D ( 'NONE', #1520, #637, #826 ) ;
#1387 = LINE ( 'NONE', #2098, #906 ) ;
#1388 = DIRECTION ( 'NONE',  ( 0.000000000000000000, 1.000000000000000000, 5.262994901000794812E-13 ) ) ;
#1389 = ORIENTED_EDGE ( 'NONE', *, *, #872, .T. ) ;
#1390 = EDGE_LOOP ( 'NONE', ( #1009, #1264 ) ) ;
#1391 = ORIENTED_EDGE ( 'NONE', *, *, #461, .T. ) ;
#1392 =( NAMED_UNIT ( * ) PLANE_ANGLE_UNIT ( ) SI_UNIT ( $, .RADIAN. ) );
#1393 = DIRECTION ( 'NONE',  ( 0.000000000000000000, -1.000000000000000000, -5.262994901000794812E-13 ) ) ;
#1394 = DIRECTION ( 'NONE',  ( 0.000000000000000000, -1.000000000000000000, -5.262994901000794812E-13 ) ) ;
#1395 = CARTESIAN_POINT ( 'NONE',  ( 66.00000000000000000, -60.75499999999874490, 3.835999999999505583 ) ) ;
#1396 = DIRECTION ( 'NONE',  ( 0.000000000000000000, 5.262994901000794812E-13, -1.000000000000000000 ) ) ;
#1397 = VECTOR ( 'NONE', #924, 1000.000000000000000 ) ;
#1398 = DIRECTION ( 'NONE',  ( 0.000000000000000000, -1.000000000000000000, 2.259866161449009062E-47 ) ) ;
#1399 = DIRECTION ( 'NONE',  ( 0.000000000000000000, -1.000000000000000000, -5.262994901000794812E-13 ) ) ;
#1400 = ORIENTED_EDGE ( 'NONE', *, *, #1592, .T. ) ;
#1401 = EDGE_LOOP ( 'NONE', ( #1154, #18, #1932, #1029, #45, #1575, #123, #1336 ) ) ;
#1402 = CARTESIAN_POINT ( 'NONE',  ( 115.0000000000000000, -66.08999999997111274, -48.69000000000331596 ) ) ;
#1403 = EDGE_CURVE ( 'NONE', #2054, #963, #1339, .T. ) ;
#1404 = ORIENTED_EDGE ( 'NONE', *, *, #1573, .F. ) ;
#1405 = CARTESIAN_POINT ( 'NONE',  ( 10.00000000000000000, -54.09000000002890118, 56.45000000000353424 ) ) ;
#1406 =( NAMED_UNIT ( * ) PLANE_ANGLE_UNIT ( ) SI_UNIT ( $, .RADIAN. ) );
#1407 =( NAMED_UNIT ( * ) PLANE_ANGLE_UNIT ( ) SI_UNIT ( $, .RADIAN. ) );
#1408 = EDGE_CURVE ( 'NONE', #1198, #807, #2262, .T. ) ;
#1409 = DIRECTION ( 'NONE',  ( -1.000000000000000000, -0.000000000000000000, -0.000000000000000000 ) ) ;
#1410 = CARTESIAN_POINT ( 'NONE',  ( 1.499999999999999778, -57.09000000002889408, -25.95000000000363372 ) ) ;
#1411 = VERTEX_POINT ( 'NONE', #294 ) ;
#1412 = VERTEX_POINT ( 'NONE', #2220 ) ;
#1413 = CYLINDRICAL_SURFACE ( 'NONE', #222, 1.700000000000000178 ) ;
#1414 = ORIENTED_EDGE ( 'NONE', *, *, #2172, .F. ) ;
#1415 = ADVANCED_FACE ( 'NONE', ( #1697 ), #2031, .F. ) ;
#1416 = VECTOR ( 'NONE', #1744, 1000.000000000000000 ) ;
#1417 = SURFACE_STYLE_USAGE ( .BOTH. , #1228 ) ;
#1418 = AXIS2_PLACEMENT_3D ( 'NONE', #618, #1334, #989 ) ;
#1419 =( GEOMETRIC_REPRESENTATION_CONTEXT ( 3 ) GLOBAL_UNCERTAINTY_ASSIGNED_CONTEXT ( ( #412 ) ) GLOBAL_UNIT_ASSIGNED_CONTEXT ( ( #1045, #864, #2147 ) ) REPRESENTATION_CONTEXT ( 'NONE', 'WORKASPACE' ) );
#1420 = FILL_AREA_STYLE_COLOUR ( '', #1861 ) ;
#1421 = FACE_BOUND ( 'NONE', #1525, .T. ) ;
#1422 = AXIS2_PLACEMENT_3D ( 'NONE', #1555, #339, #677 ) ;
#1423 = VECTOR ( 'NONE', #216, 1000.000000000000000 ) ;
#1424 = CARTESIAN_POINT ( 'NONE',  ( 5.000000000000000000, -63.09000000002888697, 61.08999999999826258 ) ) ;
#1425 = EDGE_CURVE ( 'NONE', #252, #2272, #869, .T. ) ;
#1426 = STYLED_ITEM ( 'NONE', ( #219 ), #26 ) ;
#1427 = LINE ( 'NONE', #1928, #782 ) ;
#1428 = EDGE_CURVE ( 'NONE', #1444, #108, #1345, .T. ) ;
#1429 = ORIENTED_EDGE ( 'NONE', *, *, #1642, .T. ) ;
#1430 = ORIENTED_EDGE ( 'NONE', *, *, #327, .T. ) ;
#1431 = ORIENTED_EDGE ( 'NONE', *, *, #444, .F. ) ;
#1432 = FACE_OUTER_BOUND ( 'NONE', #1080, .T. ) ;
#1433 = LINE ( 'NONE', #1442, #2015 ) ;
#1434 = MECHANICAL_DESIGN_GEOMETRIC_PRESENTATION_REPRESENTATION (  '', ( #879 ), #331 ) ;
#1435 = CARTESIAN_POINT ( 'NONE',  ( 54.99999999999999289, -57.08999999997354990, -44.04999999999853344 ) ) ;
#1436 = MECHANICAL_DESIGN_GEOMETRIC_PRESENTATION_REPRESENTATION (  '', ( #150 ), #1731 ) ;
#1437 = VERTEX_POINT ( 'NONE', #1999 ) ;
#1438 = ORIENTED_EDGE ( 'NONE', *, *, #203, .F. ) ;
#1439 = AXIS2_PLACEMENT_3D ( 'NONE', #1627, #366, #1247 ) ;
#1440 = CARTESIAN_POINT ( 'NONE',  ( 1.499999999999999778, -57.58999999997110564, -38.09000000000364139 ) ) ;
#1441 = CARTESIAN_POINT ( 'NONE',  ( 110.0000000000000000, -63.08999999997355701, -44.05000000000173088 ) ) ;
#1442 = CARTESIAN_POINT ( 'NONE',  ( 115.0000000000000000, -66.08999999996848373, -53.69000000000331596 ) ) ;
#1443 = FILL_AREA_STYLE_COLOUR ( '', #2228 ) ;
#1444 = VERTEX_POINT ( 'NONE', #1831 ) ;
#1445 = LINE ( 'NONE', #1953, #279 ) ;
#1446 = VERTEX_POINT ( 'NONE', #449 ) ;
#1447 = ADVANCED_FACE ( 'NONE', ( #1666, #268 ), #746, .F. ) ;
#1448 = FACE_BOUND ( 'NONE', #860, .T. ) ;
#1449 = DIRECTION ( 'NONE',  ( -1.000000000000000000, -3.446814957945957514E-30, 6.549151239516728913E-18 ) ) ;
#1450 =( GEOMETRIC_REPRESENTATION_CONTEXT ( 3 ) GLOBAL_UNCERTAINTY_ASSIGNED_CONTEXT ( ( #1647 ) ) GLOBAL_UNIT_ASSIGNED_CONTEXT ( ( #1078, #2173, #579 ) ) REPRESENTATION_CONTEXT ( 'NONE', 'WORKASPACE' ) );
#1451 = STYLED_ITEM ( 'NONE', ( #35 ), #1014 ) ;
#1452 = LINE ( 'NONE', #226, #1337 ) ;
#1453 = CIRCLE ( 'NONE', #2156, 1.500000000000001332 ) ;
#1454 = VECTOR ( 'NONE', #1593, 1000.000000000000000 ) ;
#1455 = DIRECTION ( 'NONE',  ( 0.000000000000000000, 0.000000000000000000, 1.000000000000000000 ) ) ;
#1456 = UNCERTAINTY_MEASURE_WITH_UNIT (LENGTH_MEASURE( 1.000000000000000082E-05 ), #830, 'distance_accuracy_value', 'NONE');
#1457 = VECTOR ( 'NONE', #1679, 1000.000000000000000 ) ;
#1458 = ORIENTED_EDGE ( 'NONE', *, *, #2014, .T. ) ;
#1459 = CARTESIAN_POINT ( 'NONE',  ( 1.110223024625159893E-15, -53.09000000002889408, 61.09000000000352060 ) ) ;
#1460 = DIRECTION ( 'NONE',  ( 0.000000000000000000, -1.000000000000000000, -5.263069460122815804E-13 ) ) ;
#1461 =( LENGTH_UNIT ( ) NAMED_UNIT ( * ) SI_UNIT ( .MILLI., .METRE. ) );
#1462 = CARTESIAN_POINT ( 'NONE',  ( 10.00000000000000000, -63.09000000002644271, 56.44999999999826912 ) ) ;
#1463 = SURFACE_SIDE_STYLE ('',( #258 ) ) ;
#1464 = UNCERTAINTY_MEASURE_WITH_UNIT (LENGTH_MEASURE( 1.000000000000000082E-05 ), #72, 'distance_accuracy_value', 'NONE');
#1465 = CIRCLE ( 'NONE', #473, 1.700000000000000178 ) ;
#1466 = DIRECTION ( 'NONE',  ( 0.000000000000000000, -1.000000000000000000, -5.263069460122815804E-13 ) ) ;
#1467 = ORIENTED_EDGE ( 'NONE', *, *, #287, .F. ) ;
#1468 = CARTESIAN_POINT ( 'NONE',  ( 116.6999999999999886, -66.68999999997110706, -48.69000000000110617 ) ) ;
#1469 = CARTESIAN_POINT ( 'NONE',  ( 1.500000000000000000, 5.170222436918937672E-30, -9.823726859275094140E-18 ) ) ;
#1470 = DIRECTION ( 'NONE',  ( -6.549151239516728913E-18, 1.541976423090496028E-15, -1.000000000000000000 ) ) ;
#1471 = EDGE_CURVE ( 'NONE', #2219, #642, #420, .T. ) ;
#1472 =( NAMED_UNIT ( * ) SI_UNIT ( $, .STERADIAN. ) SOLID_ANGLE_UNIT ( ) );
#1473 = FACE_BOUND ( 'NONE', #2134, .T. ) ;
#1474 = CARTESIAN_POINT ( 'NONE',  ( 10.00000000000000000, -63.09000000002644271, 56.44999999999826912 ) ) ;
#1475 = CARTESIAN_POINT ( 'NONE',  ( 5.000000000000000000, -53.08999999997111274, -48.68999999999647343 ) ) ;
#1476 = ORIENTED_EDGE ( 'NONE', *, *, #1992, .F. ) ;
#1477 = CARTESIAN_POINT ( 'NONE',  ( 115.0000000000000000, -66.09000000002889408, 61.08999999999668518 ) ) ;
#1478 =( LENGTH_UNIT ( ) NAMED_UNIT ( * ) SI_UNIT ( .MILLI., .METRE. ) );
#1479 = CARTESIAN_POINT ( 'NONE',  ( 115.0000000000000000, -66.69000000002888839, 61.08999999999636543 ) ) ;
#1480 = SURFACE_STYLE_USAGE ( .BOTH. , #607 ) ;
#1481 = VECTOR ( 'NONE', #1270, 1000.000000000000000 ) ;
#1482 = CARTESIAN_POINT ( 'NONE',  ( -2.494571707132153385E-16, 5.873388195552248330E-14, -38.09000000000354902 ) ) ;
#1483 = PLANE ( 'NONE',  #316 ) ;
#1484 = MECHANICAL_DESIGN_GEOMETRIC_PRESENTATION_REPRESENTATION (  '', ( #1523 ), #867 ) ;
#1485 = DIRECTION ( 'NONE',  ( 0.000000000000000000, 0.000000000000000000, 1.000000000000000000 ) ) ;
#1486 = EDGE_CURVE ( 'NONE', #557, #466, #1124, .T. ) ;
#1487 = CYLINDRICAL_SURFACE ( 'NONE', #720, 1.699999999999993072 ) ;
#1488 = AXIS2_PLACEMENT_3D ( 'NONE', #1479, #2180, #985 ) ;
#1489 = MECHANICAL_DESIGN_GEOMETRIC_PRESENTATION_REPRESENTATION (  '', ( #1201 ), #1016 ) ;
#1490 = VERTEX_POINT ( 'NONE', #1474 ) ;
#1491 = AXIS2_PLACEMENT_3D ( 'NONE', #1918, #1237, #332 ) ;
#1492 = FILL_AREA_STYLE_COLOUR ( '', #259 ) ;
#1493 = CYLINDRICAL_SURFACE ( 'NONE', #242, 1.699999999999993072 ) ;
#1494 =( NAMED_UNIT ( * ) SI_UNIT ( $, .STERADIAN. ) SOLID_ANGLE_UNIT ( ) );
#1495 = EDGE_CURVE ( 'NONE', #1611, #1104, #1818, .T. ) ;
#1496 = LINE ( 'NONE', #462, #2171 ) ;
#1497 = CARTESIAN_POINT ( 'NONE',  ( 40.00000000000000000, -57.09000000003153730, 66.09000000003145203 ) ) ;
#1498 = FILL_AREA_STYLE_COLOUR ( '', #1922 ) ;
#1499 =( GEOMETRIC_REPRESENTATION_CONTEXT ( 3 ) GLOBAL_UNCERTAINTY_ASSIGNED_CONTEXT ( ( #1113 ) ) GLOBAL_UNIT_ASSIGNED_CONTEXT ( ( #737, #1989, #409 ) ) REPRESENTATION_CONTEXT ( 'NONE', 'WORKASPACE' ) );
#1500 = ORIENTED_EDGE ( 'NONE', *, *, #446, .T. ) ;
#1501 = COLOUR_RGB ( '',0.7529411764705882248, 0.000000000000000000, 0.000000000000000000 ) ;
#1502 = ORIENTED_EDGE ( 'NONE', *, *, #1972, .T. ) ;
#1503 = SURFACE_STYLE_USAGE ( .BOTH. , #470 ) ;
#1504 = CARTESIAN_POINT ( 'NONE',  ( 5.000000000000000000, -66.68999999996847805, -53.69000000000362860 ) ) ;
#1505 = STYLED_ITEM ( 'NONE', ( #2105 ), #1161 ) ;
#1506 =( NAMED_UNIT ( * ) PLANE_ANGLE_UNIT ( ) SI_UNIT ( $, .RADIAN. ) );
#1507 = DIRECTION ( 'NONE',  ( 0.000000000000000000, -1.000000000000000000, -5.262994901000794812E-13 ) ) ;
#1508 = CARTESIAN_POINT ( 'NONE',  ( 3.299999999999999822, -63.09000000002888697, 61.08999999999826258 ) ) ;
#1509 = ORIENTED_EDGE ( 'NONE', *, *, #560, .F. ) ;
#1510 = EDGE_LOOP ( 'NONE', ( #1713, #995, #2115, #2136, #1316, #1305, #697, #31, #6, #307 ) ) ;
#1511 = PRESENTATION_STYLE_ASSIGNMENT (( #153 ) ) ;
#1512 = ORIENTED_EDGE ( 'NONE', *, *, #588, .T. ) ;
#1513 = EDGE_CURVE ( 'NONE', #642, #1325, #587, .T. ) ;
#1514 =( NAMED_UNIT ( * ) PLANE_ANGLE_UNIT ( ) SI_UNIT ( $, .RADIAN. ) );
#1515 = UNCERTAINTY_MEASURE_WITH_UNIT (LENGTH_MEASURE( 1.000000000000000082E-05 ), #2288, 'distance_accuracy_value', 'NONE');
#1516 = PRESENTATION_STYLE_ASSIGNMENT (( #1657 ) ) ;
#1517 = CARTESIAN_POINT ( 'NONE',  ( -2.494571707130174330E-16, -57.58999999997110564, -38.09000000000364139 ) ) ;
#1518 = CARTESIAN_POINT ( 'NONE',  ( 66.00000000000000000, -60.75499999999874490, 3.835999999999505583 ) ) ;
#1519 = SURFACE_STYLE_USAGE ( .BOTH. , #135 ) ;
#1520 = CARTESIAN_POINT ( 'NONE',  ( 10.00000000000000000, -53.09000000002644981, 56.45000000000353424 ) ) ;
#1521 = PRESENTATION_LAYER_ASSIGNMENT (  '', '', ( #351 ) ) ;
#1522 = ORIENTED_EDGE ( 'NONE', *, *, #218, .T. ) ;
#1523 = STYLED_ITEM ( 'NONE', ( #1018 ), #348 ) ;
#1524 = VERTEX_POINT ( 'NONE', #431 ) ;
#1525 = EDGE_LOOP ( 'NONE', ( #1695, #220 ) ) ;
#1526 = CIRCLE ( 'NONE', #1236, 5.000000000000004441 ) ;
#1527 = MECHANICAL_DESIGN_GEOMETRIC_PRESENTATION_REPRESENTATION (  '', ( #1945 ), #1868 ) ;
#1528 = AXIS2_PLACEMENT_3D ( 'NONE', #141, #1883, #849 ) ;
#1529 = CARTESIAN_POINT ( 'NONE',  ( 3.299999999999999822, -53.08999999997111274, -48.68999999999647343 ) ) ;
#1530 = AXIS2_PLACEMENT_3D ( 'NONE', #1783, #1968, #558 ) ;
#1531 = CARTESIAN_POINT ( 'NONE',  ( 10.00000000000000000, -53.08999999997355701, -44.04999999999646576 ) ) ;
#1532 = DIRECTION ( 'NONE',  ( 0.000000000000000000, -1.000000000000000000, -5.262994901000794812E-13 ) ) ;
#1533 =( NAMED_UNIT ( * ) SI_UNIT ( $, .STERADIAN. ) SOLID_ANGLE_UNIT ( ) );
#1534 =( NAMED_UNIT ( * ) PLANE_ANGLE_UNIT ( ) SI_UNIT ( $, .RADIAN. ) );
#1535 = PRESENTATION_STYLE_ASSIGNMENT (( #991 ) ) ;
#1536 = CARTESIAN_POINT ( 'NONE',  ( 1.499999999999999778, 5.170222436918936971E-30, -35.45000000000363372 ) ) ;
#1537 = ORIENTED_EDGE ( 'NONE', *, *, #287, .T. ) ;
#1538 = VERTEX_POINT ( 'NONE', #1134 ) ;
#1539 = CARTESIAN_POINT ( 'NONE',  ( 10.00000000000000000, -57.09000000002889408, -33.95000000000362661 ) ) ;
#1540 =( NAMED_UNIT ( * ) PLANE_ANGLE_UNIT ( ) SI_UNIT ( $, .RADIAN. ) );
#1541 = VERTEX_POINT ( 'NONE', #952 ) ;
#1542 = EDGE_CURVE ( 'NONE', #1952, #1184, #215, .T. ) ;
#1544 = CARTESIAN_POINT ( 'NONE',  ( 3.299999999999999822, -53.08999999997111274, -48.68999999999647343 ) ) ;
#1543 = AXIS2_PLACEMENT_3D ( 'NONE', #1026, #859, #2102 ) ;
#1545 = AXIS2_PLACEMENT_3D ( 'NONE', #1937, #1205, #330 ) ;
#1546 = CARTESIAN_POINT ( 'NONE',  ( 1.500000000000000000, -58.59000000002889408, -9.823726859275094140E-18 ) ) ;
#1547 = FILL_AREA_STYLE_COLOUR ( '', #627 ) ;
#1548 = CARTESIAN_POINT ( 'NONE',  ( 10.00000000000000000, -58.59000000002889408, -33.95000000000362661 ) ) ;
#1549 = ADVANCED_FACE ( 'NONE', ( #442 ), #652, .T. ) ;
#1550 = DIRECTION ( 'NONE',  ( 0.000000000000000000, -1.000000000000000000, -5.262994901000794812E-13 ) ) ;
#1551 = ORIENTED_EDGE ( 'NONE', *, *, #781, .F. ) ;
#1552 = VERTEX_POINT ( 'NONE', #140 ) ;
#1553 = CARTESIAN_POINT ( 'NONE',  ( 66.00000000000000000, -60.75499999999874490, 3.835999999999505583 ) ) ;
#1554 = ORIENTED_EDGE ( 'NONE', *, *, #1338, .T. ) ;
#1555 = CARTESIAN_POINT ( 'NONE',  ( 5.000000000000000000, -53.08999999997111274, -48.68999999999647343 ) ) ;
#1556 = FACE_OUTER_BOUND ( 'NONE', #304, .T. ) ;
#1557 = SURFACE_SIDE_STYLE ('',( #854 ) ) ;
#1558 = DIRECTION ( 'NONE',  ( -1.000000000000000000, 0.000000000000000000, 0.000000000000000000 ) ) ;
#1559 = CARTESIAN_POINT ( 'NONE',  ( 120.0000000000000000, -66.68999999997110706, -48.69000000000363571 ) ) ;
#1560 = PRESENTATION_STYLE_ASSIGNMENT (( #164 ) ) ;
#1561 = ORIENTED_EDGE ( 'NONE', *, *, #580, .T. ) ;
#1562 = ORIENTED_EDGE ( 'NONE', *, *, #1988, .T. ) ;
#1563 = EDGE_CURVE ( 'NONE', #1881, #857, #363, .T. ) ;
#1564 =( NAMED_UNIT ( * ) PLANE_ANGLE_UNIT ( ) SI_UNIT ( $, .RADIAN. ) );
#1565 = PRESENTATION_LAYER_ASSIGNMENT (  '', '', ( #626 ) ) ;
#1566 = EDGE_LOOP ( 'NONE', ( #270, #1291, #1920, #1226 ) ) ;
#1567 = SURFACE_STYLE_FILL_AREA ( #1925 ) ;
#1568 = AXIS2_PLACEMENT_3D ( 'NONE', #1395, #182, #2109 ) ;
#1569 = COLOUR_RGB ( '',0.7529411764705882248, 0.000000000000000000, 0.000000000000000000 ) ;
#1570 = VECTOR ( 'NONE', #1030, 1000.000000000000000 ) ;
#1571 = DIRECTION ( 'NONE',  ( 1.000000000000000000, 3.446814957945957514E-30, 0.000000000000000000 ) ) ;
#1572 = FILL_AREA_STYLE ('',( #483 ) ) ;
#1573 = EDGE_CURVE ( 'NONE', #1446, #1806, #540, .T. ) ;
#1574 = DIRECTION ( 'NONE',  ( 3.446259042486519835E-30, -1.000000000000000000, -7.652011932712336775E-50 ) ) ;
#1575 = ORIENTED_EDGE ( 'NONE', *, *, #1836, .T. ) ;
#1576 = ORIENTED_EDGE ( 'NONE', *, *, #1980, .T. ) ;
#1577 =( LENGTH_UNIT ( ) NAMED_UNIT ( * ) SI_UNIT ( .MILLI., .METRE. ) );
#1578 = ORIENTED_EDGE ( 'NONE', *, *, #1587, .F. ) ;
#1579 = EDGE_CURVE ( 'NONE', #319, #1747, #904, .T. ) ;
#1580 = MECHANICAL_DESIGN_GEOMETRIC_PRESENTATION_REPRESENTATION (  '', ( #32 ), #1499 ) ;
#1581 = LINE ( 'NONE', #2281, #1605 ) ;
#1582 = CARTESIAN_POINT ( 'NONE',  ( 66.00000000000000000, -60.75499999999751566, 1.485999999999501497 ) ) ;
#1583 =( NAMED_UNIT ( * ) SI_UNIT ( $, .STERADIAN. ) SOLID_ANGLE_UNIT ( ) );
#1584 = LINE ( 'NONE', #1068, #2174 ) ;
#1585 = SURFACE_STYLE_FILL_AREA ( #28 ) ;
#1586 = ORIENTED_EDGE ( 'NONE', *, *, #1621, .F. ) ;
#1587 = EDGE_CURVE ( 'NONE', #14, #2219, #565, .T. ) ;
#1588 =( GEOMETRIC_REPRESENTATION_CONTEXT ( 3 ) GLOBAL_UNCERTAINTY_ASSIGNED_CONTEXT ( ( #1875 ) ) GLOBAL_UNIT_ASSIGNED_CONTEXT ( ( #1742, #325, #1011 ) ) REPRESENTATION_CONTEXT ( 'NONE', 'WORKASPACE' ) );
#1589 = ORIENTED_EDGE ( 'NONE', *, *, #872, .F. ) ;
#1590 = FACE_OUTER_BOUND ( 'NONE', #873, .T. ) ;
#1591 = ADVANCED_FACE ( 'NONE', ( #44, #1242, #198, #1631, #1263, #548 ), #1284, .T. ) ;
#1592 = EDGE_CURVE ( 'NONE', #915, #1049, #1798, .T. ) ;
#1593 = DIRECTION ( 'NONE',  ( 0.000000000000000000, -1.000000000000000000, -5.262994901000794812E-13 ) ) ;
#1594 = DIRECTION ( 'NONE',  ( 0.000000000000000000, 0.000000000000000000, 1.000000000000000000 ) ) ;
#1595 = DIRECTION ( 'NONE',  ( 0.000000000000000000, 1.000000000000000000, 5.262994901000794812E-13 ) ) ;
#1596 = VERTEX_POINT ( 'NONE', #731 ) ;
#1597 = EDGE_LOOP ( 'NONE', ( #895, #486, #2284, #1641, #175, #69 ) ) ;
#1598 = CARTESIAN_POINT ( 'NONE',  ( -1.381215996412485398E-16, -53.08999999998563624, -21.09000000000363428 ) ) ;
#1599 = EDGE_LOOP ( 'NONE', ( #2104, #2123, #197, #1522 ) ) ;
#1600 = AXIS2_PLACEMENT_3D ( 'NONE', #841, #973, #1144 ) ;
#1601 = VECTOR ( 'NONE', #702, 1000.000000000000000 ) ;
#1602 = PLANE ( 'NONE',  #1269 ) ;
#1603 = FILL_AREA_STYLE_COLOUR ( '', #1911 ) ;
#1604 = CARTESIAN_POINT ( 'NONE',  ( 110.0000000000000000, -57.09000000003153730, -44.04999999999646576 ) ) ;
#1605 = VECTOR ( 'NONE', #658, 1000.000000000000000 ) ;
#1606 = AXIS2_PLACEMENT_3D ( 'NONE', #1633, #1287, #735 ) ;
#1607 = DIRECTION ( 'NONE',  ( 3.446259042486519835E-30, -1.000000000000000000, -6.446749979936558118E-51 ) ) ;
#1608 = AXIS2_PLACEMENT_3D ( 'NONE', #84, #772, #1485 ) ;
#1609 = FILL_AREA_STYLE_COLOUR ( '', #17 ) ;
#1610 = EDGE_CURVE ( 'NONE', #844, #711, #1445, .T. ) ;
#1611 = VERTEX_POINT ( 'NONE', #1598 ) ;
#1612 = UNCERTAINTY_MEASURE_WITH_UNIT (LENGTH_MEASURE( 1.000000000000000082E-05 ), #2097, 'distance_accuracy_value', 'NONE');
#1613 = ORIENTED_EDGE ( 'NONE', *, *, #1642, .F. ) ;
#1614 = DIRECTION ( 'NONE',  ( 1.000000000000000000, -7.011717741091065907E-29, 1.332267629550190018E-16 ) ) ;
#1615 = ORIENTED_EDGE ( 'NONE', *, *, #754, .F. ) ;
#1616 =( LENGTH_UNIT ( ) NAMED_UNIT ( * ) SI_UNIT ( .MILLI., .METRE. ) );
#1618 = CARTESIAN_POINT ( 'NONE',  ( 110.0000000000000000, -63.08999999997355701, -44.05000000000173088 ) ) ;
#1617 = AXIS2_PLACEMENT_3D ( 'NONE', #2256, #1033, #680 ) ;
#1619 = FACE_OUTER_BOUND ( 'NONE', #2166, .T. ) ;
#1620 = DIRECTION ( 'NONE',  ( 0.000000000000000000, -1.000000000000000000, -5.262994901000794812E-13 ) ) ;
#1621 = EDGE_CURVE ( 'NONE', #319, #388, #1726, .T. ) ;
#1622 =( NAMED_UNIT ( * ) SI_UNIT ( $, .STERADIAN. ) SOLID_ANGLE_UNIT ( ) );
#1623 = ORIENTED_EDGE ( 'NONE', *, *, #2020, .T. ) ;
#1624 = EDGE_LOOP ( 'NONE', ( #379, #2142 ) ) ;
#1625 = SURFACE_SIDE_STYLE ('',( #1956 ) ) ;
#1626 = LINE ( 'NONE', #9, #1423 ) ;
#1627 = CARTESIAN_POINT ( 'NONE',  ( 54.99999999999999289, -53.09000000002689745, 57.31000000000356209 ) ) ;
#1628 = PRESENTATION_STYLE_ASSIGNMENT (( #1987 ) ) ;
#1629 = CIRCLE ( 'NONE', #886, 4.000000000000007105 ) ;
#1630 = DIRECTION ( 'NONE',  ( -1.000000000000000000, 0.000000000000000000, 6.549151239516728913E-18 ) ) ;
#1631 = FACE_BOUND ( 'NONE', #1379, .T. ) ;
#1632 = ORIENTED_EDGE ( 'NONE', *, *, #327, .F. ) ;
#1633 = CARTESIAN_POINT ( 'NONE',  ( 66.00000000000000000, -60.75499999999874490, 3.835999999999505583 ) ) ;
#1634 = CIRCLE ( 'NONE', #1229, 1.700000000000000178 ) ;
#1635 = MECHANICAL_DESIGN_GEOMETRIC_PRESENTATION_REPRESENTATION (  '', ( #1636 ), #1668 ) ;
#1636 = STYLED_ITEM ( 'NONE', ( #1176 ), #788 ) ;
#1637 = CYLINDRICAL_SURFACE ( 'NONE', #209, 1.700000000000000178 ) ;
#1638 = COLOUR_RGB ( '',0.7529411764705882248, 0.000000000000000000, 0.000000000000000000 ) ;
#1639 = CARTESIAN_POINT ( 'NONE',  ( 1.499999999999999778, -57.58999999997110564, -34.09000000000363428 ) ) ;
#1640 = UNCERTAINTY_MEASURE_WITH_UNIT (LENGTH_MEASURE( 1.000000000000000082E-05 ), #1461, 'distance_accuracy_value', 'NONE');
#1641 = ORIENTED_EDGE ( 'NONE', *, *, #404, .T. ) ;
#1642 = EDGE_CURVE ( 'NONE', #388, #674, #16, .T. ) ;
#1643 = APPLICATION_PROTOCOL_DEFINITION ( 'draft international standard', 'automotive_design', 1998, #893 ) ;
#1644 = CARTESIAN_POINT ( 'NONE',  ( 115.0000000000000000, -66.69000000003151740, 66.08999999999636543 ) ) ;
#1645 = MECHANICAL_DESIGN_GEOMETRIC_PRESENTATION_REPRESENTATION (  '', ( #1281 ), #437 ) ;
#1646 = DIRECTION ( 'NONE',  ( -6.549151239516728913E-18, -2.249355156046920345E-47, -1.000000000000000000 ) ) ;
#1647 = UNCERTAINTY_MEASURE_WITH_UNIT (LENGTH_MEASURE( 1.000000000000000082E-05 ), #1078, 'distance_accuracy_value', 'NONE');
#1648 =( GEOMETRIC_REPRESENTATION_CONTEXT ( 3 ) GLOBAL_UNCERTAINTY_ASSIGNED_CONTEXT ( ( #1640 ) ) GLOBAL_UNIT_ASSIGNED_CONTEXT ( ( #1461, #1540, #595 ) ) REPRESENTATION_CONTEXT ( 'NONE', 'WORKASPACE' ) );
#1649 = SURFACE_SIDE_STYLE ('',( #282 ) ) ;
#1650 = EDGE_LOOP ( 'NONE', ( #1147, #933, #1576, #1764 ) ) ;
#1651 = CIRCLE ( 'NONE', #1180, 1.500000000000001332 ) ;
#1652 = CARTESIAN_POINT ( 'NONE',  ( -2.232605657549367308E-16, -61.58999999997111274, -34.09000000000363428 ) ) ;
#1653 = FACE_OUTER_BOUND ( 'NONE', #1650, .T. ) ;
#1654 = ADVANCED_FACE ( 'NONE', ( #1693 ), #1487, .F. ) ;
#1655 = ADVANCED_FACE ( 'NONE', ( #1854 ), #1314, .F. ) ;
#1656 = CARTESIAN_POINT ( 'NONE',  ( 1.499999999999999778, 5.873388195552248330E-14, -38.09000000000354902 ) ) ;
#1657 = SURFACE_STYLE_USAGE ( .BOTH. , #118 ) ;
#1658 = FACE_BOUND ( 'NONE', #883, .T. ) ;
#1659 = FILL_AREA_STYLE_COLOUR ( '', #1306 ) ;
#1660 = ORIENTED_EDGE ( 'NONE', *, *, #1621, .T. ) ;
#1661 = VECTOR ( 'NONE', #990, 1000.000000000000000 ) ;
#1662 = EDGE_CURVE ( 'NONE', #603, #1373, #2113, .T. ) ;
#1663 = SURFACE_STYLE_USAGE ( .BOTH. , #1852 ) ;
#1664 =( NAMED_UNIT ( * ) PLANE_ANGLE_UNIT ( ) SI_UNIT ( $, .RADIAN. ) );
#1665 = VECTOR ( 'NONE', #1532, 1000.000000000000000 ) ;
#1666 = FACE_BOUND ( 'NONE', #903, .T. ) ;
#1667 = FILL_AREA_STYLE ('',( #1498 ) ) ;
#1668 =( GEOMETRIC_REPRESENTATION_CONTEXT ( 3 ) GLOBAL_UNCERTAINTY_ASSIGNED_CONTEXT ( ( #1515 ) ) GLOBAL_UNIT_ASSIGNED_CONTEXT ( ( #2288, #171, #1220 ) ) REPRESENTATION_CONTEXT ( 'NONE', 'WORKASPACE' ) );
#1669 = ORIENTED_EDGE ( 'NONE', *, *, #2108, .T. ) ;
#1670 = AXIS2_PLACEMENT_3D ( 'NONE', #1065, #186, #829 ) ;
#1671 =( GEOMETRIC_REPRESENTATION_CONTEXT ( 3 ) GLOBAL_UNCERTAINTY_ASSIGNED_CONTEXT ( ( #1175 ) ) GLOBAL_UNIT_ASSIGNED_CONTEXT ( ( #2067, #121, #2052 ) ) REPRESENTATION_CONTEXT ( 'NONE', 'WORKASPACE' ) );
#1672 = DIRECTION ( 'NONE',  ( -0.000000000000000000, 1.000000000000000000, -0.000000000000000000 ) ) ;
#1673 = DIRECTION ( 'NONE',  ( -1.000000000000000000, -3.446814957945957514E-30, 6.549151239516728913E-18 ) ) ;
#1674 = PRODUCT_CONTEXT ( 'NONE', #893, 'mechanical' ) ;
#1675 = EDGE_CURVE ( 'NONE', #1049, #497, #1707, .T. ) ;
#1676 = CARTESIAN_POINT ( 'NONE',  ( 110.0000000000000000, -57.09000000003153730, 56.45000000000143103 ) ) ;
#1677 = CYLINDRICAL_SURFACE ( 'NONE', #901, 3.000000000000000000 ) ;
#1678 = SURFACE_STYLE_FILL_AREA ( #2066 ) ;
#1679 = DIRECTION ( 'NONE',  ( -0.000000000000000000, 5.263069460122816813E-13, -1.000000000000000000 ) ) ;
#1680 = SURFACE_SIDE_STYLE ('',( #1844 ) ) ;
#1681 = VECTOR ( 'NONE', #145, 1000.000000000000000 ) ;
#1682 = EDGE_CURVE ( 'NONE', #685, #1411, #1038, .T. ) ;
#1683 = ORIENTED_EDGE ( 'NONE', *, *, #1318, .T. ) ;
#1684 = ORIENTED_EDGE ( 'NONE', *, *, #1471, .T. ) ;
#1685 = AXIS2_PLACEMENT_3D ( 'NONE', #1518, #75, #1691 ) ;
#1686 = CYLINDRICAL_SURFACE ( 'NONE', #21, 4.999999999999997335 ) ;
#1687 = ORIENTED_EDGE ( 'NONE', *, *, #670, .T. ) ;
#1688 = LINE ( 'NONE', #947, #423 ) ;
#1689 = FILL_AREA_STYLE ('',( #1858 ) ) ;
#1690 = DIRECTION ( 'NONE',  ( 0.000000000000000000, 1.000000000000000000, 5.262994901000794812E-13 ) ) ;
#1691 = DIRECTION ( 'NONE',  ( 0.000000000000000000, 5.255843042108444210E-13, -1.000000000000000000 ) ) ;
#1692 = SURFACE_STYLE_FILL_AREA ( #2050 ) ;
#1693 = FACE_OUTER_BOUND ( 'NONE', #2100, .T. ) ;
#1694 =( NAMED_UNIT ( * ) SI_UNIT ( $, .STERADIAN. ) SOLID_ANGLE_UNIT ( ) );
#1695 = ORIENTED_EDGE ( 'NONE', *, *, #1375, .F. ) ;
#1696 = ORIENTED_EDGE ( 'NONE', *, *, #2258, .F. ) ;
#1697 = FACE_OUTER_BOUND ( 'NONE', #196, .T. ) ;
#1698 = ORIENTED_EDGE ( 'NONE', *, *, #1542, .T. ) ;
#1699 = DIRECTION ( 'NONE',  ( 0.000000000000000000, 1.000000000000000000, 5.262994901000794812E-13 ) ) ;
#1700 = UNCERTAINTY_MEASURE_WITH_UNIT (LENGTH_MEASURE( 1.000000000000000082E-05 ), #856, 'distance_accuracy_value', 'NONE');
#1701 = CARTESIAN_POINT ( 'NONE',  ( 113.3000000000000114, -53.08999999997111274, -48.68999999999647343 ) ) ;
#1702 = FILL_AREA_STYLE_COLOUR ( '', #980 ) ;
#1703 = DIRECTION ( 'NONE',  ( 0.000000000000000000, 0.000000000000000000, 1.000000000000000000 ) ) ;
#1704 =( LENGTH_UNIT ( ) NAMED_UNIT ( * ) SI_UNIT ( .MILLI., .METRE. ) );
#1705 = FILL_AREA_STYLE ('',( #1603 ) ) ;
#1706 = VECTOR ( 'NONE', #925, 1000.000000000000000 ) ;
#1707 = LINE ( 'NONE', #1536, #288 ) ;
#1708 = VERTEX_POINT ( 'NONE', #353 ) ;
#1709 =( GEOMETRIC_REPRESENTATION_CONTEXT ( 3 ) GLOBAL_UNCERTAINTY_ASSIGNED_CONTEXT ( ( #928 ) ) GLOBAL_UNIT_ASSIGNED_CONTEXT ( ( #2212, #999, #1296 ) ) REPRESENTATION_CONTEXT ( 'NONE', 'WORKASPACE' ) );
#1710 = ORIENTED_EDGE ( 'NONE', *, *, #50, .T. ) ;
#1711 = VECTOR ( 'NONE', #1357, 1000.000000000000000 ) ;
#1712 = DIRECTION ( 'NONE',  ( 8.673617379884040402E-16, 5.273559366969496596E-13, -1.000000000000000000 ) ) ;
#1713 = ORIENTED_EDGE ( 'NONE', *, *, #1972, .F. ) ;
#1714 = PRESENTATION_LAYER_ASSIGNMENT (  '', '', ( #1426 ) ) ;
#1715 = STYLED_ITEM ( 'NONE', ( #2057 ), #1415 ) ;
#1716 = CARTESIAN_POINT ( 'NONE',  ( 10.00000000000000000, -53.09000000001322661, 31.32500000000352358 ) ) ;
#1717 = SURFACE_STYLE_USAGE ( .BOTH. , #2107 ) ;
#1718 = PRESENTATION_LAYER_ASSIGNMENT (  '', '', ( #2093 ) ) ;
#1719 = EDGE_CURVE ( 'NONE', #654, #653, #1061, .T. ) ;
#1720 = DIRECTION ( 'NONE',  ( 0.000000000000000000, 1.000000000000000000, 5.262994901000794812E-13 ) ) ;
#1721 = FACE_OUTER_BOUND ( 'NONE', #1324, .T. ) ;
#1722 = LINE ( 'NONE', #648, #1139 ) ;
#1723 = CARTESIAN_POINT ( 'NONE',  ( 11.00000000000003908, -57.09000000002889408, -24.45000000000363372 ) ) ;
#1724 = DIRECTION ( 'NONE',  ( 0.000000000000000000, 5.262994901000794812E-13, -1.000000000000000000 ) ) ;
#1725 = ORIENTED_EDGE ( 'NONE', *, *, #1579, .F. ) ;
#1726 = CIRCLE ( 'NONE', #834, 4.000000000000007105 ) ;
#1727 = DIRECTION ( 'NONE',  ( 0.000000000000000000, 5.273559366969496596E-13, -1.000000000000000000 ) ) ;
#1728 = COLOUR_RGB ( '',0.7529411764705882248, 0.000000000000000000, 0.000000000000000000 ) ;
#1729 = VERTEX_POINT ( 'NONE', #1760 ) ;
#1730 = CARTESIAN_POINT ( 'NONE',  ( 5.000000000000000000, -66.09000000002889408, 61.08999999999668518 ) ) ;
#1732 = DIRECTION ( 'NONE',  ( -1.000000000000000000, 0.000000000000000000, 0.000000000000000000 ) ) ;
#1731 =( GEOMETRIC_REPRESENTATION_CONTEXT ( 3 ) GLOBAL_UNCERTAINTY_ASSIGNED_CONTEXT ( ( #1290 ) ) GLOBAL_UNIT_ASSIGNED_CONTEXT ( ( #2038, #962, #787 ) ) REPRESENTATION_CONTEXT ( 'NONE', 'WORKASPACE' ) );
#1733 = COLOUR_RGB ( '',0.7529411764705882248, 0.000000000000000000, 0.000000000000000000 ) ;
#1734 = CARTESIAN_POINT ( 'NONE',  ( 116.7000000000000028, -53.08999999997111274, -48.68999999999647343 ) ) ;
#1735 = FACE_OUTER_BOUND ( 'NONE', #1025, .T. ) ;
#1736 = SURFACE_STYLE_FILL_AREA ( #1348 ) ;
#1737 = FILL_AREA_STYLE_COLOUR ( '', #1031 ) ;
#1738 = VERTEX_POINT ( 'NONE', #2243 ) ;
#1739 = ORIENTED_EDGE ( 'NONE', *, *, #1662, .T. ) ;
#1740 = LINE ( 'NONE', #662, #839 ) ;
#1741 = EDGE_LOOP ( 'NONE', ( #1216, #1509, #624, #1285 ) ) ;
#1742 =( LENGTH_UNIT ( ) NAMED_UNIT ( * ) SI_UNIT ( .MILLI., .METRE. ) );
#1743 = ADVANCED_FACE ( 'NONE', ( #1372 ), #508, .F. ) ;
#1744 = DIRECTION ( 'NONE',  ( 0.000000000000000000, -1.000000000000000000, -5.262994901000794812E-13 ) ) ;
#1745 = PLANE ( 'NONE',  #139 ) ;
#1746 = ADVANCED_FACE ( 'NONE', ( #1815 ), #377, .T. ) ;
#1747 = VERTEX_POINT ( 'NONE', #1517 ) ;
#1748 = ORIENTED_EDGE ( 'NONE', *, *, #128, .T. ) ;
#1749 = MECHANICAL_DESIGN_GEOMETRIC_PRESENTATION_REPRESENTATION (  '', ( #1862 ), #1901 ) ;
#1750 = VERTEX_POINT ( 'NONE', #866 ) ;
#1751 = COLOUR_RGB ( '',0.7529411764705882248, 0.000000000000000000, 0.000000000000000000 ) ;
#1752 = DIRECTION ( 'NONE',  ( 0.000000000000000000, 0.000000000000000000, 1.000000000000000000 ) ) ;
#1753 =( GEOMETRIC_REPRESENTATION_CONTEXT ( 3 ) GLOBAL_UNCERTAINTY_ASSIGNED_CONTEXT ( ( #1123 ) ) GLOBAL_UNIT_ASSIGNED_CONTEXT ( ( #1789, #416, #383 ) ) REPRESENTATION_CONTEXT ( 'NONE', 'WORKASPACE' ) );
#1754 = DIRECTION ( 'NONE',  ( -0.000000000000000000, 1.000000000000000000, 5.262994901000794812E-13 ) ) ;
#1755 = LINE ( 'NONE', #1055, #2187 ) ;
#1756 =( LENGTH_UNIT ( ) NAMED_UNIT ( * ) SI_UNIT ( .MILLI., .METRE. ) );
#1757 =( GEOMETRIC_REPRESENTATION_CONTEXT ( 3 ) GLOBAL_UNCERTAINTY_ASSIGNED_CONTEXT ( ( #943 ) ) GLOBAL_UNIT_ASSIGNED_CONTEXT ( ( #638, #664, #177 ) ) REPRESENTATION_CONTEXT ( 'NONE', 'WORKASPACE' ) );
#1758 = CARTESIAN_POINT ( 'NONE',  ( 6.700000000000000178, -63.09000000002888697, 61.09000000000089159 ) ) ;
#1759 = CARTESIAN_POINT ( 'NONE',  ( 5.000000000000000000, -53.08999999996848373, -53.68999999999646633 ) ) ;
#1760 = CARTESIAN_POINT ( 'NONE',  ( 1.499999999999999778, -54.09000000002890118, -25.95000000000363372 ) ) ;
#1761 = ORIENTED_EDGE ( 'NONE', *, *, #10, .T. ) ;
#1762 = ORIENTED_EDGE ( 'NONE', *, *, #1027, .F. ) ;
#1763 = EDGE_CURVE ( 'NONE', #1708, #344, #100, .T. ) ;
#1764 = ORIENTED_EDGE ( 'NONE', *, *, #2014, .F. ) ;
#1765 = EDGE_CURVE ( 'NONE', #674, #323, #506, .T. ) ;
#1766 = DIRECTION ( 'NONE',  ( -0.000000000000000000, -1.000000000000000000, -5.262994901000794812E-13 ) ) ;
#1767 = STYLED_ITEM ( 'NONE', ( #1984 ), #1835 ) ;
#1768 =( NAMED_UNIT ( * ) SI_UNIT ( $, .STERADIAN. ) SOLID_ANGLE_UNIT ( ) );
#1769 =( NAMED_UNIT ( * ) PLANE_ANGLE_UNIT ( ) SI_UNIT ( $, .RADIAN. ) );
#1770 = CARTESIAN_POINT ( 'NONE',  ( 54.99999999999999289, -57.08999999996847663, -53.68999999999856954 ) ) ;
#1771 = AXIS2_PLACEMENT_3D ( 'NONE', #505, #183, #878 ) ;
#1772 = PRESENTATION_STYLE_ASSIGNMENT (( #1070 ) ) ;
#1773 = ORIENTED_EDGE ( 'NONE', *, *, #1010, .T. ) ;
#1774 = VECTOR ( 'NONE', #2222, 1000.000000000000000 ) ;
#1775 = ORIENTED_EDGE ( 'NONE', *, *, #1002, .T. ) ;
#1776 = ORIENTED_EDGE ( 'NONE', *, *, #227, .F. ) ;
#1777 = EDGE_CURVE ( 'NONE', #230, #514, #2079, .T. ) ;
#1778 = SURFACE_STYLE_FILL_AREA ( #2139 ) ;
#1779 = CARTESIAN_POINT ( 'NONE',  ( -1.381215996414315062E-16, -4.758668497699092769E-46, -21.09000000000363428 ) ) ;
#1780 = DIRECTION ( 'NONE',  ( -1.000000000000000000, 0.000000000000000000, 0.000000000000000000 ) ) ;
#1781 = EDGE_LOOP ( 'NONE', ( #55, #2207, #1578, #286, #1969, #590 ) ) ;
#1782 = ORIENTED_EDGE ( 'NONE', *, *, #1579, .T. ) ;
#1783 = CARTESIAN_POINT ( 'NONE',  ( 115.0000000000000000, -66.69000000002888839, 61.08999999999636543 ) ) ;
#1784 = EDGE_CURVE ( 'NONE', #1104, #807, #255, .T. ) ;
#1785 = ORIENTED_EDGE ( 'NONE', *, *, #1279, .T. ) ;
#1786 = MECHANICAL_DESIGN_GEOMETRIC_PRESENTATION_REPRESENTATION (  '', ( #173 ), #1450 ) ;
#1787 = AXIS2_PLACEMENT_3D ( 'NONE', #204, #1460, #570 ) ;
#1788 = DIRECTION ( 'NONE',  ( 1.000000000000000000, 0.000000000000000000, 0.000000000000000000 ) ) ;
#1789 =( LENGTH_UNIT ( ) NAMED_UNIT ( * ) SI_UNIT ( .MILLI., .METRE. ) );
#1790 = EDGE_CURVE ( 'NONE', #1437, #1104, #2267, .T. ) ;
#1791 = DIRECTION ( 'NONE',  ( -1.000000000000000000, 0.000000000000000000, 0.000000000000000000 ) ) ;
#1792 = AXIS2_PLACEMENT_3D ( 'NONE', #1377, #2088, #1727 ) ;
#1793 = LINE ( 'NONE', #545, #357 ) ;
#1794 = CIRCLE ( 'NONE', #1914, 1.500000000000001332 ) ;
#1795 = FACE_OUTER_BOUND ( 'NONE', #1041, .T. ) ;
#1796 = UNCERTAINTY_MEASURE_WITH_UNIT (LENGTH_MEASURE( 1.000000000000000082E-05 ), #988, 'distance_accuracy_value', 'NONE');
#1797 = ORIENTED_EDGE ( 'NONE', *, *, #1027, .T. ) ;
#1798 = LINE ( 'NONE', #1074, #1274 ) ;
#1799 = ORIENTED_EDGE ( 'NONE', *, *, #463, .F. ) ;
#1800 = FACE_BOUND ( 'NONE', #1624, .T. ) ;
#1802 = DIRECTION ( 'NONE',  ( 0.000000000000000000, -5.259681579161673052E-13, 1.000000000000000000 ) ) ;
#1801 = VECTOR ( 'NONE', #1690, 1000.000000000000000 ) ;
#1803 = STYLED_ITEM ( 'NONE', ( #539 ), #1860 ) ;
#1804 = DIRECTION ( 'NONE',  ( -0.000000000000000000, 1.000000000000000000, 5.256212132209729535E-13 ) ) ;
#1805 = AXIS2_PLACEMENT_3D ( 'NONE', #571, #1974, #528 ) ;
#1806 = VERTEX_POINT ( 'NONE', #1548 ) ;
#1807 = FILL_AREA_STYLE ('',( #309 ) ) ;
#1808 = ORIENTED_EDGE ( 'NONE', *, *, #292, .F. ) ;
#1809 = AXIS2_PLACEMENT_3D ( 'NONE', #802, #1885, #851 ) ;
#1810 = AXIS2_PLACEMENT_3D ( 'NONE', #415, #240, #70 ) ;
#1811 = DIRECTION ( 'NONE',  ( 0.000000000000000000, -1.000000000000000000, -5.262994901000794812E-13 ) ) ;
#1812 = FILL_AREA_STYLE_COLOUR ( '', #1089 ) ;
#1813 =( LENGTH_UNIT ( ) NAMED_UNIT ( * ) SI_UNIT ( .MILLI., .METRE. ) );
#1814 = CARTESIAN_POINT ( 'NONE',  ( 5.000000000000000000, -63.09000000002888697, 61.08999999999826258 ) ) ;
#1815 = FACE_OUTER_BOUND ( 'NONE', #871, .T. ) ;
#1816 =( LENGTH_UNIT ( ) NAMED_UNIT ( * ) SI_UNIT ( .MILLI., .METRE. ) );
#1817 = UNCERTAINTY_MEASURE_WITH_UNIT (LENGTH_MEASURE( 1.000000000000000082E-05 ), #1478, 'distance_accuracy_value', 'NONE');
#1818 = LINE ( 'NONE', #610, #1062 ) ;
#1819 = ADVANCED_FACE ( 'NONE', ( #1721 ), #647, .F. ) ;
#1820 = ORIENTED_EDGE ( 'NONE', *, *, #1486, .T. ) ;
#1821 = VECTOR ( 'NONE', #49, 1000.000000000000000 ) ;
#1822 = APPLICATION_PROTOCOL_DEFINITION ( 'draft international standard', 'automotive_design', 1998, #847 ) ;
#1823 = STYLED_ITEM ( 'NONE', ( #794 ), #280 ) ;
#1824 = CARTESIAN_POINT ( 'NONE',  ( 66.00000000000000000, -63.08999999999874575, 3.835999999998276344 ) ) ;
#1825 = COLOUR_RGB ( '',0.7529411764705882248, 0.000000000000000000, 0.000000000000000000 ) ;
#1826 = SURFACE_STYLE_FILL_AREA ( #408 ) ;
#1827 = CARTESIAN_POINT ( 'NONE',  ( 40.00000000000000000, -53.09000000003153019, 66.09000000003145203 ) ) ;
#1828 = AXIS2_PLACEMENT_3D ( 'NONE', #349, #1926, #1571 ) ;
#1829 = AXIS2_PLACEMENT_3D ( 'NONE', #489, #657, #347 ) ;
#1830 = CIRCLE ( 'NONE', #1307, 2.350000000000004086 ) ;
#1831 = CARTESIAN_POINT ( 'NONE',  ( 66.00000000000000000, -66.68999999999752504, 1.485999999996377774 ) ) ;
#1832 = PRESENTATION_STYLE_ASSIGNMENT (( #107 ) ) ;
#1833 = UNCERTAINTY_MEASURE_WITH_UNIT (LENGTH_MEASURE( 1.000000000000000082E-05 ), #1756, 'distance_accuracy_value', 'NONE');
#1834 = PRESENTATION_LAYER_ASSIGNMENT (  '', '', ( #1277 ) ) ;
#1835 = ADVANCED_FACE ( 'NONE', ( #703 ), #376, .T. ) ;
#1836 = EDGE_CURVE ( 'NONE', #722, #1240, #2261, .T. ) ;
#1837 = DIRECTION ( 'NONE',  ( 0.000000000000000000, -1.000000000000000000, -5.262994901000794812E-13 ) ) ;
#1838 = CARTESIAN_POINT ( 'NONE',  ( 10.00000000000000000, -63.08999999997355701, -44.05000000000173088 ) ) ;
#1839 =( NAMED_UNIT ( * ) PLANE_ANGLE_UNIT ( ) SI_UNIT ( $, .RADIAN. ) );
#1840 = PRESENTATION_STYLE_ASSIGNMENT (( #1480 ) ) ;
#1841 = COLOUR_RGB ( '',0.000000000000000000, 0.000000000000000000, 0.000000000000000000 ) ;
#1842 = FILL_AREA_STYLE ('',( #926 ) ) ;
#1843 = CARTESIAN_POINT ( 'NONE',  ( 60.00000000000000000, -63.08999999999999631, 6.199999999998269118 ) ) ;
#1844 = SURFACE_STYLE_FILL_AREA ( #1667 ) ;
#1845 = SURFACE_STYLE_FILL_AREA ( #1303 ) ;
#1846 = AXIS2_PLACEMENT_3D ( 'NONE', #1985, #1267, #898 ) ;
#1847 = VERTEX_POINT ( 'NONE', #362 ) ;
#1848 = CARTESIAN_POINT ( 'NONE',  ( -1.643182045992861752E-16, -61.58999999997111985, -25.09000000000363428 ) ) ;
#1849 = LINE ( 'NONE', #791, #2191 ) ;
#1850 = EDGE_CURVE ( 'NONE', #1708, #108, #1740, .T. ) ;
#1851 = CARTESIAN_POINT ( 'NONE',  ( 115.0000000000000000, -57.08999999997110564, -48.68999999999857664 ) ) ;
#1852 = SURFACE_SIDE_STYLE ('',( #130 ) ) ;
#1853 = CARTESIAN_POINT ( 'NONE',  ( 115.0000000000000000, -57.08999999996847663, -53.68999999999856954 ) ) ;
#1854 = FACE_OUTER_BOUND ( 'NONE', #622, .T. ) ;
#1855 = VERTEX_POINT ( 'NONE', #151 ) ;
#1856 = ADVANCED_FACE ( 'NONE', ( #1908 ), #848, .F. ) ;
#1857 = CARTESIAN_POINT ( 'NONE',  ( 1.499999999999999778, -57.09000000002889408, -35.45000000000363372 ) ) ;
#1858 = FILL_AREA_STYLE_COLOUR ( '', #1825 ) ;
#1859 = DIRECTION ( 'NONE',  ( 0.000000000000000000, 0.000000000000000000, 1.000000000000000000 ) ) ;
#1860 = ADVANCED_FACE ( 'NONE', ( #2286 ), #1413, .F. ) ;
#1861 = COLOUR_RGB ( '',0.000000000000000000, 0.000000000000000000, 0.000000000000000000 ) ;
#1862 = STYLED_ITEM ( 'NONE', ( #1289 ), #29 ) ;
#1863 = DIRECTION ( 'NONE',  ( -1.000000000000000000, -3.446814957945958214E-30, 6.549151239516728913E-18 ) ) ;
#1864 = DIRECTION ( 'NONE',  ( -1.000000000000000000, -3.446814957945957514E-30, 6.549151239516728913E-18 ) ) ;
#1865 = FACE_BOUND ( 'NONE', #846, .T. ) ;
#1866 = DIRECTION ( 'NONE',  ( -0.000000000000000000, -1.000000000000000000, -5.262994901000794812E-13 ) ) ;
#1867 = CIRCLE ( 'NONE', #1341, 5.000000000000004441 ) ;
#1868 =( GEOMETRIC_REPRESENTATION_CONTEXT ( 3 ) GLOBAL_UNCERTAINTY_ASSIGNED_CONTEXT ( ( #1817 ) ) GLOBAL_UNIT_ASSIGNED_CONTEXT ( ( #1478, #1514, #779 ) ) REPRESENTATION_CONTEXT ( 'NONE', 'WORKASPACE' ) );
#1869 = ORIENTED_EDGE ( 'NONE', *, *, #2170, .T. ) ;
#1870 =( GEOMETRIC_REPRESENTATION_CONTEXT ( 3 ) GLOBAL_UNCERTAINTY_ASSIGNED_CONTEXT ( ( #53 ) ) GLOBAL_UNIT_ASSIGNED_CONTEXT ( ( #236, #2037, #2016 ) ) REPRESENTATION_CONTEXT ( 'NONE', 'WORKASPACE' ) );
#1871 = CARTESIAN_POINT ( 'NONE',  ( 120.0000000000000000, -66.68999999997110706, -48.69000000000363571 ) ) ;
#1872 = ORIENTED_EDGE ( 'NONE', *, *, #2241, .F. ) ;
#1873 =( LENGTH_UNIT ( ) NAMED_UNIT ( * ) SI_UNIT ( .MILLI., .METRE. ) );
#1874 = PRESENTATION_STYLE_ASSIGNMENT (( #1503 ) ) ;
#1875 = UNCERTAINTY_MEASURE_WITH_UNIT (LENGTH_MEASURE( 1.000000000000000082E-05 ), #1742, 'distance_accuracy_value', 'NONE');
#1876 = MANIFOLD_SOLID_BREP ( 'Body1[1]', #428 ) ;
#1877 =( NAMED_UNIT ( * ) SI_UNIT ( $, .STERADIAN. ) SOLID_ANGLE_UNIT ( ) );
#1878 =( NAMED_UNIT ( * ) SI_UNIT ( $, .STERADIAN. ) SOLID_ANGLE_UNIT ( ) );
#1879 = PLANE ( 'NONE',  #712 ) ;
#1880 = ORIENTED_EDGE ( 'NONE', *, *, #756, .T. ) ;
#1881 = VERTEX_POINT ( 'NONE', #1259 ) ;
#1882 = MECHANICAL_DESIGN_GEOMETRIC_PRESENTATION_REPRESENTATION (  '', ( #33 ), #1211 ) ;
#1883 = DIRECTION ( 'NONE',  ( 0.000000000000000000, -1.000000000000000000, -5.263069460122815804E-13 ) ) ;
#1884 = ORIENTED_EDGE ( 'NONE', *, *, #1138, .T. ) ;
#1885 = DIRECTION ( 'NONE',  ( 0.000000000000000000, 1.000000000000000000, 5.262994901000794812E-13 ) ) ;
#1886 = SURFACE_STYLE_FILL_AREA ( #310 ) ;
#1887 = LINE ( 'NONE', #1701, #537 ) ;
#1888 = CARTESIAN_POINT ( 'NONE',  ( 11.00000000000003908, -54.09000000002890118, -7.204066363468427535E-17 ) ) ;
#1889 = CARTESIAN_POINT ( 'NONE',  ( 1.500000000000000000, -53.08999999999673491, -2.794124975313836058E-11 ) ) ;
#1890 = FILL_AREA_STYLE_COLOUR ( '', #272 ) ;
#1891 = FILL_AREA_STYLE ('',( #267 ) ) ;
#1892 = ORIENTED_EDGE ( 'NONE', *, *, #721, .F. ) ;
#1893 = ORIENTED_EDGE ( 'NONE', *, *, #1765, .T. ) ;
#1894 = DIRECTION ( 'NONE',  ( 0.000000000000000000, 5.262994901000794812E-13, -1.000000000000000000 ) ) ;
#1895 = CARTESIAN_POINT ( 'NONE',  ( 2.000000000000000000, -63.09000000002888697, 61.08999999999731045 ) ) ;
#1896 = LINE ( 'NONE', #1531, #2127 ) ;
#1897 = CARTESIAN_POINT ( 'NONE',  ( 8.000000000000000000, -63.09000000002888697, 61.08999999999826258 ) ) ;
#1898 = PLANE ( 'NONE',  #884 ) ;
#1899 = SURFACE_STYLE_USAGE ( .BOTH. , #301 ) ;
#1900 = FACE_OUTER_BOUND ( 'NONE', #801, .T. ) ;
#1901 =( GEOMETRIC_REPRESENTATION_CONTEXT ( 3 ) GLOBAL_UNCERTAINTY_ASSIGNED_CONTEXT ( ( #214 ) ) GLOBAL_UNIT_ASSIGNED_CONTEXT ( ( #248, #2181, #2175 ) ) REPRESENTATION_CONTEXT ( 'NONE', 'WORKASPACE' ) );
#1902 = ORIENTED_EDGE ( 'NONE', *, *, #1573, .T. ) ;
#1903 = CIRCLE ( 'NONE', #1787, 4.999999999999997335 ) ;
#1904 = ORIENTED_EDGE ( 'NONE', *, *, #1425, .F. ) ;
#1905 = AXIS2_PLACEMENT_3D ( 'NONE', #1656, #1470, #1164 ) ;
#1906 = DIRECTION ( 'NONE',  ( -1.000000000000000000, 0.000000000000000000, 0.000000000000000000 ) ) ;
#1907 = AXIS2_PLACEMENT_3D ( 'NONE', #1469, #263, #616 ) ;
#1908 = FACE_OUTER_BOUND ( 'NONE', #536, .T. ) ;
#1909 = FILL_AREA_STYLE_COLOUR ( '', #2196 ) ;
#1910 = VERTEX_POINT ( 'NONE', #1508 ) ;
#1911 = COLOUR_RGB ( '',0.000000000000000000, 0.000000000000000000, 0.000000000000000000 ) ;
#1912 = SURFACE_SIDE_STYLE ('',( #2264 ) ) ;
#1913 = CARTESIAN_POINT ( 'NONE',  ( -1.643243917673342658E-16, -57.58999999997110564, -25.09000000000363428 ) ) ;
#1914 = AXIS2_PLACEMENT_3D ( 'NONE', #1410, #195, #1215 ) ;
#1915 = CARTESIAN_POINT ( 'NONE',  ( 40.00000000000000000, -57.09000000003153730, 56.45000000000143103 ) ) ;
#1916 = CARTESIAN_POINT ( 'NONE',  ( 11.00000000000003908, -57.09000000002889408, -33.95000000000362661 ) ) ;
#1917 = PRESENTATION_LAYER_ASSIGNMENT (  '', '', ( #2030 ) ) ;
#1918 = CARTESIAN_POINT ( 'NONE',  ( 115.0000000000000000, -53.08999999997111274, -48.68999999999647343 ) ) ;
#1919 = STYLED_ITEM ( 'NONE', ( #413 ), #1239 ) ;
#1920 = ORIENTED_EDGE ( 'NONE', *, *, #1425, .T. ) ;
#1921 = ORIENTED_EDGE ( 'NONE', *, *, #920, .T. ) ;
#1922 = COLOUR_RGB ( '',0.7529411764705882248, 0.000000000000000000, 0.000000000000000000 ) ;
#1923 = STYLED_ITEM ( 'NONE', ( #585 ), #1964 ) ;
#1924 = ORIENTED_EDGE ( 'NONE', *, *, #2130, .F. ) ;
#1925 = FILL_AREA_STYLE ('',( #1188 ) ) ;
#1926 = DIRECTION ( 'NONE',  ( 3.446814957945957514E-30, -1.000000000000000000, -2.257371245421658420E-47 ) ) ;
#1927 = CARTESIAN_POINT ( 'NONE',  ( 120.0000000000000000, -57.09000000003153730, -43.90999999996854086 ) ) ;
#1928 = CARTESIAN_POINT ( 'NONE',  ( 1.274077335386720002E-15, -53.09000000002889408, 61.09000000000352060 ) ) ;
#1929 = ORIENTED_EDGE ( 'NONE', *, *, #461, .F. ) ;
#1930 = ORIENTED_EDGE ( 'NONE', *, *, #308, .T. ) ;
#1931 = CARTESIAN_POINT ( 'NONE',  ( 5.000000000000000000, -66.68999999996847805, -53.69000000000362860 ) ) ;
#1932 = ORIENTED_EDGE ( 'NONE', *, *, #1365, .T. ) ;
#1933 =( NAMED_UNIT ( * ) SI_UNIT ( $, .STERADIAN. ) SOLID_ANGLE_UNIT ( ) );
#1934 = CARTESIAN_POINT ( 'NONE',  ( 11.00000000000003908, -55.59000000002890118, -25.95000000000363372 ) ) ;
#1935 = CARTESIAN_POINT ( 'NONE',  ( 1.500000000000001110, -53.08999999998563624, -21.09000000000362718 ) ) ;
#1936 = CARTESIAN_POINT ( 'NONE',  ( 8.000000000000000000, -63.09000000002888697, 61.08999999999826258 ) ) ;
#1937 = CARTESIAN_POINT ( 'NONE',  ( 1.499999999999999778, 5.170222436918936971E-30, -21.09000000000363428 ) ) ;
#1938 = EDGE_CURVE ( 'NONE', #1241, #748, #386, .T. ) ;
#1939 = ADVANCED_FACE ( 'NONE', ( #41 ), #92, .F. ) ;
#1940 = ORIENTED_EDGE ( 'NONE', *, *, #1279, .F. ) ;
#1941 = ORIENTED_EDGE ( 'NONE', *, *, #706, .T. ) ;
#1942 = MECHANICAL_DESIGN_GEOMETRIC_PRESENTATION_REPRESENTATION (  '', ( #1451 ), #927 ) ;
#1943 = FILL_AREA_STYLE_COLOUR ( '', #1569 ) ;
#1944 = CIRCLE ( 'NONE', #1128, 4.999999999999997335 ) ;
#1945 = STYLED_ITEM ( 'NONE', ( #803 ), #502 ) ;
#1946 = PRESENTATION_STYLE_ASSIGNMENT (( #701 ) ) ;
#1947 = CARTESIAN_POINT ( 'NONE',  ( 115.0000000000000000, -66.68999999997110706, -48.69000000000362860 ) ) ;
#1948 = MECHANICAL_DESIGN_GEOMETRIC_PRESENTATION_REPRESENTATION (  '', ( #568 ), #1870 ) ;
#1949 = CARTESIAN_POINT ( 'NONE',  ( 40.00000000000000000, -57.09000000003153730, -43.90999999996854086 ) ) ;
#1950 =( NAMED_UNIT ( * ) PLANE_ANGLE_UNIT ( ) SI_UNIT ( $, .RADIAN. ) );
#1951 = LINE ( 'NONE', #368, #136 ) ;
#1952 = VERTEX_POINT ( 'NONE', #2213 ) ;
#1953 = CARTESIAN_POINT ( 'NONE',  ( 110.0000000000000000, -57.09000000003153730, 56.45000000000143103 ) ) ;
#1954 = AXIS2_PLACEMENT_3D ( 'NONE', #633, #2227, #1558 ) ;
#1955 = VECTOR ( 'NONE', #1196, 1000.000000000000000 ) ;
#1956 = SURFACE_STYLE_FILL_AREA ( #1232 ) ;
#1957 = FILL_AREA_STYLE ('',( #1812 ) ) ;
#1958 =( NAMED_UNIT ( * ) PLANE_ANGLE_UNIT ( ) SI_UNIT ( $, .RADIAN. ) );
#1959 = VECTOR ( 'NONE', #1021, 1000.000000000000000 ) ;
#1960 = FACE_OUTER_BOUND ( 'NONE', #185, .T. ) ;
#1961 = EDGE_LOOP ( 'NONE', ( #2071, #1687 ) ) ;
#1962 = ORIENTED_EDGE ( 'NONE', *, *, #1117, .T. ) ;
#1963 = ORIENTED_EDGE ( 'NONE', *, *, #840, .F. ) ;
#1964 = ADVANCED_FACE ( 'NONE', ( #784, #1473, #1658 ), #759, .F. ) ;
#1965 =( NAMED_UNIT ( * ) SI_UNIT ( $, .STERADIAN. ) SOLID_ANGLE_UNIT ( ) );
#1966 = CARTESIAN_POINT ( 'NONE',  ( 54.99999999999999289, -53.08999999996848373, -53.68999999999646633 ) ) ;
#1967 = ORIENTED_EDGE ( 'NONE', *, *, #57, .F. ) ;
#1968 = DIRECTION ( 'NONE',  ( 0.000000000000000000, -1.000000000000000000, -5.263069460122815804E-13 ) ) ;
#1969 = ORIENTED_EDGE ( 'NONE', *, *, #227, .T. ) ;
#1970 = EDGE_CURVE ( 'NONE', #78, #1490, #1496, .T. ) ;
#1971 = DIRECTION ( 'NONE',  ( 1.000000000000000000, 0.000000000000000000, 0.000000000000000000 ) ) ;
#1972 = EDGE_CURVE ( 'NONE', #2124, #1747, #2229, .T. ) ;
#1973 = CARTESIAN_POINT ( 'NONE',  ( 10.00000000000000000, -57.08999999997354990, -44.04999999999856897 ) ) ;
#1974 = DIRECTION ( 'NONE',  ( 0.000000000000000000, 1.000000000000000000, 5.262994901000794812E-13 ) ) ;
#1975 = AXIS2_PLACEMENT_3D ( 'NONE', #1539, #1906, #1455 ) ;
#1976 = FILL_AREA_STYLE_COLOUR ( '', #1268 ) ;
#1977 = ORIENTED_EDGE ( 'NONE', *, *, #530, .F. ) ;
#1978 = DIRECTION ( 'NONE',  ( 1.000000000000000000, 0.000000000000000000, 0.000000000000000000 ) ) ;
#1979 = ORIENTED_EDGE ( 'NONE', *, *, #1988, .F. ) ;
#1980 = EDGE_CURVE ( 'NONE', #748, #1596, #1465, .T. ) ;
#1981 = CYLINDRICAL_SURFACE ( 'NONE', #865, 1.500000000000001332 ) ;
#1983 = DIRECTION ( 'NONE',  ( 0.000000000000000000, 5.262994901000794812E-13, -1.000000000000000000 ) ) ;
#1982 = VECTOR ( 'NONE', #1550, 1000.000000000000000 ) ;
#1984 = PRESENTATION_STYLE_ASSIGNMENT (( #727 ) ) ;
#1985 = CARTESIAN_POINT ( 'NONE',  ( 10.00000000000000000, -55.59000000002890118, -33.95000000000362661 ) ) ;
#1986 = MECHANICAL_DESIGN_GEOMETRIC_PRESENTATION_REPRESENTATION (  '', ( #1923 ), #578 ) ;
#1987 = SURFACE_STYLE_USAGE ( .BOTH. , #554 ) ;
#1988 = EDGE_CURVE ( 'NONE', #514, #557, #2024, .T. ) ;
#1989 =( NAMED_UNIT ( * ) PLANE_ANGLE_UNIT ( ) SI_UNIT ( $, .RADIAN. ) );
#1990 = UNCERTAINTY_MEASURE_WITH_UNIT (LENGTH_MEASURE( 1.000000000000000082E-05 ), #269, 'distance_accuracy_value', 'NONE');
#1991 = EDGE_LOOP ( 'NONE', ( #687, #1219 ) ) ;
#1992 = EDGE_CURVE ( 'NONE', #323, #1855, #2192, .T. ) ;
#1993 = DIRECTION ( 'NONE',  ( 0.000000000000000000, 0.000000000000000000, 1.000000000000000000 ) ) ;
#1994 = SURFACE_STYLE_FILL_AREA ( #1957 ) ;
#1995 = LINE ( 'NONE', #1462, #1706 ) ;
#1996 =( NAMED_UNIT ( * ) PLANE_ANGLE_UNIT ( ) SI_UNIT ( $, .RADIAN. ) );
#1997 = ADVANCED_FACE ( 'NONE', ( #277 ), #1898, .T. ) ;
#1998 = UNCERTAINTY_MEASURE_WITH_UNIT (LENGTH_MEASURE( 1.000000000000000082E-05 ), #970, 'distance_accuracy_value', 'NONE');
#1999 = CARTESIAN_POINT ( 'NONE',  ( 1.110223024625159893E-15, -66.69000000002888839, 61.08999999999636543 ) ) ;
#2000 = SURFACE_STYLE_FILL_AREA ( #806 ) ;
#2001 = SURFACE_STYLE_FILL_AREA ( #956 ) ;
#2002 = CIRCLE ( 'NONE', #302, 1.700000000000000178 ) ;
#2003 = VECTOR ( 'NONE', #193, 1000.000000000000000 ) ;
#2004 = FILL_AREA_STYLE_COLOUR ( '', #1751 ) ;
#2005 = CARTESIAN_POINT ( 'NONE',  ( 11.00000000000003908, 3.791496453740567138E-29, -24.45000000000363372 ) ) ;
#2006 = PRESENTATION_STYLE_ASSIGNMENT (( #76 ) ) ;
#2007 = ORIENTED_EDGE ( 'NONE', *, *, #125, .T. ) ;
#2008 = EDGE_CURVE ( 'NONE', #414, #1729, #1722, .T. ) ;
#2009 = DIRECTION ( 'NONE',  ( 6.549151239516729683E-18, 0.000000000000000000, 1.000000000000000000 ) ) ;
#2010 = VECTOR ( 'NONE', #283, 1000.000000000000000 ) ;
#2011 = FACE_OUTER_BOUND ( 'NONE', #1194, .T. ) ;
#2012 = SURFACE_STYLE_FILL_AREA ( #1288 ) ;
#2013 = STYLED_ITEM ( 'NONE', ( #1320 ), #1939 ) ;
#2014 = EDGE_CURVE ( 'NONE', #740, #1596, #1177, .T. ) ;
#2015 = VECTOR ( 'NONE', #1595, 1000.000000000000000 ) ;
#2016 =( NAMED_UNIT ( * ) SI_UNIT ( $, .STERADIAN. ) SOLID_ANGLE_UNIT ( ) );
#2017 = SURFACE_SIDE_STYLE ('',( #2000 ) ) ;
#2018 = AXIS2_PLACEMENT_3D ( 'NONE', #2160, #1096, #384 ) ;
#2019 = EDGE_LOOP ( 'NONE', ( #1929, #2263, #2029, #1101 ) ) ;
#2020 = EDGE_CURVE ( 'NONE', #773, #343, #1057, .T. ) ;
#2021 = PLANE ( 'NONE',  #361 ) ;
#2022 = PRESENTATION_STYLE_ASSIGNMENT (( #1417 ) ) ;
#2023 = DIRECTION ( 'NONE',  ( -1.000000000000000000, -3.446814957945958214E-30, 6.549151239516728913E-18 ) ) ;
#2024 = LINE ( 'NONE', #1827, #650 ) ;
#2025 = CARTESIAN_POINT ( 'NONE',  ( 5.000000000000000000, -53.09000000002889408, 61.09000000000352060 ) ) ;
#2026 = FILL_AREA_STYLE ('',( #796 ) ) ;
#2027 = PRESENTATION_STYLE_ASSIGNMENT (( #762 ) ) ;
#2028 = ORIENTED_EDGE ( 'NONE', *, *, #218, .F. ) ;
#2029 = ORIENTED_EDGE ( 'NONE', *, *, #1371, .F. ) ;
#2030 = STYLED_ITEM ( 'NONE', ( #291 ), #1255 ) ;
#2031 = CYLINDRICAL_SURFACE ( 'NONE', #93, 2.350000000000004086 ) ;
#2032 = EDGE_LOOP ( 'NONE', ( #1775, #1748 ) ) ;
#2033 = CARTESIAN_POINT ( 'NONE',  ( 113.3000000000000114, -57.09000000003153730, 61.08999999999889496 ) ) ;
#2034 = AXIS2_PLACEMENT_3D ( 'NONE', #785, #635, #1703 ) ;
#2035 = MECHANICAL_DESIGN_GEOMETRIC_PRESENTATION_REPRESENTATION (  '', ( #1823 ), #1709 ) ;
#2036 = DIRECTION ( 'NONE',  ( 0.000000000000000000, -1.000000000000000000, -5.262994901000794812E-13 ) ) ;
#2037 =( NAMED_UNIT ( * ) PLANE_ANGLE_UNIT ( ) SI_UNIT ( $, .RADIAN. ) );
#2038 =( LENGTH_UNIT ( ) NAMED_UNIT ( * ) SI_UNIT ( .MILLI., .METRE. ) );
#2039 = ORIENTED_EDGE ( 'NONE', *, *, #1765, .F. ) ;
#2040 = VERTEX_POINT ( 'NONE', #2282 ) ;
#2041 = AXIS2_PLACEMENT_3D ( 'NONE', #582, #1466, #961 ) ;
#2042 = DIRECTION ( 'NONE',  ( 0.000000000000000000, -5.263901296387266016E-13, 1.000000000000000000 ) ) ;
#2043 = ORIENTED_EDGE ( 'NONE', *, *, #1992, .T. ) ;
#2044 = SURFACE_SIDE_STYLE ('',( #1567 ) ) ;
#2045 = FILL_AREA_STYLE ('',( #2198 ) ) ;
#2046 = UNCERTAINTY_MEASURE_WITH_UNIT (LENGTH_MEASURE( 1.000000000000000082E-05 ), #1704, 'distance_accuracy_value', 'NONE');
#2047 = DIRECTION ( 'NONE',  ( 1.000000000000000000, 0.000000000000000000, 0.000000000000000000 ) ) ;
#2048 =( NAMED_UNIT ( * ) SI_UNIT ( $, .STERADIAN. ) SOLID_ANGLE_UNIT ( ) );
#2049 = VECTOR ( 'NONE', #1894, 1000.000000000000000 ) ;
#2050 = FILL_AREA_STYLE ('',( #1321 ) ) ;
#2051 = ADVANCED_FACE ( 'NONE', ( #172 ), #2111, .T. ) ;
#2052 =( NAMED_UNIT ( * ) SI_UNIT ( $, .STERADIAN. ) SOLID_ANGLE_UNIT ( ) );
#2053 = COLOUR_RGB ( '',0.7529411764705882248, 0.000000000000000000, 0.000000000000000000 ) ;
#2054 = VERTEX_POINT ( 'NONE', #1559 ) ;
#2055 = MECHANICAL_DESIGN_GEOMETRIC_PRESENTATION_REPRESENTATION (  '', ( #1803 ), #2247 ) ;
#2056 =( GEOMETRIC_REPRESENTATION_CONTEXT ( 3 ) GLOBAL_UNCERTAINTY_ASSIGNED_CONTEXT ( ( #2143 ) ) GLOBAL_UNIT_ASSIGNED_CONTEXT ( ( #1813, #1958, #1965 ) ) REPRESENTATION_CONTEXT ( 'NONE', 'WORKASPACE' ) );
#2057 = PRESENTATION_STYLE_ASSIGNMENT (( #641 ) ) ;
#2058 = VERTEX_POINT ( 'NONE', #1758 ) ;
#2059 = FACE_OUTER_BOUND ( 'NONE', #200, .T. ) ;
#2060 = CARTESIAN_POINT ( 'NONE',  ( 54.99999999999999289, -53.08999999996848373, -53.68999999999646633 ) ) ;
#2061 = STYLED_ITEM ( 'NONE', ( #676 ), #1183 ) ;
#2062 = SURFACE_STYLE_FILL_AREA ( #690 ) ;
#2063 = DIRECTION ( 'NONE',  ( 0.000000000000000000, 0.000000000000000000, 1.000000000000000000 ) ) ;
#2064 = PRESENTATION_STYLE_ASSIGNMENT (( #2096 ) ) ;
#2065 = CARTESIAN_POINT ( 'NONE',  ( 113.3000000000000114, -53.09000000002889408, 61.09000000000352060 ) ) ;
#2066 = FILL_AREA_STYLE ('',( #1890 ) ) ;
#2067 =( LENGTH_UNIT ( ) NAMED_UNIT ( * ) SI_UNIT ( .MILLI., .METRE. ) );
#2068 = SURFACE_STYLE_FILL_AREA ( #1364 ) ;
#2069 = EDGE_CURVE ( 'NONE', #2206, #887, #1385, .T. ) ;
#2070 = ORIENTED_EDGE ( 'NONE', *, *, #1513, .T. ) ;
#2071 = ORIENTED_EDGE ( 'NONE', *, *, #1166, .T. ) ;
#2072 = EDGE_CURVE ( 'NONE', #653, #1738, #2141, .T. ) ;
#2073 = DIRECTION ( 'NONE',  ( -1.000000000000000000, -3.446814957945958214E-30, 6.549151239516729683E-18 ) ) ;
#2074 = SURFACE_SIDE_STYLE ('',( #371 ) ) ;
#2075 = FILL_AREA_STYLE ('',( #1909 ) ) ;
#2076 = ORIENTED_EDGE ( 'NONE', *, *, #935, .T. ) ;
#2077 = DIRECTION ( 'NONE',  ( 0.000000000000000000, -1.000000000000000000, -5.262994901000794812E-13 ) ) ;
#2078 = PLANE ( 'NONE',  #1828 ) ;
#2079 = LINE ( 'NONE', #493, #1681 ) ;
#2080 =( NAMED_UNIT ( * ) PLANE_ANGLE_UNIT ( ) SI_UNIT ( $, .RADIAN. ) );
#2081 = STYLED_ITEM ( 'NONE', ( #1350 ), #56 ) ;
#2082 = EDGE_LOOP ( 'NONE', ( #1710, #1368, #1808, #1683 ) ) ;
#2083 = CIRCLE ( 'NONE', #424, 5.000000000000005329 ) ;
#2084 = ORIENTED_EDGE ( 'NONE', *, *, #713, .F. ) ;
#2085 = STYLED_ITEM ( 'NONE', ( #2022 ), #686 ) ;
#2086 = STYLED_ITEM ( 'NONE', ( #143 ), #586 ) ;
#2087 = DIRECTION ( 'NONE',  ( 0.000000000000000000, 1.000000000000000000, 5.262994901000794812E-13 ) ) ;
#2088 = DIRECTION ( 'NONE',  ( 0.000000000000000000, -1.000000000000000000, -5.263069460122815804E-13 ) ) ;
#2089 = ORIENTED_EDGE ( 'NONE', *, *, #404, .F. ) ;
#2090 =( GEOMETRIC_REPRESENTATION_CONTEXT ( 3 ) GLOBAL_UNCERTAINTY_ASSIGNED_CONTEXT ( ( #421 ) ) GLOBAL_UNIT_ASSIGNED_CONTEXT ( ( #487, #1028, #322 ) ) REPRESENTATION_CONTEXT ( 'NONE', 'WORKASPACE' ) );
#2091 = CYLINDRICAL_SURFACE ( 'NONE', #167, 1.699999999999993072 ) ;
#2092 =( NAMED_UNIT ( * ) SI_UNIT ( $, .STERADIAN. ) SOLID_ANGLE_UNIT ( ) );
#2093 = STYLED_ITEM ( 'NONE', ( #2215 ), #1262 ) ;
#2094 = DIRECTION ( 'NONE',  ( -0.000000000000000000, 1.000000000000000000, -0.000000000000000000 ) ) ;
#2095 = FILL_AREA_STYLE ('',( #159 ) ) ;
#2096 = SURFACE_STYLE_USAGE ( .BOTH. , #1383 ) ;
#2097 =( LENGTH_UNIT ( ) NAMED_UNIT ( * ) SI_UNIT ( .MILLI., .METRE. ) );
#2098 = CARTESIAN_POINT ( 'NONE',  ( 2.120464219346053111E-28, -61.58999999997114116, -4.748516394904956417E-14 ) ) ;
#2099 = ORIENTED_EDGE ( 'NONE', *, *, #264, .T. ) ;
#2100 = EDGE_LOOP ( 'NONE', ( #708, #827, #1561, #2179 ) ) ;
#2101 = AXIS2_PLACEMENT_3D ( 'NONE', #843, #1399, #1224 ) ;
#2102 = DIRECTION ( 'NONE',  ( 1.000000000000000000, 0.000000000000000000, 0.000000000000000000 ) ) ;
#2103 =( GEOMETRIC_REPRESENTATION_CONTEXT ( 3 ) GLOBAL_UNCERTAINTY_ASSIGNED_CONTEXT ( ( #1260 ) ) GLOBAL_UNIT_ASSIGNED_CONTEXT ( ( #119, #1996, #1877 ) ) REPRESENTATION_CONTEXT ( 'NONE', 'WORKASPACE' ) );
#2104 = ORIENTED_EDGE ( 'NONE', *, *, #2182, .F. ) ;
#2105 = PRESENTATION_STYLE_ASSIGNMENT (( #501 ) ) ;
#2107 = SURFACE_SIDE_STYLE ('',( #1886 ) ) ;
#2106 = COLOUR_RGB ( '',0.000000000000000000, 0.000000000000000000, 0.000000000000000000 ) ;
#2108 = EDGE_CURVE ( 'NONE', #230, #1276, #1584, .T. ) ;
#2109 = DIRECTION ( 'NONE',  ( 0.000000000000000000, 5.259681579161674062E-13, -1.000000000000000000 ) ) ;
#2110 = DIRECTION ( 'NONE',  ( -1.000000000000000000, -3.446259042486519835E-30, 6.549151239516728913E-18 ) ) ;
#2111 = PLANE ( 'NONE',  #1545 ) ;
#2112 = SURFACE_STYLE_FILL_AREA ( #1572 ) ;
#2113 = LINE ( 'NONE', #333, #221 ) ;
#2114 = ORIENTED_EDGE ( 'NONE', *, *, #2008, .F. ) ;
#2115 = ORIENTED_EDGE ( 'NONE', *, *, #1682, .F. ) ;
#2116 =( NAMED_UNIT ( * ) SI_UNIT ( $, .STERADIAN. ) SOLID_ANGLE_UNIT ( ) );
#2117 = ORIENTED_EDGE ( 'NONE', *, *, #614, .F. ) ;
#2118 = DIRECTION ( 'NONE',  ( 0.000000000000000000, 5.224578939412543895E-13, -1.000000000000000000 ) ) ;
#2119 =( NAMED_UNIT ( * ) PLANE_ANGLE_UNIT ( ) SI_UNIT ( $, .RADIAN. ) );
#2120 = CARTESIAN_POINT ( 'NONE',  ( 1.499999999999999778, -57.58999999997110564, -25.09000000000363428 ) ) ;
#2121 = DIRECTION ( 'NONE',  ( 0.000000000000000000, -1.000000000000000000, -5.262994901000794812E-13 ) ) ;
#2122 = DIRECTION ( 'NONE',  ( 0.000000000000000000, 5.273559366969488518E-13, -1.000000000000000000 ) ) ;
#2123 = ORIENTED_EDGE ( 'NONE', *, *, #549, .F. ) ;
#2124 = VERTEX_POINT ( 'NONE', #553 ) ;
#2125 = VECTOR ( 'NONE', #1864, 1000.000000000000000 ) ;
#2126 = VECTOR ( 'NONE', #80, 1000.000000000000000 ) ;
#2127 = VECTOR ( 'NONE', #1394, 1000.000000000000000 ) ;
#2128 =( GEOMETRIC_REPRESENTATION_CONTEXT ( 3 ) GLOBAL_UNCERTAINTY_ASSIGNED_CONTEXT ( ( #1082 ) ) GLOBAL_UNIT_ASSIGNED_CONTEXT ( ( #729, #769, #1622 ) ) REPRESENTATION_CONTEXT ( 'NONE', 'WORKASPACE' ) );
#2129 = MECHANICAL_DESIGN_GEOMETRIC_PRESENTATION_REPRESENTATION (  '', ( #822 ), #2090 ) ;
#2130 = EDGE_CURVE ( 'NONE', #915, #1446, #397, .T. ) ;
#2131 = PRESENTATION_LAYER_ASSIGNMENT (  '', '', ( #96 ) ) ;
#2132 = CARTESIAN_POINT ( 'NONE',  ( 54.99999999999999289, -53.08999999997355701, -44.04999999999641602 ) ) ;
#2133 = DIRECTION ( 'NONE',  ( 1.000000000000000000, -7.011717741091065907E-29, 1.332267629550190018E-16 ) ) ;
#2134 = EDGE_LOOP ( 'NONE', ( #1064, #1158 ) ) ;
#2135 = MECHANICAL_DESIGN_GEOMETRIC_PRESENTATION_REPRESENTATION (  '', ( #2030 ), #1214 ) ;
#2136 = ORIENTED_EDGE ( 'NONE', *, *, #1253, .F. ) ;
#2137 = PRESENTATION_LAYER_ASSIGNMENT (  '', '', ( #71 ) ) ;
#2138 = SURFACE_STYLE_FILL_AREA ( #922 ) ;
#2139 = FILL_AREA_STYLE ('',( #716 ) ) ;
#2140 = DIRECTION ( 'NONE',  ( 0.000000000000000000, -1.000000000000000000, -5.263069460122815804E-13 ) ) ;
#2141 = CIRCLE ( 'NONE', #1771, 3.000000000000002665 ) ;
#2142 = ORIENTED_EDGE ( 'NONE', *, *, #691, .T. ) ;
#2143 = UNCERTAINTY_MEASURE_WITH_UNIT (LENGTH_MEASURE( 1.000000000000000082E-05 ), #1813, 'distance_accuracy_value', 'NONE');
#2144 = EDGE_LOOP ( 'NONE', ( #1168, #1562, #905, #1551 ) ) ;
#2145 = ORIENTED_EDGE ( 'NONE', *, *, #770, .T. ) ;
#2146 = UNCERTAINTY_MEASURE_WITH_UNIT (LENGTH_MEASURE( 1.000000000000000082E-05 ), #482, 'distance_accuracy_value', 'NONE');
#2147 =( NAMED_UNIT ( * ) SI_UNIT ( $, .STERADIAN. ) SOLID_ANGLE_UNIT ( ) );
#2148 = CARTESIAN_POINT ( 'NONE',  ( 3.299999999999999378, -66.68999999997110706, -48.69000000000005457 ) ) ;
#2149 = DIRECTION ( 'NONE',  ( -1.000000000000000000, -3.446814957945957514E-30, 6.549151239516728913E-18 ) ) ;
#2150 = ORIENTED_EDGE ( 'NONE', *, *, #201, .T. ) ;
#2151 = EDGE_CURVE ( 'NONE', #1325, #1411, #512, .T. ) ;
#2152 = VERTEX_POINT ( 'NONE', #1280 ) ;
#2153 = MECHANICAL_DESIGN_GEOMETRIC_PRESENTATION_REPRESENTATION (  '', ( #899 ), #564 ) ;
#2154 = COLOUR_RGB ( '',0.000000000000000000, 0.000000000000000000, 0.000000000000000000 ) ;
#2155 = ADVANCED_FACE ( 'NONE', ( #561 ), #909, .F. ) ;
#2156 = AXIS2_PLACEMENT_3D ( 'NONE', #783, #958, #631 ) ;
#2157 = CARTESIAN_POINT ( 'NONE',  ( 120.0000000000000000, -66.69000000002888839, 61.08999999999636543 ) ) ;
#2158 = CIRCLE ( 'NONE', #1159, 1.700000000000000178 ) ;
#2159 = STYLED_ITEM ( 'NONE', ( #47 ), #435 ) ;
#2160 = CARTESIAN_POINT ( 'NONE',  ( 115.0000000000000000, -57.09000000003153730, 61.09000000000142450 ) ) ;
#2161 = VECTOR ( 'NONE', #1614, 1000.000000000000000 ) ;
#2162 = DIRECTION ( 'NONE',  ( 0.000000000000000000, 5.259681579161674062E-13, -1.000000000000000000 ) ) ;
#2163 = FACE_OUTER_BOUND ( 'NONE', #1217, .T. ) ;
#2164 = UNCERTAINTY_MEASURE_WITH_UNIT (LENGTH_MEASURE( 1.000000000000000082E-05 ), #1346, 'distance_accuracy_value', 'NONE');
#2165 = SURFACE_SIDE_STYLE ('',( #52 ) ) ;
#2166 = EDGE_LOOP ( 'NONE', ( #1136, #1050, #2246, #1880 ) ) ;
#2167 = CARTESIAN_POINT ( 'NONE',  ( 1.499999999999999778, -55.59000000002890118, -33.95000000000362661 ) ) ;
#2169 = CARTESIAN_POINT ( 'NONE',  ( 1.499999999999999778, -54.09000000002890118, -33.95000000000362661 ) ) ;
#2168 = AXIS2_PLACEMENT_3D ( 'NONE', #1888, #1000, #329 ) ;
#2170 = EDGE_CURVE ( 'NONE', #1250, #2040, #194, .T. ) ;
#2171 = VECTOR ( 'NONE', #768, 1000.000000000000000 ) ;
#2172 = EDGE_CURVE ( 'NONE', #685, #722, #374, .T. ) ;
#2173 =( NAMED_UNIT ( * ) PLANE_ANGLE_UNIT ( ) SI_UNIT ( $, .RADIAN. ) );
#2174 = VECTOR ( 'NONE', #693, 1000.000000000000000 ) ;
#2175 =( NAMED_UNIT ( * ) SI_UNIT ( $, .STERADIAN. ) SOLID_ANGLE_UNIT ( ) );
#2176 =( NAMED_UNIT ( * ) SI_UNIT ( $, .STERADIAN. ) SOLID_ANGLE_UNIT ( ) );
#2177 = UNCERTAINTY_MEASURE_WITH_UNIT (LENGTH_MEASURE( 1.000000000000000082E-05 ), #1577, 'distance_accuracy_value', 'NONE');
#2178 = AXIS2_PLACEMENT_3D ( 'NONE', #1730, #643, #114 ) ;
#2179 = ORIENTED_EDGE ( 'NONE', *, *, #935, .F. ) ;
#2180 = DIRECTION ( 'NONE',  ( -1.009741958682895111E-28, -1.000000000000000000, -5.263280709765124581E-13 ) ) ;
#2181 =( NAMED_UNIT ( * ) PLANE_ANGLE_UNIT ( ) SI_UNIT ( $, .RADIAN. ) );
#2182 = EDGE_CURVE ( 'NONE', #284, #2058, #891, .T. ) ;
#2183 = ORIENTED_EDGE ( 'NONE', *, *, #2205, .T. ) ;
#2184 = CARTESIAN_POINT ( 'NONE',  ( 5.000000000000000000, -66.09000000003152309, 66.08999999999667807 ) ) ;
#2185 = PRESENTATION_LAYER_ASSIGNMENT (  '', '', ( #1862 ) ) ;
#2186 = CARTESIAN_POINT ( 'NONE',  ( 113.3000000000000256, -66.68999999997110706, -48.69000000000110617 ) ) ;
#2187 = VECTOR ( 'NONE', #1720, 1000.000000000000000 ) ;
#2188 = FACE_OUTER_BOUND ( 'NONE', #2144, .T. ) ;
#2189 = CIRCLE ( 'NONE', #1488, 1.700000000000000178 ) ;
#2190 =( NAMED_UNIT ( * ) PLANE_ANGLE_UNIT ( ) SI_UNIT ( $, .RADIAN. ) );
#2191 = VECTOR ( 'NONE', #1673, 1000.000000000000000 ) ;
#2192 = LINE ( 'NONE', #2202, #1317 ) ;
#2193 = DIRECTION ( 'NONE',  ( 0.000000000000000000, -1.000000000000000000, -5.262994901000794812E-13 ) ) ;
#2194 =( GEOMETRIC_REPRESENTATION_CONTEXT ( 3 ) GLOBAL_UNCERTAINTY_ASSIGNED_CONTEXT ( ( #1456 ) ) GLOBAL_UNIT_ASSIGNED_CONTEXT ( ( #830, #1506, #2176 ) ) REPRESENTATION_CONTEXT ( 'NONE', 'WORKASPACE' ) );
#2195 = LINE ( 'NONE', #2242, #1661 ) ;
#2196 = COLOUR_RGB ( '',0.000000000000000000, 0.000000000000000000, 0.000000000000000000 ) ;
#2197 = VERTEX_POINT ( 'NONE', #1235 ) ;
#2198 = FILL_AREA_STYLE_COLOUR ( '', #2232 ) ;
#2199 = MECHANICAL_DESIGN_GEOMETRIC_PRESENTATION_REPRESENTATION (  '', ( #71 ), #1210 ) ;
#2200 = CARTESIAN_POINT ( 'NONE',  ( 10.00000000000000000, -58.59000000002889408, 56.45000000000353424 ) ) ;
#2201 = CYLINDRICAL_SURFACE ( 'NONE', #1568, 5.000000000000004441 ) ;
#2202 = CARTESIAN_POINT ( 'NONE',  ( 1.499999999999999778, -57.58999999997110564, -21.09000000000363428 ) ) ;
#2203 = FACE_OUTER_BOUND ( 'NONE', #238, .T. ) ;
#2204 = DIRECTION ( 'NONE',  ( 0.000000000000000000, -1.000000000000000000, -5.262994901000794812E-13 ) ) ;
#2205 = EDGE_CURVE ( 'NONE', #1541, #915, #1174, .T. ) ;
#2206 = VERTEX_POINT ( 'NONE', #1077 ) ;
#2207 = ORIENTED_EDGE ( 'NONE', *, *, #110, .T. ) ;
#2208 = SURFACE_SIDE_STYLE ('',( #2001 ) ) ;
#2209 = CARTESIAN_POINT ( 'NONE',  ( 115.0000000000000142, -57.09000000003153730, 66.09000000003145203 ) ) ;
#2210 = CARTESIAN_POINT ( 'NONE',  ( 0.000000000000000000, 0.000000000000000000, 0.000000000000000000 ) ) ;
#2211 = UNCERTAINTY_MEASURE_WITH_UNIT (LENGTH_MEASURE( 1.000000000000000082E-05 ), #1310, 'distance_accuracy_value', 'NONE');
#2212 =( LENGTH_UNIT ( ) NAMED_UNIT ( * ) SI_UNIT ( .MILLI., .METRE. ) );
#2213 = CARTESIAN_POINT ( 'NONE',  ( 10.00000000000000000, -54.09000000002890118, -25.95000000000363372 ) ) ;
#2214 = PLANE ( 'NONE',  #1418 ) ;
#2215 = PRESENTATION_STYLE_ASSIGNMENT (( #1363 ) ) ;
#2216 = DIRECTION ( 'NONE',  ( -1.009741958682895111E-28, -1.000000000000000000, -5.263280709765124581E-13 ) ) ;
#2217 = EDGE_LOOP ( 'NONE', ( #993, #1414, #165, #546 ) ) ;
#2218 = EDGE_CURVE ( 'NONE', #844, #557, #407, .T. ) ;
#2219 = VERTEX_POINT ( 'NONE', #2132 ) ;
#2220 = CARTESIAN_POINT ( 'NONE',  ( 6.700000000000000178, -53.08999999997111274, -48.69000000000005457 ) ) ;
#2221 = ORIENTED_EDGE ( 'NONE', *, *, #955, .F. ) ;
#2222 = DIRECTION ( 'NONE',  ( 0.000000000000000000, -1.000000000000000000, -5.262994901000794812E-13 ) ) ;
#2223 = EDGE_CURVE ( 'NONE', #1241, #740, #842, .T. ) ;
#2224 = CARTESIAN_POINT ( 'NONE',  ( 1.499999999999999778, 5.170222436918936971E-30, -21.09000000000363428 ) ) ;
#2225 = SURFACE_STYLE_FILL_AREA ( #805 ) ;
#2226 = COLOUR_RGB ( '',0.7529411764705882248, 0.000000000000000000, 0.000000000000000000 ) ;
#2227 = DIRECTION ( 'NONE',  ( 0.000000000000000000, 1.000000000000000000, 5.262994901000794812E-13 ) ) ;
#2228 = COLOUR_RGB ( '',0.7529411764705882248, 0.000000000000000000, 0.000000000000000000 ) ;
#2229 = LINE ( 'NONE', #1482, #750 ) ;
#2230 = FACE_OUTER_BOUND ( 'NONE', #1597, .T. ) ;
#2231 =( NAMED_UNIT ( * ) PLANE_ANGLE_UNIT ( ) SI_UNIT ( $, .RADIAN. ) );
#2232 = COLOUR_RGB ( '',0.7529411764705882248, 0.000000000000000000, 0.000000000000000000 ) ;
#2233 = ORIENTED_EDGE ( 'NONE', *, *, #1836, .F. ) ;
#2234 = PRESENTATION_LAYER_ASSIGNMENT (  '', '', ( #568 ) ) ;
#2235 = SURFACE_SIDE_STYLE ('',( #454 ) ) ;
#2236 = ORIENTED_EDGE ( 'NONE', *, *, #837, .T. ) ;
#2237 = CYLINDRICAL_SURFACE ( 'NONE', #2178, 5.000000000000000000 ) ;
#2238 = LINE ( 'NONE', #1405, #816 ) ;
#2239 = CARTESIAN_POINT ( 'NONE',  ( 1.499999999999999778, -53.08999999997669050, -38.09000000000363428 ) ) ;
#2240 = LINE ( 'NONE', #1897, #1665 ) ;
#2241 = EDGE_CURVE ( 'NONE', #1750, #1538, #717, .T. ) ;
#2242 = CARTESIAN_POINT ( 'NONE',  ( 1.110223024625159893E-15, -66.69000000002888839, 61.08999999999636543 ) ) ;
#2243 = CARTESIAN_POINT ( 'NONE',  ( 8.000000000000000000, -66.69000000002888839, 61.08999999999731045 ) ) ;
#2244 = PRESENTATION_LAYER_ASSIGNMENT (  '', '', ( #1281 ) ) ;
#2245 = ORIENTED_EDGE ( 'NONE', *, *, #1166, .F. ) ;
#2246 = ORIENTED_EDGE ( 'NONE', *, *, #614, .T. ) ;
#2247 =( GEOMETRIC_REPRESENTATION_CONTEXT ( 3 ) GLOBAL_UNCERTAINTY_ASSIGNED_CONTEXT ( ( #2177 ) ) GLOBAL_UNIT_ASSIGNED_CONTEXT ( ( #1577, #885, #1694 ) ) REPRESENTATION_CONTEXT ( 'NONE', 'WORKASPACE' ) );
#2248 = DIRECTION ( 'NONE',  ( 1.000000000000000000, 0.000000000000000000, -2.775557561562888984E-15 ) ) ;
#2249 = STYLED_ITEM ( 'NONE', ( #313 ), #1997 ) ;
#2250 = DIRECTION ( 'NONE',  ( 0.000000000000000000, 1.000000000000000000, 5.262994901000794812E-13 ) ) ;
#2251 = ORIENTED_EDGE ( 'NONE', *, *, #128, .F. ) ;
#2252 =( NAMED_UNIT ( * ) PLANE_ANGLE_UNIT ( ) SI_UNIT ( $, .RADIAN. ) );
#2253 = PRESENTATION_LAYER_ASSIGNMENT (  '', '', ( #2061 ) ) ;
#2254 = SURFACE_SIDE_STYLE ('',( #2062 ) ) ;
#2255 =( LENGTH_UNIT ( ) NAMED_UNIT ( * ) SI_UNIT ( .MILLI., .METRE. ) );
#2256 = CARTESIAN_POINT ( 'NONE',  ( 66.00000000000000000, -60.75499999999874490, 3.835999999999505583 ) ) ;
#2257 = CARTESIAN_POINT ( 'NONE',  ( 110.0000000000000000, -53.08999999997355701, -44.04999999999646576 ) ) ;
#2258 = EDGE_CURVE ( 'NONE', #1611, #1855, #1084, .T. ) ;
#2259 = ORIENTED_EDGE ( 'NONE', *, *, #81, .T. ) ;
#2260 = ORIENTED_EDGE ( 'NONE', *, *, #1563, .F. ) ;
#2261 = LINE ( 'NONE', #1931, #1955 ) ;
#2262 = LINE ( 'NONE', #468, #741 ) ;
#2263 = ORIENTED_EDGE ( 'NONE', *, *, #1093, .F. ) ;
#2264 = SURFACE_STYLE_FILL_AREA ( #813 ) ;
#2265 = FILL_AREA_STYLE_COLOUR ( '', #390 ) ;
#2266 = DIRECTION ( 'NONE',  ( -1.000000000000000000, -3.446814957945958214E-30, 6.549151239516728913E-18 ) ) ;
#2267 = LINE ( 'NONE', #987, #1801 ) ;
#2268 = EDGE_CURVE ( 'NONE', #1240, #1250, #1433, .T. ) ;
#2269 = SURFACE_SIDE_STYLE ('',( #1736 ) ) ;
#2270 = CARTESIAN_POINT ( 'NONE',  ( 10.00000000000000000, -53.09000000002644981, 56.45000000000353424 ) ) ;
#2271 = VECTOR ( 'NONE', #1804, 1000.000000000000000 ) ;
#2272 = VERTEX_POINT ( 'NONE', #2148 ) ;
#2273 = AXIS2_PLACEMENT_3D ( 'NONE', #1311, #2023, #1859 ) ;
#2274 = VERTEX_POINT ( 'NONE', #704 ) ;
#2275 = EDGE_CURVE ( 'NONE', #2058, #1910, #1035, .T. ) ;
#2276 = CIRCLE ( 'NONE', #276, 4.000000000000007105 ) ;
#2277 = PRESENTATION_LAYER_ASSIGNMENT (  '', '', ( #1715 ) ) ;
#2278 = FILL_AREA_STYLE_COLOUR ( '', #229 ) ;
#2279 = CARTESIAN_POINT ( 'NONE',  ( 66.00000000000000000, -60.75499999999611589, -1.164000000000498858 ) ) ;
#2280 = AXIS2_PLACEMENT_3D ( 'NONE', #1060, #148, #2122 ) ;
#2281 = CARTESIAN_POINT ( 'NONE',  ( 11.00000000000003908, -57.09000000002889408, -35.45000000000363372 ) ) ;
#2282 = CARTESIAN_POINT ( 'NONE',  ( 54.99999999999999289, -57.08999999996847663, -53.68999999999856954 ) ) ;
#2283 = SURFACE_SIDE_STYLE ('',( #2112 ) ) ;
#2284 = ORIENTED_EDGE ( 'NONE', *, *, #1610, .T. ) ;
#2285 = EDGE_LOOP ( 'NONE', ( #452, #1127, #1458, #1073 ) ) ;
#2286 = FACE_OUTER_BOUND ( 'NONE', #1566, .T. ) ;
#2287 = ORIENTED_EDGE ( 'NONE', *, *, #1002, .F. ) ;
#2288 =( LENGTH_UNIT ( ) NAMED_UNIT ( * ) SI_UNIT ( .MILLI., .METRE. ) );
#2289 = FILL_AREA_STYLE ('',( #1547 ) ) ;
ENDSEC;
END-ISO-10303-21;
