ISO-10303-21;
HEADER;
FILE_DESCRIPTION (( 'STEP AP214' ),
    '1' );
FILE_NAME ('Middle.STEP',
    '2026-03-29T20:01:18',
    ( '' ),
    ( '' ),
    'SwSTEP 2.0',
    'SolidWorks 2024',
    '' );
FILE_SCHEMA (( 'AUTOMOTIVE_DESIGN' ));
ENDSEC;

DATA;
#1 = EDGE_CURVE ( 'NONE', #529, #1640, #990, .T. ) ;
#2 = ORIENTED_EDGE ( 'NONE', *, *, #1194, .F. ) ;
#3 = CARTESIAN_POINT ( 'NONE',  ( 0.000000000000000000, 0.000000000000000000, 0.000000000000000000 ) ) ;
#4 = DIRECTION ( 'NONE',  ( -0.000000000000000000, 1.000000000000000000, -0.000000000000000000 ) ) ;
#5 = DIRECTION ( 'NONE',  ( 0.000000000000000000, 0.000000000000000000, 1.000000000000000000 ) ) ;
#6 = EDGE_CURVE ( 'NONE', #3323, #3197, #2791, .T. ) ;
#7 = VERTEX_POINT ( 'NONE', #1310 ) ;
#8 = CARTESIAN_POINT ( 'NONE',  ( 35.07999999999999829, 0.000000000000000000, 16.53000000000000114 ) ) ;
#9 = ORIENTED_EDGE ( 'NONE', *, *, #1656, .F. ) ;
#10 = CARTESIAN_POINT ( 'NONE',  ( 16.53000000000000824, 0.000000000000000000, 35.28259228293302385 ) ) ;
#11 = CYLINDRICAL_SURFACE ( 'NONE', #961, 0.5000000000000004441 ) ;
#12 = EDGE_CURVE ( 'NONE', #325, #1785, #2109, .T. ) ;
#13 = ORIENTED_EDGE ( 'NONE', *, *, #808, .F. ) ;
#14 = ORIENTED_EDGE ( 'NONE', *, *, #3761, .F. ) ;
#15 = VECTOR ( 'NONE', #215, 1000.000000000000000 ) ;
#16 = DIRECTION ( 'NONE',  ( -0.000000000000000000, 1.000000000000000000, -0.000000000000000000 ) ) ;
#17 = ORIENTED_EDGE ( 'NONE', *, *, #2865, .F. ) ;
#18 = ORIENTED_EDGE ( 'NONE', *, *, #178, .T. ) ;
#19 = AXIS2_PLACEMENT_3D ( 'NONE', #843, #823, #3504 ) ;
#20 = MECHANICAL_DESIGN_GEOMETRIC_PRESENTATION_REPRESENTATION (  '', ( #713 ), #3832 ) ;
#21 = ORIENTED_EDGE ( 'NONE', *, *, #1629, .T. ) ;
#22 = DIRECTION ( 'NONE',  ( 1.000000000000000000, 0.000000000000000000, 0.000000000000000000 ) ) ;
#23 = CARTESIAN_POINT ( 'NONE',  ( 73.67999999999999261, 3.000000000000000000, -0.000000000000000000 ) ) ;
#24 = DIRECTION ( 'NONE',  ( 0.000000000000000000, 0.000000000000000000, 1.000000000000000000 ) ) ;
#25 = ADVANCED_FACE ( 'NONE', ( #129 ), #2829, .F. ) ;
#26 = EDGE_CURVE ( 'NONE', #3548, #615, #1406, .T. ) ;
#27 = DIRECTION ( 'NONE',  ( 0.000000000000000000, 0.000000000000000000, 1.000000000000000000 ) ) ;
#28 = ORIENTED_EDGE ( 'NONE', *, *, #1880, .F. ) ;
#29 = CARTESIAN_POINT ( 'NONE',  ( 54.13000000000000256, 0.000000000000000000, 16.02999999999999758 ) ) ;
#30 = ORIENTED_EDGE ( 'NONE', *, *, #3857, .F. ) ;
#31 = CARTESIAN_POINT ( 'NONE',  ( 89.58138121000000353, 0.000000000000000000, -24.79170859000000249 ) ) ;
#32 = ADVANCED_BREP_SHAPE_REPRESENTATION ( 'Middle', ( #2747, #1209 ), #952 ) ;
#33 = CIRCLE ( 'NONE', #1414, 0.5000000000000004441 ) ;
#34 = DIRECTION ( 'NONE',  ( 1.000000000000000000, -0.000000000000000000, 0.000000000000000000 ) ) ;
#35 = ORIENTED_EDGE ( 'NONE', *, *, #2056, .T. ) ;
#36 = EDGE_LOOP ( 'NONE', ( #1351, #597, #3252, #3482 ) ) ;
#37 = AXIS2_PLACEMENT_3D ( 'NONE', #538, #182, #1737 ) ;
#38 = EDGE_CURVE ( 'NONE', #2382, #1399, #1745, .T. ) ;
#39 = FACE_OUTER_BOUND ( 'NONE', #1559, .T. ) ;
#40 = ORIENTED_EDGE ( 'NONE', *, *, #1873, .F. ) ;
#41 = VECTOR ( 'NONE', #2007, 1000.000000000000000 ) ;
#42 = CYLINDRICAL_SURFACE ( 'NONE', #1909, 0.5000000000000004441 ) ;
#43 = VECTOR ( 'NONE', #2882, 1000.000000000000000 ) ;
#44 = DIRECTION ( 'NONE',  ( 0.000000000000000000, 0.000000000000000000, 1.000000000000000000 ) ) ;
#45 = VECTOR ( 'NONE', #1682, 1000.000000000000000 ) ;
#46 = FACE_OUTER_BOUND ( 'NONE', #445, .T. ) ;
#47 = ORIENTED_EDGE ( 'NONE', *, *, #257, .F. ) ;
#48 = CIRCLE ( 'NONE', #484, 0.5000000000000004441 ) ;
#49 = CARTESIAN_POINT ( 'NONE',  ( 76.88138121000001490, 3.000000000000000000, -13.18999999999999950 ) ) ;
#50 = ORIENTED_EDGE ( 'NONE', *, *, #3125, .T. ) ;
#51 = LINE ( 'NONE', #10, #3739 ) ;
#52 = CARTESIAN_POINT ( 'NONE',  ( 108.7500000000000000, 0.000000000000000000, 0.000000000000000000 ) ) ;
#53 = ORIENTED_EDGE ( 'NONE', *, *, #2854, .T. ) ;
#54 = ORIENTED_EDGE ( 'NONE', *, *, #1844, .F. ) ;
#55 = PLANE ( 'NONE',  #1361 ) ;
#56 = EDGE_CURVE ( 'NONE', #3791, #1662, #500, .T. ) ;
#57 = DIRECTION ( 'NONE',  ( 0.000000000000000000, 0.000000000000000000, 1.000000000000000000 ) ) ;
#58 = VERTEX_POINT ( 'NONE', #840 ) ;
#59 = EDGE_CURVE ( 'NONE', #1344, #2185, #3668, .T. ) ;
#60 = CARTESIAN_POINT ( 'NONE',  ( 92.73000000000000398, 3.000000000000000000, 16.02999999999999758 ) ) ;
#61 = EDGE_CURVE ( 'NONE', #2986, #3559, #2849, .T. ) ;
#62 = PLANE ( 'NONE',  #234 ) ;
#63 = FACE_OUTER_BOUND ( 'NONE', #1636, .T. ) ;
#64 = CARTESIAN_POINT ( 'NONE',  ( 86.68138121000001206, 3.000000000000000000, -51.07339105000000501 ) ) ;
#65 = ORIENTED_EDGE ( 'NONE', *, *, #38, .T. ) ;
#66 = CARTESIAN_POINT ( 'NONE',  ( 59.67999999999997840, 0.000000000000000000, -3.185486062962948325E-14 ) ) ;
#67 = CYLINDRICAL_SURFACE ( 'NONE', #2058, 0.5000000000000004441 ) ;
#68 = EDGE_CURVE ( 'NONE', #1388, #1626, #353, .T. ) ;
#69 = CARTESIAN_POINT ( 'NONE',  ( 22.08000000000000185, 3.000000000000000000, 35.28259228293302385 ) ) ;
#70 = ORIENTED_EDGE ( 'NONE', *, *, #2980, .T. ) ;
#71 = ORIENTED_EDGE ( 'NONE', *, *, #3388, .F. ) ;
#72 = DIRECTION ( 'NONE',  ( 0.000000000000000000, 0.000000000000000000, -1.000000000000000000 ) ) ;
#73 = ADVANCED_FACE ( 'NONE', ( #458 ), #166, .F. ) ;
#74 = PLANE ( 'NONE',  #710 ) ;
#75 = ADVANCED_FACE ( 'NONE', ( #2304 ), #1088, .F. ) ;
#76 = ORIENTED_EDGE ( 'NONE', *, *, #2311, .T. ) ;
#77 = VECTOR ( 'NONE', #1497, 1000.000000000000000 ) ;
#78 = CIRCLE ( 'NONE', #3640, 0.5000000000000004441 ) ;
#79 = DIRECTION ( 'NONE',  ( 0.000000000000000000, 0.000000000000000000, 1.000000000000000000 ) ) ;
#80 = DIRECTION ( 'NONE',  ( 1.000000000000000000, 0.000000000000000000, -0.000000000000000000 ) ) ;
#81 = AXIS2_PLACEMENT_3D ( 'NONE', #958, #629, #57 ) ;
#82 = DIRECTION ( 'NONE',  ( 0.000000000000000000, 0.000000000000000000, 1.000000000000000000 ) ) ;
#83 = CIRCLE ( 'NONE', #1648, 4.999999999999997335 ) ;
#84 = EDGE_CURVE ( 'NONE', #3196, #7, #775, .T. ) ;
#85 = PLANE ( 'NONE',  #542 ) ;
#86 = DIRECTION ( 'NONE',  ( 1.000000000000000000, -0.000000000000000000, 0.000000000000000000 ) ) ;
#87 = ORIENTED_EDGE ( 'NONE', *, *, #1119, .T. ) ;
#88 = CARTESIAN_POINT ( 'NONE',  ( 0.000000000000000000, 3.000000000000000000, 0.000000000000000000 ) ) ;
#89 = LINE ( 'NONE', #1307, #2863 ) ;
#90 = CARTESIAN_POINT ( 'NONE',  ( 40.62999999999999545, 3.000000000000000000, 22.28259228293302741 ) ) ;
#91 = ORIENTED_EDGE ( 'NONE', *, *, #2560, .T. ) ;
#92 = ORIENTED_EDGE ( 'NONE', *, *, #883, .F. ) ;
#93 = VECTOR ( 'NONE', #3700, 1000.000000000000000 ) ;
#94 = ORIENTED_EDGE ( 'NONE', *, *, #1273, .T. ) ;
#95 = DIRECTION ( 'NONE',  ( -1.000000000000000000, 0.000000000000000000, 0.000000000000000000 ) ) ;
#96 = ORIENTED_EDGE ( 'NONE', *, *, #1490, .T. ) ;
#97 = AXIS2_PLACEMENT_3D ( 'NONE', #2987, #2356, #277 ) ;
#98 = AXIS2_PLACEMENT_3D ( 'NONE', #2182, #2143, #658 ) ;
#99 = DIRECTION ( 'NONE',  ( 1.000000000000000000, -0.000000000000000000, 0.000000000000000000 ) ) ;
#100 = DIRECTION ( 'NONE',  ( 1.000000000000000000, -0.000000000000000000, 0.000000000000000000 ) ) ;
#101 = CIRCLE ( 'NONE', #350, 0.5000000000000004441 ) ;
#102 = CARTESIAN_POINT ( 'NONE',  ( 79.22999999999998977, 3.000000000000000000, 21.78259228293302741 ) ) ;
#103 = DIRECTION ( 'NONE',  ( 1.196184829170446456E-15, 0.000000000000000000, 1.000000000000000000 ) ) ;
#104 = FACE_OUTER_BOUND ( 'NONE', #3002, .T. ) ;
#105 = LINE ( 'NONE', #1871, #2982 ) ;
#106 = EDGE_CURVE ( 'NONE', #2584, #3698, #3361, .T. ) ;
#107 = DIRECTION ( 'NONE',  ( -0.000000000000000000, 1.000000000000000000, -0.000000000000000000 ) ) ;
#108 = VECTOR ( 'NONE', #2851, 1000.000000000000000 ) ;
#109 = AXIS2_PLACEMENT_3D ( 'NONE', #2678, #1504, #3563 ) ;
#110 = DIRECTION ( 'NONE',  ( 0.000000000000000000, 0.000000000000000000, 1.000000000000000000 ) ) ;
#111 = VERTEX_POINT ( 'NONE', #3516 ) ;
#112 = ORIENTED_EDGE ( 'NONE', *, *, #1309, .T. ) ;
#113 = DIRECTION ( 'NONE',  ( 0.000000000000000000, 1.000000000000000000, 0.000000000000000000 ) ) ;
#114 = AXIS2_PLACEMENT_3D ( 'NONE', #998, #3389, #1316 ) ;
#115 = ORIENTED_EDGE ( 'NONE', *, *, #2179, .F. ) ;
#116 = LINE ( 'NONE', #1011, #2393 ) ;
#117 = VERTEX_POINT ( 'NONE', #1429 ) ;
#118 = ORIENTED_EDGE ( 'NONE', *, *, #1902, .T. ) ;
#119 = DIRECTION ( 'NONE',  ( 0.000000000000000000, 0.000000000000000000, 1.000000000000000000 ) ) ;
#120 = LINE ( 'NONE', #1298, #1729 ) ;
#121 = EDGE_CURVE ( 'NONE', #1626, #2628, #3811, .T. ) ;
#122 = DIRECTION ( 'NONE',  ( 1.000000000000000000, -0.000000000000000000, 0.000000000000000000 ) ) ;
#123 = CARTESIAN_POINT ( 'NONE',  ( 77.38138121000000069, 0.000000000000000000, -13.18999999999999950 ) ) ;
#124 = FACE_OUTER_BOUND ( 'NONE', #1227, .T. ) ;
#125 = EDGE_CURVE ( 'NONE', #586, #928, #1679, .T. ) ;
#126 = LINE ( 'NONE', #3358, #1602 ) ;
#127 = DIRECTION ( 'NONE',  ( -0.000000000000000000, -1.000000000000000000, -0.000000000000000000 ) ) ;
#128 = PLANE ( 'NONE',  #3525 ) ;
#129 = FACE_OUTER_BOUND ( 'NONE', #1704, .T. ) ;
#130 = ORIENTED_EDGE ( 'NONE', *, *, #2516, .F. ) ;
#131 = FACE_OUTER_BOUND ( 'NONE', #3343, .T. ) ;
#132 = EDGE_LOOP ( 'NONE', ( #913, #623, #1509, #1118 ) ) ;
#133 = DIRECTION ( 'NONE',  ( 0.000000000000000000, 0.000000000000000000, 1.000000000000000000 ) ) ;
#134 = ORIENTED_EDGE ( 'NONE', *, *, #894, .T. ) ;
#135 = ORIENTED_EDGE ( 'NONE', *, *, #2805, .T. ) ;
#136 = DIRECTION ( 'NONE',  ( -0.000000000000000000, -1.000000000000000000, 0.000000000000000000 ) ) ;
#137 = DIRECTION ( 'NONE',  ( 0.000000000000000000, 1.000000000000000000, -0.000000000000000000 ) ) ;
#138 = VECTOR ( 'NONE', #1304, 1000.000000000000000 ) ;
#139 = DIRECTION ( 'NONE',  ( -1.059858546495681701E-16, 0.000000000000000000, -1.000000000000000000 ) ) ;
#140 = AXIS2_PLACEMENT_3D ( 'NONE', #3547, #1074, #1437 ) ;
#141 = CARTESIAN_POINT ( 'NONE',  ( 16.03000000000000114, 0.000000000000000000, 22.28259228293302741 ) ) ;
#142 = DIRECTION ( 'NONE',  ( -0.000000000000000000, 1.000000000000000000, -0.000000000000000000 ) ) ;
#143 = CARTESIAN_POINT ( 'NONE',  ( 35.07999999999999829, 3.000000000000000000, 21.78259228293302741 ) ) ;
#144 = CARTESIAN_POINT ( 'NONE',  ( 0.000000000000000000, 3.000000000000000000, 35.78259228293302385 ) ) ;
#145 = EDGE_CURVE ( 'NONE', #2974, #3270, #1920, .T. ) ;
#146 = ORIENTED_EDGE ( 'NONE', *, *, #2165, .T. ) ;
#147 = ORIENTED_EDGE ( 'NONE', *, *, #3709, .F. ) ;
#148 = CARTESIAN_POINT ( 'NONE',  ( 35.57999999999999829, 0.000000000000000000, 16.02999999999999758 ) ) ;
#149 = ORIENTED_EDGE ( 'NONE', *, *, #2603, .F. ) ;
#150 = CARTESIAN_POINT ( 'NONE',  ( 0.000000000000000000, 3.000000000000000000, 35.78259228293302385 ) ) ;
#151 = ORIENTED_EDGE ( 'NONE', *, *, #477, .F. ) ;
#152 = VERTEX_POINT ( 'NONE', #3474 ) ;
#153 = EDGE_CURVE ( 'NONE', #1686, #2635, #2872, .T. ) ;
#154 = CARTESIAN_POINT ( 'NONE',  ( 54.62999999999999545, 3.000000000000000000, -0.000000000000000000 ) ) ;
#155 = DIRECTION ( 'NONE',  ( 0.000000000000000000, 0.000000000000000000, -1.000000000000000000 ) ) ;
#156 = VECTOR ( 'NONE', #3064, 1000.000000000000000 ) ;
#157 = ORIENTED_EDGE ( 'NONE', *, *, #847, .F. ) ;
#158 = CARTESIAN_POINT ( 'NONE',  ( 35.07999999999999829, 0.000000000000000000, 22.28259228293302741 ) ) ;
#159 = DIRECTION ( 'NONE',  ( -0.000000000000000000, 1.000000000000000000, -0.000000000000000000 ) ) ;
#160 = LINE ( 'NONE', #1738, #1952 ) ;
#161 = AXIS2_PLACEMENT_3D ( 'NONE', #1423, #815, #1127 ) ;
#162 = DIRECTION ( 'NONE',  ( -0.000000000000000000, 1.000000000000000000, -0.000000000000000000 ) ) ;
#163 = DIRECTION ( 'NONE',  ( -0.000000000000000000, 1.000000000000000000, -0.000000000000000000 ) ) ;
#164 = AXIS2_PLACEMENT_3D ( 'NONE', #244, #557, #1271 ) ;
#165 = SURFACE_STYLE_USAGE ( .BOTH. , #3207 ) ;
#166 = CYLINDRICAL_SURFACE ( 'NONE', #2792, 0.5000000000000004441 ) ;
#167 = ORIENTED_EDGE ( 'NONE', *, *, #2039, .T. ) ;
#168 = ADVANCED_FACE ( 'NONE', ( #3229 ), #1383, .F. ) ;
#169 = CARTESIAN_POINT ( 'NONE',  ( 16.53000000000000469, 3.000000000000000000, 22.28259228293302741 ) ) ;
#170 = CIRCLE ( 'NONE', #3300, 0.5000000000000004441 ) ;
#171 = ORIENTED_EDGE ( 'NONE', *, *, #2198, .T. ) ;
#172 = CARTESIAN_POINT ( 'NONE',  ( 77.38138121000000069, 3.000000000000000000, -25.29170859000000249 ) ) ;
#173 = VERTEX_POINT ( 'NONE', #2913 ) ;
#174 = ORIENTED_EDGE ( 'NONE', *, *, #2157, .F. ) ;
#175 = EDGE_CURVE ( 'NONE', #706, #630, #2641, .T. ) ;
#176 = VECTOR ( 'NONE', #1105, 1000.000000000000000 ) ;
#177 = CARTESIAN_POINT ( 'NONE',  ( 59.68000000000000682, 3.000000000000000000, -3.185486062962950850E-14 ) ) ;
#178 = EDGE_CURVE ( 'NONE', #685, #590, #1151, .T. ) ;
#179 = LINE ( 'NONE', #3802, #2721 ) ;
#180 = ORIENTED_EDGE ( 'NONE', *, *, #257, .T. ) ;
#181 = DIRECTION ( 'NONE',  ( 1.000000000000000000, 0.000000000000000000, -0.000000000000000000 ) ) ;
#182 = DIRECTION ( 'NONE',  ( -0.000000000000000000, -1.000000000000000000, 0.000000000000000000 ) ) ;
#183 = EDGE_CURVE ( 'NONE', #985, #403, #1948, .T. ) ;
#184 = DIRECTION ( 'NONE',  ( 0.000000000000000000, 1.000000000000000000, -0.000000000000000000 ) ) ;
#185 = CARTESIAN_POINT ( 'NONE',  ( 78.73000000000000398, 3.000000000000000000, -0.000000000000000000 ) ) ;
#186 = CARTESIAN_POINT ( 'NONE',  ( -11.29999999999999538, 0.000000000000000000, 40.27000000000001023 ) ) ;
#187 = PRESENTATION_STYLE_ASSIGNMENT (( #165 ) ) ;
#188 = CARTESIAN_POINT ( 'NONE',  ( 41.12999999999999545, 0.000000000000000000, 22.28259228293302741 ) ) ;
#189 = EDGE_LOOP ( 'NONE', ( #1670, #1805, #921, #255 ) ) ;
#190 = CARTESIAN_POINT ( 'NONE',  ( 73.17999999999999261, 3.000000000000000000, 35.28259228293302385 ) ) ;
#191 = EDGE_LOOP ( 'NONE', ( #3621, #313, #3554, #2323, #592, #250, #1367, #3630 ) ) ;
#192 = CARTESIAN_POINT ( 'NONE',  ( 77.38138121000000069, 3.000000000000000000, -12.69000000000000128 ) ) ;
#193 = ORIENTED_EDGE ( 'NONE', *, *, #1014, .T. ) ;
#194 = EDGE_CURVE ( 'NONE', #293, #3149, #2422, .T. ) ;
#195 = LINE ( 'NONE', #177, #393 ) ;
#196 = CARTESIAN_POINT ( 'NONE',  ( 103.7500000000000000, 0.000000000000000000, 45.27000000000000313 ) ) ;
#197 = ORIENTED_EDGE ( 'NONE', *, *, #1408, .F. ) ;
#198 = CARTESIAN_POINT ( 'NONE',  ( 16.53000000000000469, 3.000000000000000000, 16.02999999999999758 ) ) ;
#199 = ORIENTED_EDGE ( 'NONE', *, *, #3509, .T. ) ;
#200 = LINE ( 'NONE', #2005, #598 ) ;
#201 = DIRECTION ( 'NONE',  ( 0.000000000000000000, 1.000000000000000000, -0.000000000000000000 ) ) ;
#202 = AXIS2_PLACEMENT_3D ( 'NONE', #715, #1906, #3104 ) ;
#203 = CARTESIAN_POINT ( 'NONE',  ( 103.7500000000000000, 0.000000000000000000, -62.80999999999998806 ) ) ;
#204 = CARTESIAN_POINT ( 'NONE',  ( 54.12999999999999545, 3.000000000000000000, 22.28259228293302741 ) ) ;
#205 = EDGE_CURVE ( 'NONE', #1998, #3260, #2713, .T. ) ;
#206 = CIRCLE ( 'NONE', #2523, 0.5000000000000004441 ) ;
#207 =( LENGTH_UNIT ( ) NAMED_UNIT ( * ) SI_UNIT ( .MILLI., .METRE. ) );
#208 = DIRECTION ( 'NONE',  ( -1.000000000000000000, -0.000000000000000000, -0.000000000000000000 ) ) ;
#209 = EDGE_LOOP ( 'NONE', ( #1418, #2266, #1554, #3385 ) ) ;
#210 = DIRECTION ( 'NONE',  ( -0.000000000000000000, -1.000000000000000000, 0.000000000000000000 ) ) ;
#211 = ORIENTED_EDGE ( 'NONE', *, *, #1041, .T. ) ;
#212 = PLANE ( 'NONE',  #2205 ) ;
#213 = EDGE_LOOP ( 'NONE', ( #2891, #1786, #1270, #2504 ) ) ;
#214 = VERTEX_POINT ( 'NONE', #2693 ) ;
#215 = DIRECTION ( 'NONE',  ( 1.668003342285391551E-16, 0.000000000000000000, 1.000000000000000000 ) ) ;
#216 = DIRECTION ( 'NONE',  ( 5.337610695313254343E-16, 0.000000000000000000, 1.000000000000000000 ) ) ;
#217 = VERTEX_POINT ( 'NONE', #3027 ) ;
#218 = CARTESIAN_POINT ( 'NONE',  ( 59.68000000000001393, 0.000000000000000000, 16.02999999999999758 ) ) ;
#219 = EDGE_CURVE ( 'NONE', #2488, #1897, #3010, .T. ) ;
#220 = AXIS2_PLACEMENT_3D ( 'NONE', #3572, #1514, #1165 ) ;
#221 = ORIENTED_EDGE ( 'NONE', *, *, #3294, .F. ) ;
#222 = DIRECTION ( 'NONE',  ( 0.000000000000000000, 0.000000000000000000, 1.000000000000000000 ) ) ;
#223 = DIRECTION ( 'NONE',  ( -1.059858546495681701E-16, 0.000000000000000000, -1.000000000000000000 ) ) ;
#224 = DIRECTION ( 'NONE',  ( 2.668805347656626678E-16, 0.000000000000000000, 1.000000000000000000 ) ) ;
#225 = CARTESIAN_POINT ( 'NONE',  ( 40.94761904761906379, 3.000000000000000000, -12.93010101010102630 ) ) ;
#226 = AXIS2_PLACEMENT_3D ( 'NONE', #2273, #3465, #1061 ) ;
#227 =( NAMED_UNIT ( * ) SI_UNIT ( $, .STERADIAN. ) SOLID_ANGLE_UNIT ( ) );
#228 = EDGE_CURVE ( 'NONE', #3499, #1565, #282, .T. ) ;
#229 = CARTESIAN_POINT ( 'NONE',  ( 40.63000000000000256, 0.000000000000000000, -2.168671225505775380E-14 ) ) ;
#230 = ORIENTED_EDGE ( 'NONE', *, *, #2212, .F. ) ;
#231 = DIRECTION ( 'NONE',  ( 0.000000000000000000, 0.000000000000000000, 1.000000000000000000 ) ) ;
#232 = VECTOR ( 'NONE', #1795, 1000.000000000000000 ) ;
#233 = ORIENTED_EDGE ( 'NONE', *, *, #441, .T. ) ;
#234 = AXIS2_PLACEMENT_3D ( 'NONE', #944, #963, #3024 ) ;
#235 = VECTOR ( 'NONE', #2010, 1000.000000000000000 ) ;
#236 = DIRECTION ( 'NONE',  ( -1.000000000000000000, 0.000000000000000000, 0.000000000000000000 ) ) ;
#237 = EDGE_LOOP ( 'NONE', ( #2154, #1842, #1912, #47, #1294, #289, #2977, #2432 ) ) ;
#238 = VERTEX_POINT ( 'NONE', #2676 ) ;
#239 = VECTOR ( 'NONE', #1069, 1000.000000000000000 ) ;
#240 = LINE ( 'NONE', #3257, #3520 ) ;
#241 = CARTESIAN_POINT ( 'NONE',  ( 108.7500000000000000, 7.900196501299576461E-15, -64.50999999999999091 ) ) ;
#242 = CIRCLE ( 'NONE', #555, 0.5000000000000004441 ) ;
#243 = EDGE_LOOP ( 'NONE', ( #1031, #1241, #18, #193 ) ) ;
#244 = CARTESIAN_POINT ( 'NONE',  ( 54.12999999999999545, 0.000000000000000000, 3.029999999999999805 ) ) ;
#245 = ORIENTED_EDGE ( 'NONE', *, *, #1853, .F. ) ;
#246 = EDGE_CURVE ( 'NONE', #1053, #2161, #3418, .T. ) ;
#247 = DIRECTION ( 'NONE',  ( 0.000000000000000000, 0.000000000000000000, 1.000000000000000000 ) ) ;
#248 = DIRECTION ( 'NONE',  ( 0.000000000000000000, -1.000000000000000000, 0.000000000000000000 ) ) ;
#249 = EDGE_CURVE ( 'NONE', #859, #2264, #2089, .T. ) ;
#250 = ORIENTED_EDGE ( 'NONE', *, *, #3422, .F. ) ;
#251 = DIRECTION ( 'NONE',  ( 1.000000000000000000, -0.000000000000000000, 0.000000000000000000 ) ) ;
#252 = ORIENTED_EDGE ( 'NONE', *, *, #2092, .T. ) ;
#253 = DIRECTION ( 'NONE',  ( 2.668805347656627171E-16, 0.000000000000000000, 1.000000000000000000 ) ) ;
#254 = CARTESIAN_POINT ( 'NONE',  ( 0.000000000000000000, 3.000000000000000000, 0.000000000000000000 ) ) ;
#255 = ORIENTED_EDGE ( 'NONE', *, *, #979, .T. ) ;
#256 = EDGE_LOOP ( 'NONE', ( #3269, #3543, #2090, #551 ) ) ;
#257 = EDGE_CURVE ( 'NONE', #214, #787, #1519, .T. ) ;
#258 = CARTESIAN_POINT ( 'NONE',  ( 16.52999999999999758, 0.000000000000000000, -4.411535239676402908E-15 ) ) ;
#259 = ORIENTED_EDGE ( 'NONE', *, *, #832, .F. ) ;
#260 = DIRECTION ( 'NONE',  ( -0.000000000000000000, 1.000000000000000000, -0.000000000000000000 ) ) ;
#261 = ORIENTED_EDGE ( 'NONE', *, *, #68, .F. ) ;
#262 = CARTESIAN_POINT ( 'NONE',  ( 60.18000000000001393, 0.000000000000000000, 16.53000000000000114 ) ) ;
#263 = ORIENTED_EDGE ( 'NONE', *, *, #3262, .F. ) ;
#264 = DIRECTION ( 'NONE',  ( -1.059858546495681701E-16, 0.000000000000000000, -1.000000000000000000 ) ) ;
#265 = ORIENTED_EDGE ( 'NONE', *, *, #183, .F. ) ;
#266 = FACE_OUTER_BOUND ( 'NONE', #3221, .T. ) ;
#267 = AXIS2_PLACEMENT_3D ( 'NONE', #678, #2195, #1632 ) ;
#268 = AXIS2_PLACEMENT_3D ( 'NONE', #3133, #3737, #2529 ) ;
#269 = CYLINDRICAL_SURFACE ( 'NONE', #588, 0.5000000000000004441 ) ;
#270 = VERTEX_POINT ( 'NONE', #1483 ) ;
#271 = ORIENTED_EDGE ( 'NONE', *, *, #3770, .T. ) ;
#272 = CIRCLE ( 'NONE', #2461, 0.5000000000000004441 ) ;
#273 = PLANE ( 'NONE',  #584 ) ;
#274 = ORIENTED_EDGE ( 'NONE', *, *, #2883, .F. ) ;
#275 = DIRECTION ( 'NONE',  ( -0.000000000000000000, 1.000000000000000000, -0.000000000000000000 ) ) ;
#276 = VERTEX_POINT ( 'NONE', #3849 ) ;
#277 = DIRECTION ( 'NONE',  ( 0.000000000000000000, 0.000000000000000000, 1.000000000000000000 ) ) ;
#278 = LINE ( 'NONE', #1478, #93 ) ;
#279 = DIRECTION ( 'NONE',  ( 0.000000000000000000, 0.000000000000000000, 1.000000000000000000 ) ) ;
#280 = VERTEX_POINT ( 'NONE', #932 ) ;
#281 = CIRCLE ( 'NONE', #1287, 4.999999999999997335 ) ;
#282 = LINE ( 'NONE', #319, #672 ) ;
#283 = EDGE_LOOP ( 'NONE', ( #2150, #642, #2773, #274, #2935, #1593, #1170, #781 ) ) ;
#284 = DIRECTION ( 'NONE',  ( -0.000000000000000000, 1.000000000000000000, -0.000000000000000000 ) ) ;
#285 = LINE ( 'NONE', #3564, #1464 ) ;
#286 = EDGE_CURVE ( 'NONE', #152, #1482, #2125, .T. ) ;
#287 = VECTOR ( 'NONE', #3826, 1000.000000000000000 ) ;
#288 = ORIENTED_EDGE ( 'NONE', *, *, #61, .T. ) ;
#289 = ORIENTED_EDGE ( 'NONE', *, *, #1026, .F. ) ;
#290 = AXIS2_PLACEMENT_3D ( 'NONE', #3643, #1300, #3063 ) ;
#291 = EDGE_CURVE ( 'NONE', #2488, #920, #1426, .T. ) ;
#292 = CARTESIAN_POINT ( 'NONE',  ( 108.7500000000000000, 3.000000000000000000, -64.50999999999999091 ) ) ;
#293 = VERTEX_POINT ( 'NONE', #1229 ) ;
#294 = AXIS2_PLACEMENT_3D ( 'NONE', #1969, #566, #801 ) ;
#295 = VECTOR ( 'NONE', #1064, 1000.000000000000000 ) ;
#296 =( NAMED_UNIT ( * ) PLANE_ANGLE_UNIT ( ) SI_UNIT ( $, .RADIAN. ) );
#297 = CARTESIAN_POINT ( 'NONE',  ( 2.530000000000002025, 3.000000000000000000, 16.02999999999999758 ) ) ;
#298 = CYLINDRICAL_SURFACE ( 'NONE', #858, 0.5000000000000004441 ) ;
#299 = ADVANCED_FACE ( 'NONE', ( #2418 ), #336, .F. ) ;
#300 = CARTESIAN_POINT ( 'NONE',  ( 22.08000000000000185, 0.000000000000000000, 16.02999999999999758 ) ) ;
#301 = ORIENTED_EDGE ( 'NONE', *, *, #1544, .T. ) ;
#302 = DIRECTION ( 'NONE',  ( -0.000000000000000000, -1.000000000000000000, 0.000000000000000000 ) ) ;
#303 = VERTEX_POINT ( 'NONE', #2657 ) ;
#304 = CYLINDRICAL_SURFACE ( 'NONE', #738, 0.5000000000000004441 ) ;
#305 = CARTESIAN_POINT ( 'NONE',  ( 0.000000000000000000, 0.000000000000000000, 2.529999999999999805 ) ) ;
#306 = ORIENTED_EDGE ( 'NONE', *, *, #2086, .T. ) ;
#307 = ORIENTED_EDGE ( 'NONE', *, *, #2988, .T. ) ;
#308 = DIRECTION ( 'NONE',  ( -0.000000000000000000, -1.000000000000000000, 0.000000000000000000 ) ) ;
#309 = ADVANCED_FACE ( 'NONE', ( #1763 ), #1798, .F. ) ;
#310 = ORIENTED_EDGE ( 'NONE', *, *, #3294, .T. ) ;
#311 = ORIENTED_EDGE ( 'NONE', *, *, #1688, .F. ) ;
#312 = EDGE_CURVE ( 'NONE', #3800, #111, #3484, .T. ) ;
#313 = ORIENTED_EDGE ( 'NONE', *, *, #778, .T. ) ;
#314 =( LENGTH_UNIT ( ) NAMED_UNIT ( * ) SI_UNIT ( .MILLI., .METRE. ) );
#315 = DIRECTION ( 'NONE',  ( 1.000000000000000000, 0.000000000000000000, 0.000000000000000000 ) ) ;
#316 = LINE ( 'NONE', #3846, #2852 ) ;
#317 = DIRECTION ( 'NONE',  ( 0.000000000000000000, 0.000000000000000000, 1.000000000000000000 ) ) ;
#318 = ORIENTED_EDGE ( 'NONE', *, *, #3078, .T. ) ;
#319 = CARTESIAN_POINT ( 'NONE',  ( 78.72999999999998977, 0.000000000000000000, 0.000000000000000000 ) ) ;
#320 = ORIENTED_EDGE ( 'NONE', *, *, #2204, .T. ) ;
#321 = EDGE_CURVE ( 'NONE', #1541, #2684, #1536, .T. ) ;
#322 = CARTESIAN_POINT ( 'NONE',  ( 60.17999999999999261, 3.000000000000000000, 22.28259228293302741 ) ) ;
#323 = CARTESIAN_POINT ( 'NONE',  ( 60.18000000000001393, 3.000000000000000000, 2.529999999999999805 ) ) ;
#324 = CIRCLE ( 'NONE', #516, 1.699999999999993072 ) ;
#325 = VERTEX_POINT ( 'NONE', #2728 ) ;
#326 = ORIENTED_EDGE ( 'NONE', *, *, #145, .F. ) ;
#327 = CIRCLE ( 'NONE', #1645, 0.5000000000000004441 ) ;
#328 = FACE_OUTER_BOUND ( 'NONE', #2445, .T. ) ;
#329 = VERTEX_POINT ( 'NONE', #49 ) ;
#330 = ORIENTED_EDGE ( 'NONE', *, *, #1758, .T. ) ;
#331 = AXIS2_PLACEMENT_3D ( 'NONE', #3480, #486, #3521 ) ;
#332 = CARTESIAN_POINT ( 'NONE',  ( 21.58000000000000185, 3.000000000000000000, 3.030000000000003357 ) ) ;
#333 = EDGE_CURVE ( 'NONE', #2864, #3850, #2973, .T. ) ;
#334 = CARTESIAN_POINT ( 'NONE',  ( 16.03000000000000469, 0.000000000000000000, 35.28259228293302385 ) ) ;
#335 = EDGE_LOOP ( 'NONE', ( #2080, #3117, #3114, #2694 ) ) ;
#336 = PLANE ( 'NONE',  #2233 ) ;
#337 = ORIENTED_EDGE ( 'NONE', *, *, #2275, .T. ) ;
#338 = DIRECTION ( 'NONE',  ( 0.000000000000000000, 0.000000000000000000, 1.000000000000000000 ) ) ;
#339 = ADVANCED_FACE ( 'NONE', ( #564 ), #2951, .F. ) ;
#340 = VECTOR ( 'NONE', #785, 1000.000000000000000 ) ;
#341 = DIRECTION ( 'NONE',  ( 0.000000000000000000, 0.000000000000000000, 1.000000000000000000 ) ) ;
#342 = VERTEX_POINT ( 'NONE', #622 ) ;
#343 = VERTEX_POINT ( 'NONE', #1817 ) ;
#344 = CARTESIAN_POINT ( 'NONE',  ( 2.530000000000005134, 0.000000000000000000, 35.28259228293302385 ) ) ;
#345 = CIRCLE ( 'NONE', #37, 0.5000000000000004441 ) ;
#346 = EDGE_CURVE ( 'NONE', #3028, #916, #1555, .T. ) ;
#347 = CARTESIAN_POINT ( 'NONE',  ( 73.18000000000000682, 0.000000000000000000, 3.029999999999999805 ) ) ;
#348 = ORIENTED_EDGE ( 'NONE', *, *, #175, .F. ) ;
#349 = EDGE_LOOP ( 'NONE', ( #2530, #2206, #1371, #2608 ) ) ;
#350 = AXIS2_PLACEMENT_3D ( 'NONE', #1359, #1696, #2562 ) ;
#351 = CARTESIAN_POINT ( 'NONE',  ( 89.08138121000000353, 0.000000000000000000, -24.79170859000000249 ) ) ;
#352 = AXIS2_PLACEMENT_3D ( 'NONE', #334, #2213, #44 ) ;
#353 = CIRCLE ( 'NONE', #795, 0.5000000000000004441 ) ;
#354 = CARTESIAN_POINT ( 'NONE',  ( 60.18000000000001393, 0.000000000000000000, 2.529999999999999805 ) ) ;
#355 = CIRCLE ( 'NONE', #2555, 0.5000000000000004441 ) ;
#356 = EDGE_CURVE ( 'NONE', #2950, #903, #967, .T. ) ;
#357 = CARTESIAN_POINT ( 'NONE',  ( 108.7500000000000000, 0.000000000000000000, 45.27000000000000313 ) ) ;
#358 = CARTESIAN_POINT ( 'NONE',  ( 54.62999999999999545, 0.000000000000000000, -2.915936722849630574E-14 ) ) ;
#359 = ORIENTED_EDGE ( 'NONE', *, *, #3868, .T. ) ;
#360 = CIRCLE ( 'NONE', #2932, 0.5000000000000004441 ) ;
#361 = FACE_BOUND ( 'NONE', #605, .T. ) ;
#362 = CARTESIAN_POINT ( 'NONE',  ( 21.58000000000000185, 0.000000000000000000, 35.28259228293302385 ) ) ;
#363 = EDGE_CURVE ( 'NONE', #2307, #3033, #2216, .T. ) ;
#364 = ADVANCED_FACE ( 'NONE', ( #1886 ), #3688, .F. ) ;
#365 = FACE_OUTER_BOUND ( 'NONE', #2404, .T. ) ;
#366 = ORIENTED_EDGE ( 'NONE', *, *, #1320, .F. ) ;
#367 = ORIENTED_EDGE ( 'NONE', *, *, #2385, .F. ) ;
#368 = DIRECTION ( 'NONE',  ( 0.000000000000000000, 0.000000000000000000, 1.000000000000000000 ) ) ;
#369 = CARTESIAN_POINT ( 'NONE',  ( 28.74999999999999645, 0.000000000000000000, 50.27000000000000313 ) ) ;
#370 = EDGE_LOOP ( 'NONE', ( #621, #950, #3602, #3620 ) ) ;
#371 = VERTEX_POINT ( 'NONE', #3706 ) ;
#372 = ADVANCED_FACE ( 'NONE', ( #2196, #3670, #1266, #1573, #2500, #735, #361, #377, #2458, #2785, #399, #2825, #3649, #1322, #3105 ), #1616, .T. ) ;
#373 = PLANE ( 'NONE',  #791 ) ;
#374 = CARTESIAN_POINT ( 'NONE',  ( 0.000000000000000000, 0.000000000000000000, 21.78259228293302741 ) ) ;
#375 = CARTESIAN_POINT ( 'NONE',  ( 73.68000000000000682, 0.000000000000000000, 16.02999999999999758 ) ) ;
#376 = ORIENTED_EDGE ( 'NONE', *, *, #228, .F. ) ;
#377 = FACE_BOUND ( 'NONE', #3587, .T. ) ;
#378 = CARTESIAN_POINT ( 'NONE',  ( 78.72999999999998977, 3.000000000000000000, -0.000000000000000000 ) ) ;
#379 = DIRECTION ( 'NONE',  ( -3.614007241618347785E-16, 1.000000000000000000, -0.000000000000000000 ) ) ;
#380 = ORIENTED_EDGE ( 'NONE', *, *, #893, .F. ) ;
#381 = ORIENTED_EDGE ( 'NONE', *, *, #2039, .F. ) ;
#382 = EDGE_CURVE ( 'NONE', #3759, #1211, #3049, .T. ) ;
#383 = LINE ( 'NONE', #2794, #108 ) ;
#384 = ORIENTED_EDGE ( 'NONE', *, *, #505, .T. ) ;
#385 = CIRCLE ( 'NONE', #892, 0.5000000000000004441 ) ;
#386 = LINE ( 'NONE', #150, #957 ) ;
#387 = ORIENTED_EDGE ( 'NONE', *, *, #1073, .F. ) ;
#388 = EDGE_LOOP ( 'NONE', ( #1098, #2033, #1816, #3489 ) ) ;
#389 = VECTOR ( 'NONE', #797, 1000.000000000000000 ) ;
#390 = FACE_OUTER_BOUND ( 'NONE', #2699, .T. ) ;
#391 = EDGE_CURVE ( 'NONE', #1344, #2389, #126, .T. ) ;
#392 = DIRECTION ( 'NONE',  ( -0.000000000000000000, 1.000000000000000000, 0.000000000000000000 ) ) ;
#393 = VECTOR ( 'NONE', #868, 1000.000000000000000 ) ;
#394 = CARTESIAN_POINT ( 'NONE',  ( 76.88138121000001490, 0.000000000000000000, -13.18999999999999950 ) ) ;
#395 = AXIS2_PLACEMENT_3D ( 'NONE', #3254, #2716, #1196 ) ;
#396 = CARTESIAN_POINT ( 'NONE',  ( 21.58000000000000185, 0.000000000000000000, 0.000000000000000000 ) ) ;
#397 = CARTESIAN_POINT ( 'NONE',  ( 43.75000000000000000, 3.000000000000000000, -69.50999999999997669 ) ) ;
#398 = ORIENTED_EDGE ( 'NONE', *, *, #2639, .F. ) ;
#399 = FACE_BOUND ( 'NONE', #3847, .T. ) ;
#400 = LINE ( 'NONE', #3707, #802 ) ;
#401 = CARTESIAN_POINT ( 'NONE',  ( 41.13000000000000256, 3.000000000000000000, 35.78259228293302385 ) ) ;
#402 = VERTEX_POINT ( 'NONE', #3377 ) ;
#403 = VERTEX_POINT ( 'NONE', #143 ) ;
#404 = FACE_OUTER_BOUND ( 'NONE', #966, .T. ) ;
#405 = CIRCLE ( 'NONE', #3599, 0.5000000000000004441 ) ;
#406 = EDGE_CURVE ( 'NONE', #1466, #1399, #105, .T. ) ;
#407 = ORIENTED_EDGE ( 'NONE', *, *, #3162, .F. ) ;
#408 = CARTESIAN_POINT ( 'NONE',  ( 92.72999999999998977, 0.000000000000000000, 0.000000000000000000 ) ) ;
#409 = EDGE_LOOP ( 'NONE', ( #3821, #2126, #1290, #1345 ) ) ;
#410 = ORIENTED_EDGE ( 'NONE', *, *, #2423, .F. ) ;
#411 = CARTESIAN_POINT ( 'NONE',  ( 0.000000000000000000, 3.000000000000000000, 2.529999999999999805 ) ) ;
#412 = AXIS2_PLACEMENT_3D ( 'NONE', #1224, #633, #279 ) ;
#413 = DIRECTION ( 'NONE',  ( 1.000000000000000000, -0.000000000000000000, 0.000000000000000000 ) ) ;
#414 = AXIS2_PLACEMENT_3D ( 'NONE', #3664, #3391, #1000 ) ;
#415 = DIRECTION ( 'NONE',  ( 0.000000000000000000, 0.000000000000000000, 1.000000000000000000 ) ) ;
#416 = VECTOR ( 'NONE', #2072, 1000.000000000000000 ) ;
#417 = CYLINDRICAL_SURFACE ( 'NONE', #267, 0.5000000000000004441 ) ;
#418 = CARTESIAN_POINT ( 'NONE',  ( 103.7500000000000000, 3.000000000000000000, -66.20999999999997954 ) ) ;
#419 = CARTESIAN_POINT ( 'NONE',  ( 60.17999999999999972, 0.000000000000000000, 21.78259228293302741 ) ) ;
#420 = VECTOR ( 'NONE', #1456, 1000.000000000000000 ) ;
#421 = EDGE_CURVE ( 'NONE', #3270, #2864, #1306, .T. ) ;
#422 = VECTOR ( 'NONE', #3395, 1000.000000000000000 ) ;
#423 = FACE_OUTER_BOUND ( 'NONE', #700, .T. ) ;
#424 = DIRECTION ( 'NONE',  ( -0.000000000000000000, 1.000000000000000000, -0.000000000000000000 ) ) ;
#425 = DIRECTION ( 'NONE',  ( 0.000000000000000000, 0.000000000000000000, 1.000000000000000000 ) ) ;
#426 = VERTEX_POINT ( 'NONE', #418 ) ;
#427 = LINE ( 'NONE', #3681, #1580 ) ;
#428 = ORIENTED_EDGE ( 'NONE', *, *, #654, .T. ) ;
#429 = VERTEX_POINT ( 'NONE', #2440 ) ;
#430 = ADVANCED_FACE ( 'NONE', ( #2478 ), #987, .T. ) ;
#431 = DIRECTION ( 'NONE',  ( 0.000000000000000000, 0.000000000000000000, 1.000000000000000000 ) ) ;
#432 = CARTESIAN_POINT ( 'NONE',  ( 0.000000000000000000, 0.000000000000000000, 21.78259228293302741 ) ) ;
#433 = FACE_OUTER_BOUND ( 'NONE', #1855, .T. ) ;
#434 = EDGE_CURVE ( 'NONE', #214, #1072, #1003, .T. ) ;
#435 = EDGE_CURVE ( 'NONE', #2202, #706, #3234, .T. ) ;
#436 = DIRECTION ( 'NONE',  ( 0.000000000000000000, 1.000000000000000000, 0.000000000000000000 ) ) ;
#437 = LINE ( 'NONE', #2782, #1707 ) ;
#438 = DIRECTION ( 'NONE',  ( 2.668805347656626678E-16, 0.000000000000000000, 1.000000000000000000 ) ) ;
#439 = DIRECTION ( 'NONE',  ( 0.000000000000000000, 0.000000000000000000, 1.000000000000000000 ) ) ;
#440 = DIRECTION ( 'NONE',  ( -0.000000000000000000, 1.000000000000000000, -0.000000000000000000 ) ) ;
#441 = EDGE_CURVE ( 'NONE', #2264, #1164, #2227, .T. ) ;
#442 = VERTEX_POINT ( 'NONE', #1084 ) ;
#443 = ORIENTED_EDGE ( 'NONE', *, *, #12, .T. ) ;
#444 = DIRECTION ( 'NONE',  ( 0.000000000000000000, 0.000000000000000000, 1.000000000000000000 ) ) ;
#445 = EDGE_LOOP ( 'NONE', ( #1049, #1265, #2231, #2441 ) ) ;
#446 = CARTESIAN_POINT ( 'NONE',  ( 92.23000000000000398, 0.000000000000000000, 16.02999999999999758 ) ) ;
#447 = ORIENTED_EDGE ( 'NONE', *, *, #1706, .F. ) ;
#448 = CARTESIAN_POINT ( 'NONE',  ( 16.03000000000000469, 0.000000000000000000, 35.78259228293302385 ) ) ;
#449 = FACE_BOUND ( 'NONE', #237, .T. ) ;
#450 = CARTESIAN_POINT ( 'NONE',  ( 89.58138121000000353, -6.999999999999996447, -24.79170859000000249 ) ) ;
#451 = LINE ( 'NONE', #473, #2042 ) ;
#452 = ADVANCED_FACE ( 'NONE', ( #3163 ), #3764, .F. ) ;
#453 = DIRECTION ( 'NONE',  ( 0.000000000000000000, 0.000000000000000000, 1.000000000000000000 ) ) ;
#454 = DIRECTION ( 'NONE',  ( 0.000000000000000000, 0.000000000000000000, 1.000000000000000000 ) ) ;
#455 = DIRECTION ( 'NONE',  ( -0.000000000000000000, -1.000000000000000000, -0.000000000000000000 ) ) ;
#456 = ADVANCED_FACE ( 'NONE', ( #3747 ), #2537, .F. ) ;
#457 = LINE ( 'NONE', #3749, #1516 ) ;
#458 = FACE_OUTER_BOUND ( 'NONE', #2929, .T. ) ;
#459 = EDGE_LOOP ( 'NONE', ( #2372, #2134, #1009, #2201 ) ) ;
#460 = LINE ( 'NONE', #3678, #3860 ) ;
#461 = ADVANCED_FACE ( 'NONE', ( #1340 ), #2256, .F. ) ;
#462 = EDGE_LOOP ( 'NONE', ( #3445, #3715, #2097, #3718 ) ) ;
#463 = DIRECTION ( 'NONE',  ( 0.000000000000000000, -1.000000000000000000, 0.000000000000000000 ) ) ;
#464 = EDGE_LOOP ( 'NONE', ( #1184, #884, #2921, #2124 ) ) ;
#465 = VERTEX_POINT ( 'NONE', #1653 ) ;
#466 = EDGE_CURVE ( 'NONE', #1913, #1564, #1674, .T. ) ;
#467 = DIRECTION ( 'NONE',  ( -0.000000000000000000, 1.000000000000000000, -0.000000000000000000 ) ) ;
#468 = FACE_BOUND ( 'NONE', #3779, .T. ) ;
#469 = AXIS2_PLACEMENT_3D ( 'NONE', #1847, #1884, #103 ) ;
#470 = ORIENTED_EDGE ( 'NONE', *, *, #1761, .T. ) ;
#471 = CARTESIAN_POINT ( 'NONE',  ( 54.62999999999999545, 0.000000000000000000, 3.030000000000003357 ) ) ;
#472 = VECTOR ( 'NONE', #438, 1000.000000000000000 ) ;
#473 = CARTESIAN_POINT ( 'NONE',  ( 73.67999999999999261, 0.000000000000000000, 0.000000000000000000 ) ) ;
#474 = DIRECTION ( 'NONE',  ( 0.000000000000000000, 0.000000000000000000, 1.000000000000000000 ) ) ;
#475 = DIRECTION ( 'NONE',  ( 0.000000000000000000, 0.000000000000000000, 1.000000000000000000 ) ) ;
#476 = PLANE ( 'NONE',  #1864 ) ;
#477 = EDGE_CURVE ( 'NONE', #1025, #3301, #792, .T. ) ;
#478 = DIRECTION ( 'NONE',  ( 0.000000000000000000, 0.000000000000000000, 1.000000000000000000 ) ) ;
#479 = AXIS2_PLACEMENT_3D ( 'NONE', #1153, #1132, #3813 ) ;
#480 = DIRECTION ( 'NONE',  ( 0.000000000000000000, 1.000000000000000000, -0.000000000000000000 ) ) ;
#481 = ORIENTED_EDGE ( 'NONE', *, *, #2330, .T. ) ;
#482 = PLANE ( 'NONE',  #1243 ) ;
#483 = EDGE_CURVE ( 'NONE', #3270, #3158, #2869, .T. ) ;
#484 = AXIS2_PLACEMENT_3D ( 'NONE', #3068, #988, #2183 ) ;
#485 = EDGE_LOOP ( 'NONE', ( #819, #2878, #348, #1918 ) ) ;
#486 = DIRECTION ( 'NONE',  ( 0.000000000000000000, 0.000000000000000000, 1.000000000000000000 ) ) ;
#487 = ORIENTED_EDGE ( 'NONE', *, *, #872, .F. ) ;
#488 = EDGE_LOOP ( 'NONE', ( #3075, #3056, #271, #3511, #1832, #1534, #1600, #2957 ) ) ;
#489 = AXIS2_PLACEMENT_3D ( 'NONE', #3405, #136, #79 ) ;
#490 = CARTESIAN_POINT ( 'NONE',  ( 73.17999999999999261, 0.000000000000000000, 21.78259228293302741 ) ) ;
#491 = FACE_BOUND ( 'NONE', #1054, .T. ) ;
#492 = ORIENTED_EDGE ( 'NONE', *, *, #2435, .F. ) ;
#493 = EDGE_CURVE ( 'NONE', #442, #3339, #667, .T. ) ;
#494 = CARTESIAN_POINT ( 'NONE',  ( 79.22999999999998977, 3.000000000000000000, 22.28259228293302741 ) ) ;
#495 = DIRECTION ( 'NONE',  ( -0.000000000000000000, 1.000000000000000000, -0.000000000000000000 ) ) ;
#496 = CARTESIAN_POINT ( 'NONE',  ( 73.67999999999999261, 0.000000000000000000, 0.000000000000000000 ) ) ;
#497 = LINE ( 'NONE', #3786, #3171 ) ;
#498 = CARTESIAN_POINT ( 'NONE',  ( 41.12999999999999545, 3.000000000000000000, 22.28259228293302741 ) ) ;
#499 = SURFACE_STYLE_FILL_AREA ( #1966 ) ;
#500 = LINE ( 'NONE', #2625, #2484 ) ;
#501 = EDGE_LOOP ( 'NONE', ( #2439, #1526, #3174, #3014 ) ) ;
#502 = LINE ( 'NONE', #1409, #45 ) ;
#503 = VERTEX_POINT ( 'NONE', #203 ) ;
#504 = LINE ( 'NONE', #527, #3708 ) ;
#505 = EDGE_CURVE ( 'NONE', #3565, #2884, #101, .T. ) ;
#506 = ORIENTED_EDGE ( 'NONE', *, *, #493, .F. ) ;
#507 = ORIENTED_EDGE ( 'NONE', *, *, #2352, .T. ) ;
#508 = DIRECTION ( 'NONE',  ( 0.000000000000000000, 1.000000000000000000, -0.000000000000000000 ) ) ;
#509 = FACE_BOUND ( 'NONE', #488, .T. ) ;
#510 = VERTEX_POINT ( 'NONE', #2621 ) ;
#511 = LINE ( 'NONE', #450, #2790 ) ;
#512 = ADVANCED_FACE ( 'NONE', ( #2299 ), #1945, .F. ) ;
#513 = EDGE_LOOP ( 'NONE', ( #3648, #1691, #2649, #885, #3290, #3383, #70, #506 ) ) ;
#514 = FACE_OUTER_BOUND ( 'NONE', #1644, .T. ) ;
#515 = CARTESIAN_POINT ( 'NONE',  ( 78.72999999999998977, 0.000000000000000000, 0.000000000000000000 ) ) ;
#516 = AXIS2_PLACEMENT_3D ( 'NONE', #1282, #1422, #247 ) ;
#517 = DIRECTION ( 'NONE',  ( 1.000000000000000000, -0.000000000000000000, 0.000000000000000000 ) ) ;
#518 = CARTESIAN_POINT ( 'NONE',  ( 54.62999999999999545, 3.000000000000000000, 35.28259228293302385 ) ) ;
#519 = CIRCLE ( 'NONE', #81, 0.5000000000000004441 ) ;
#520 = CARTESIAN_POINT ( 'NONE',  ( 35.07999999999999829, 0.000000000000000000, 16.02999999999999758 ) ) ;
#521 = VECTOR ( 'NONE', #1450, 1000.000000000000000 ) ;
#522 = CARTESIAN_POINT ( 'NONE',  ( 35.07999999999999829, 0.000000000000000000, 2.529999999999999805 ) ) ;
#523 = ORIENTED_EDGE ( 'NONE', *, *, #3442, .T. ) ;
#524 = LINE ( 'NONE', #1385, #2053 ) ;
#525 = VECTOR ( 'NONE', #1405, 1000.000000000000000 ) ;
#526 = ORIENTED_EDGE ( 'NONE', *, *, #1355, .T. ) ;
#527 = CARTESIAN_POINT ( 'NONE',  ( 89.58138121000000353, 0.000000000000000000, 0.000000000000000000 ) ) ;
#528 = ORIENTED_EDGE ( 'NONE', *, *, #711, .F. ) ;
#529 = VERTEX_POINT ( 'NONE', #3205 ) ;
#530 = EDGE_CURVE ( 'NONE', #1528, #2013, #3808, .T. ) ;
#531 = CARTESIAN_POINT ( 'NONE',  ( 0.000000000000000000, 0.000000000000000000, 21.78259228293302741 ) ) ;
#532 = PLANE ( 'NONE',  #536 ) ;
#533 = ORIENTED_EDGE ( 'NONE', *, *, #3226, .F. ) ;
#534 = FACE_OUTER_BOUND ( 'NONE', #2925, .T. ) ;
#535 = ADVANCED_FACE ( 'NONE', ( #2844 ), #3469, .F. ) ;
#536 = AXIS2_PLACEMENT_3D ( 'NONE', #2862, #2903, #3758 ) ;
#537 = EDGE_LOOP ( 'NONE', ( #2711, #428, #2734, #492 ) ) ;
#538 = CARTESIAN_POINT ( 'NONE',  ( 54.12999999999999545, 3.000000000000000000, 3.029999999999999805 ) ) ;
#539 = FACE_OUTER_BOUND ( 'NONE', #3876, .T. ) ;
#540 = CYLINDRICAL_SURFACE ( 'NONE', #3663, 3.499999999999999556 ) ;
#541 = DIRECTION ( 'NONE',  ( 1.000000000000000000, 0.000000000000000000, -0.000000000000000000 ) ) ;
#542 = AXIS2_PLACEMENT_3D ( 'NONE', #2194, #1591, #946 ) ;
#543 = DIRECTION ( 'NONE',  ( 0.000000000000000000, 0.000000000000000000, 1.000000000000000000 ) ) ;
#544 = CARTESIAN_POINT ( 'NONE',  ( 22.08000000000000185, 0.000000000000000000, 22.28259228293302741 ) ) ;
#545 = EDGE_LOOP ( 'NONE', ( #2113, #3021, #1625, #387 ) ) ;
#546 = ADVANCED_FACE ( 'NONE', ( #2580 ), #540, .F. ) ;
#547 = DIRECTION ( 'NONE',  ( -0.000000000000000000, 1.000000000000000000, -0.000000000000000000 ) ) ;
#548 = AXIS2_PLACEMENT_3D ( 'NONE', #3280, #3534, #2394 ) ;
#549 = DIRECTION ( 'NONE',  ( 0.000000000000000000, 0.000000000000000000, 1.000000000000000000 ) ) ;
#550 = ORIENTED_EDGE ( 'NONE', *, *, #1, .F. ) ;
#551 = ORIENTED_EDGE ( 'NONE', *, *, #3059, .T. ) ;
#552 = CIRCLE ( 'NONE', #2617, 0.5000000000000004441 ) ;
#553 = CARTESIAN_POINT ( 'NONE',  ( 22.08000000000000185, 0.000000000000000000, 16.02999999999999758 ) ) ;
#554 = FACE_OUTER_BOUND ( 'NONE', #2060, .T. ) ;
#555 = AXIS2_PLACEMENT_3D ( 'NONE', #1381, #1424, #816 ) ;
#556 = ORIENTED_EDGE ( 'NONE', *, *, #205, .T. ) ;
#557 = DIRECTION ( 'NONE',  ( -0.000000000000000000, 1.000000000000000000, -0.000000000000000000 ) ) ;
#558 = VERTEX_POINT ( 'NONE', #2319 ) ;
#559 = CARTESIAN_POINT ( 'NONE',  ( 21.58000000000000185, 3.000000000000000000, 16.02999999999999758 ) ) ;
#560 = EDGE_CURVE ( 'NONE', #303, #1136, #497, .T. ) ;
#561 = EDGE_CURVE ( 'NONE', #1179, #2884, #2909, .T. ) ;
#562 = CARTESIAN_POINT ( 'NONE',  ( 28.74999999999999645, 3.000000000000000444, 50.27000000000000313 ) ) ;
#563 = ORIENTED_EDGE ( 'NONE', *, *, #832, .T. ) ;
#564 = FACE_OUTER_BOUND ( 'NONE', #3814, .T. ) ;
#565 = ORIENTED_EDGE ( 'NONE', *, *, #2132, .F. ) ;
#566 = DIRECTION ( 'NONE',  ( 0.000000000000000000, 1.000000000000000000, -0.000000000000000000 ) ) ;
#567 = EDGE_CURVE ( 'NONE', #1564, #1917, #2788, .T. ) ;
#568 = DIRECTION ( 'NONE',  ( 0.000000000000000000, 0.000000000000000000, 1.000000000000000000 ) ) ;
#569 = VERTEX_POINT ( 'NONE', #2240 ) ;
#570 = ORIENTED_EDGE ( 'NONE', *, *, #769, .F. ) ;
#571 = DIRECTION ( 'NONE',  ( 0.000000000000000000, 0.000000000000000000, 1.000000000000000000 ) ) ;
#572 = VERTEX_POINT ( 'NONE', #1759 ) ;
#573 = DIRECTION ( 'NONE',  ( -0.000000000000000000, 1.000000000000000000, -0.000000000000000000 ) ) ;
#574 = ORIENTED_EDGE ( 'NONE', *, *, #2740, .F. ) ;
#575 = LINE ( 'NONE', #2689, #1661 ) ;
#576 = CARTESIAN_POINT ( 'NONE',  ( 79.22999999999998977, 0.000000000000000000, 35.28259228293302385 ) ) ;
#577 = ADVANCED_FACE ( 'NONE', ( #2049 ), #2342, .F. ) ;
#578 = ORIENTED_EDGE ( 'NONE', *, *, #2276, .F. ) ;
#579 = CARTESIAN_POINT ( 'NONE',  ( 21.58000000000000185, 0.000000000000000000, 22.28259228293302741 ) ) ;
#580 = ORIENTED_EDGE ( 'NONE', *, *, #3250, .F. ) ;
#581 = DIRECTION ( 'NONE',  ( 0.000000000000000000, 0.000000000000000000, 1.000000000000000000 ) ) ;
#582 = AXIS2_PLACEMENT_3D ( 'NONE', #300, #912, #3575 ) ;
#583 = EDGE_CURVE ( 'NONE', #828, #2310, #3246, .T. ) ;
#584 = AXIS2_PLACEMENT_3D ( 'NONE', #3001, #589, #923 ) ;
#585 = DIRECTION ( 'NONE',  ( 0.000000000000000000, 0.000000000000000000, 1.000000000000000000 ) ) ;
#586 = VERTEX_POINT ( 'NONE', #2948 ) ;
#587 = ORIENTED_EDGE ( 'NONE', *, *, #363, .F. ) ;
#588 = AXIS2_PLACEMENT_3D ( 'NONE', #3619, #3322, #585 ) ;
#589 = DIRECTION ( 'NONE',  ( 1.000000000000000000, 0.000000000000000000, -0.000000000000000000 ) ) ;
#590 = VERTEX_POINT ( 'NONE', #2358 ) ;
#591 = EDGE_CURVE ( 'NONE', #828, #2556, #3574, .T. ) ;
#592 = ORIENTED_EDGE ( 'NONE', *, *, #59, .F. ) ;
#593 = DIRECTION ( 'NONE',  ( -0.000000000000000000, 1.000000000000000000, -0.000000000000000000 ) ) ;
#594 = LINE ( 'NONE', #23, #1846 ) ;
#595 = CARTESIAN_POINT ( 'NONE',  ( 43.75000000000000000, 3.000000000000000000, -69.50999999999997669 ) ) ;
#596 = AXIS2_PLACEMENT_3D ( 'NONE', #1865, #3062, #2820 ) ;
#597 = ORIENTED_EDGE ( 'NONE', *, *, #2285, .T. ) ;
#598 = VECTOR ( 'NONE', #1400, 1000.000000000000000 ) ;
#599 = CARTESIAN_POINT ( 'NONE',  ( 92.73000000000000398, 0.000000000000000000, 0.000000000000000000 ) ) ;
#600 = ORIENTED_EDGE ( 'NONE', *, *, #3046, .F. ) ;
#601 = DIRECTION ( 'NONE',  ( -1.000000000000000000, 0.000000000000000000, 0.000000000000000000 ) ) ;
#602 = VECTOR ( 'NONE', #3631, 1000.000000000000000 ) ;
#603 = EDGE_CURVE ( 'NONE', #3517, #2682, #1813, .T. ) ;
#604 = CARTESIAN_POINT ( 'NONE',  ( 92.22999999999998977, 0.000000000000000000, 22.28259228293302741 ) ) ;
#605 = EDGE_LOOP ( 'NONE', ( #1484, #943, #841, #2261, #3155, #973, #2549, #366 ) ) ;
#606 = ORIENTED_EDGE ( 'NONE', *, *, #382, .T. ) ;
#607 = EDGE_CURVE ( 'NONE', #3559, #2345, #2655, .T. ) ;
#608 = EDGE_CURVE ( 'NONE', #1715, #1754, #316, .T. ) ;
#609 = AXIS2_PLACEMENT_3D ( 'NONE', #494, #3431, #3463 ) ;
#610 = VECTOR ( 'NONE', #2566, 1000.000000000000000 ) ;
#611 = CARTESIAN_POINT ( 'NONE',  ( 54.62999999999999545, 0.000000000000000000, 3.030000000000003357 ) ) ;
#612 = ORIENTED_EDGE ( 'NONE', *, *, #1894, .F. ) ;
#613 = VECTOR ( 'NONE', #1755, 1000.000000000000000 ) ;
#614 = VECTOR ( 'NONE', #1872, 1000.000000000000000 ) ;
#615 = VERTEX_POINT ( 'NONE', #1828 ) ;
#616 = ADVANCED_FACE ( 'NONE', ( #3006 ), #3557, .F. ) ;
#617 = LINE ( 'NONE', #1812, #2912 ) ;
#618 = CARTESIAN_POINT ( 'NONE',  ( 21.58000000000000185, 3.000000000000000000, 35.28259228293302385 ) ) ;
#619 = VECTOR ( 'NONE', #3238, 1000.000000000000000 ) ;
#620 = CARTESIAN_POINT ( 'NONE',  ( 22.08000000000000185, 0.000000000000000000, 3.029999999999999805 ) ) ;
#621 = ORIENTED_EDGE ( 'NONE', *, *, #2639, .T. ) ;
#622 = CARTESIAN_POINT ( 'NONE',  ( 76.88138121000000069, 0.000000000000000000, -24.79170859000000249 ) ) ;
#623 = ORIENTED_EDGE ( 'NONE', *, *, #2787, .F. ) ;
#624 = DIRECTION ( 'NONE',  ( 1.000000000000000000, -0.000000000000000000, 0.000000000000000000 ) ) ;
#625 = LINE ( 'NONE', #1820, #2768 ) ;
#626 = ORIENTED_EDGE ( 'NONE', *, *, #1629, .F. ) ;
#627 = EDGE_LOOP ( 'NONE', ( #3536, #1384, #9, #2662 ) ) ;
#628 = ADVANCED_FACE ( 'NONE', ( #2990 ), #2070, .F. ) ;
#629 = DIRECTION ( 'NONE',  ( 0.000000000000000000, 1.000000000000000000, -0.000000000000000000 ) ) ;
#630 = VERTEX_POINT ( 'NONE', #3264 ) ;
#631 = VERTEX_POINT ( 'NONE', #618 ) ;
#632 = CARTESIAN_POINT ( 'NONE',  ( 35.57999999999999829, 0.000000000000000000, 35.28259228293302385 ) ) ;
#633 = DIRECTION ( 'NONE',  ( -0.000000000000000000, 1.000000000000000000, -0.000000000000000000 ) ) ;
#634 = ADVANCED_FACE ( 'NONE', ( #1443 ), #298, .F. ) ;
#635 = CYLINDRICAL_SURFACE ( 'NONE', #582, 0.5000000000000004441 ) ;
#636 = ORIENTED_EDGE ( 'NONE', *, *, #2114, .T. ) ;
#637 = CARTESIAN_POINT ( 'NONE',  ( 43.75000000000000000, -6.999999999999996447, -69.50999999999997669 ) ) ;
#638 = ORIENTED_EDGE ( 'NONE', *, *, #1590, .T. ) ;
#639 = CARTESIAN_POINT ( 'NONE',  ( 16.03000000000000114, 3.000000000000000000, 16.02999999999999758 ) ) ;
#640 = LINE ( 'NONE', #936, #3645 ) ;
#641 = VECTOR ( 'NONE', #1020, 1000.000000000000000 ) ;
#642 = ORIENTED_EDGE ( 'NONE', *, *, #1652, .T. ) ;
#643 = VERTEX_POINT ( 'NONE', #1499 ) ;
#644 = CARTESIAN_POINT ( 'NONE',  ( 40.63000000000000966, 0.000000000000000000, 16.02999999999999758 ) ) ;
#645 = VECTOR ( 'NONE', #2612, 1000.000000000000000 ) ;
#646 = CYLINDRICAL_SURFACE ( 'NONE', #1395, 0.5000000000000004441 ) ;
#647 = ORIENTED_EDGE ( 'NONE', *, *, #962, .T. ) ;
#648 = VERTEX_POINT ( 'NONE', #1479 ) ;
#649 = AXIS2_PLACEMENT_3D ( 'NONE', #1539, #2680, #2076 ) ;
#650 = EDGE_CURVE ( 'NONE', #3301, #3032, #3043, .T. ) ;
#651 = CARTESIAN_POINT ( 'NONE',  ( 0.000000000000000000, 3.000000000000000000, 2.529999999999999805 ) ) ;
#652 = DIRECTION ( 'NONE',  ( 0.000000000000000000, 0.000000000000000000, 1.000000000000000000 ) ) ;
#653 = ADVANCED_FACE ( 'NONE', ( #891 ), #2377, .F. ) ;
#654 = EDGE_CURVE ( 'NONE', #1822, #1581, #1169, .T. ) ;
#655 = FACE_OUTER_BOUND ( 'NONE', #1496, .T. ) ;
#656 = CARTESIAN_POINT ( 'NONE',  ( 86.68138121000001206, 0.000000000000000000, -51.07339105000000501 ) ) ;
#657 = ORIENTED_EDGE ( 'NONE', *, *, #825, .F. ) ;
#658 = DIRECTION ( 'NONE',  ( 1.000000000000000000, 0.000000000000000000, -0.000000000000000000 ) ) ;
#659 = ORIENTED_EDGE ( 'NONE', *, *, #3666, .T. ) ;
#660 = CARTESIAN_POINT ( 'NONE',  ( 16.02999999999999758, 0.000000000000000000, 21.78259228293302741 ) ) ;
#661 = VECTOR ( 'NONE', #2741, 1000.000000000000000 ) ;
#662 = DIRECTION ( 'NONE',  ( -0.000000000000000000, 1.000000000000000000, -0.000000000000000000 ) ) ;
#663 = EDGE_CURVE ( 'NONE', #2864, #2052, #1976, .T. ) ;
#664 = ORIENTED_EDGE ( 'NONE', *, *, #291, .F. ) ;
#665 = ORIENTED_EDGE ( 'NONE', *, *, #2753, .F. ) ;
#666 = FACE_OUTER_BOUND ( 'NONE', #3194, .T. ) ;
#667 = CIRCLE ( 'NONE', #1235, 0.5000000000000004441 ) ;
#668 = CARTESIAN_POINT ( 'NONE',  ( 73.17999999999999261, 0.000000000000000000, 21.78259228293302741 ) ) ;
#669 = EDGE_LOOP ( 'NONE', ( #1824, #1032, #1728, #211 ) ) ;
#670 = FACE_OUTER_BOUND ( 'NONE', #2507, .T. ) ;
#671 = VECTOR ( 'NONE', #547, 1000.000000000000000 ) ;
#672 = VECTOR ( 'NONE', #896, 1000.000000000000000 ) ;
#673 = CARTESIAN_POINT ( 'NONE',  ( 0.000000000000000000, 3.000000000000000000, 21.78259228293302741 ) ) ;
#674 = EDGE_CURVE ( 'NONE', #1445, #2815, #910, .T. ) ;
#675 = VECTOR ( 'NONE', #1946, 1000.000000000000000 ) ;
#676 = CARTESIAN_POINT ( 'NONE',  ( 54.63000000000000256, 0.000000000000000000, 16.02999999999999758 ) ) ;
#677 = EDGE_CURVE ( 'NONE', #744, #2899, #2122, .T. ) ;
#678 = CARTESIAN_POINT ( 'NONE',  ( 73.18000000000000682, 0.000000000000000000, 3.029999999999999805 ) ) ;
#679 = EDGE_LOOP ( 'NONE', ( #3277, #2282, #3875, #1455, #2967, #1934, #3738, #2830 ) ) ;
#680 = VECTOR ( 'NONE', #1323, 1000.000000000000000 ) ;
#681 = DIRECTION ( 'NONE',  ( -0.000000000000000000, 1.000000000000000000, -0.000000000000000000 ) ) ;
#682 = FACE_OUTER_BOUND ( 'NONE', #3669, .T. ) ;
#683 = PLANE ( 'NONE',  #1714 ) ;
#684 = VERTEX_POINT ( 'NONE', #1147 ) ;
#685 = VERTEX_POINT ( 'NONE', #354 ) ;
#686 = CARTESIAN_POINT ( 'NONE',  ( 16.53000000000000824, 0.000000000000000000, 35.28259228293302385 ) ) ;
#687 = ADVANCED_FACE ( 'NONE', ( #2137 ), #373, .T. ) ;
#688 = CARTESIAN_POINT ( 'NONE',  ( 103.7500000000000000, 0.000000000000000000, -64.50999999999999091 ) ) ;
#689 = ORIENTED_EDGE ( 'NONE', *, *, #2520, .T. ) ;
#690 = ORIENTED_EDGE ( 'NONE', *, *, #249, .F. ) ;
#691 = DIRECTION ( 'NONE',  ( 0.000000000000000000, 1.000000000000000000, -0.000000000000000000 ) ) ;
#692 = DIRECTION ( 'NONE',  ( -0.000000000000000000, 1.000000000000000000, -0.000000000000000000 ) ) ;
#693 = CARTESIAN_POINT ( 'NONE',  ( 59.59603533874668813, 3.000000000000000000, -36.70170859000000974 ) ) ;
#694 = ORIENTED_EDGE ( 'NONE', *, *, #3356, .F. ) ;
#695 = CARTESIAN_POINT ( 'NONE',  ( 41.13000000000000256, 0.000000000000000000, 3.029999999999999805 ) ) ;
#696 = CARTESIAN_POINT ( 'NONE',  ( 78.73000000000000398, 3.000000000000000000, 16.02999999999999758 ) ) ;
#697 = EDGE_CURVE ( 'NONE', #2208, #3791, #2472, .T. ) ;
#698 = DIRECTION ( 'NONE',  ( -0.000000000000000000, -1.000000000000000000, 0.000000000000000000 ) ) ;
#699 = ORIENTED_EDGE ( 'NONE', *, *, #1186, .T. ) ;
#700 = EDGE_LOOP ( 'NONE', ( #1249, #528, #1394, #2545 ) ) ;
#701 = CYLINDRICAL_SURFACE ( 'NONE', #867, 0.5000000000000004441 ) ;
#702 = EDGE_CURVE ( 'NONE', #824, #1053, #3353, .T. ) ;
#703 = ORIENTED_EDGE ( 'NONE', *, *, #2958, .F. ) ;
#704 = VECTOR ( 'NONE', #2971, 1000.000000000000000 ) ;
#705 = DIRECTION ( 'NONE',  ( 0.000000000000000000, 0.000000000000000000, 1.000000000000000000 ) ) ;
#706 = VERTEX_POINT ( 'NONE', #3040 ) ;
#707 = AXIS2_PLACEMENT_3D ( 'NONE', #2062, #1689, #848 ) ;
#708 = DIRECTION ( 'NONE',  ( -0.000000000000000000, 1.000000000000000000, -0.000000000000000000 ) ) ;
#709 = DIRECTION ( 'NONE',  ( 1.000000000000000000, 0.000000000000000000, -0.000000000000000000 ) ) ;
#710 = AXIS2_PLACEMENT_3D ( 'NONE', #2774, #95, #3386 ) ;
#711 = EDGE_CURVE ( 'NONE', #3531, #3625, #1551, .T. ) ;
#712 = CARTESIAN_POINT ( 'NONE',  ( 54.75138121000000524, 0.000000000000000000, -15.48000000000000043 ) ) ;
#713 = STYLED_ITEM ( 'NONE', ( #187 ), #2747 ) ;
#714 = CARTESIAN_POINT ( 'NONE',  ( 41.13000000000000256, 0.000000000000000000, 3.029999999999999805 ) ) ;
#715 = CARTESIAN_POINT ( 'NONE',  ( 41.13000000000000966, 0.000000000000000000, 16.02999999999999758 ) ) ;
#716 = DIRECTION ( 'NONE',  ( -0.000000000000000000, 1.000000000000000000, -0.000000000000000000 ) ) ;
#717 = LINE ( 'NONE', #1574, #1302 ) ;
#718 = PLANE ( 'NONE',  #2148 ) ;
#719 = CARTESIAN_POINT ( 'NONE',  ( 21.58000000000000185, 0.000000000000000000, 16.02999999999999758 ) ) ;
#720 = ORIENTED_EDGE ( 'NONE', *, *, #3545, .F. ) ;
#721 = CARTESIAN_POINT ( 'NONE',  ( 2.529999999999999805, 0.000000000000000000, 3.030000000000003357 ) ) ;
#722 = VECTOR ( 'NONE', #2671, 1000.000000000000000 ) ;
#723 = ORIENTED_EDGE ( 'NONE', *, *, #2506, .F. ) ;
#724 = CARTESIAN_POINT ( 'NONE',  ( 108.7500000000000000, 3.000000000000031530, -64.50999999999999091 ) ) ;
#725 = EDGE_LOOP ( 'NONE', ( #657, #723 ) ) ;
#726 = ORIENTED_EDGE ( 'NONE', *, *, #3545, .T. ) ;
#727 = AXIS2_PLACEMENT_3D ( 'NONE', #2907, #2619, #222 ) ;
#728 = LINE ( 'NONE', #1922, #807 ) ;
#729 = CARTESIAN_POINT ( 'NONE',  ( 3.029999999999999805, 3.000000000000000000, 3.029999999999999805 ) ) ;
#730 = CYLINDRICAL_SURFACE ( 'NONE', #414, 0.5000000000000004441 ) ;
#731 = ADVANCED_FACE ( 'NONE', ( #2742 ), #62, .F. ) ;
#732 = CIRCLE ( 'NONE', #352, 0.5000000000000004441 ) ;
#733 = VECTOR ( 'NONE', #879, 1000.000000000000000 ) ;
#734 = DIRECTION ( 'NONE',  ( 0.000000000000000000, 0.000000000000000000, 1.000000000000000000 ) ) ;
#735 = FACE_BOUND ( 'NONE', #1938, .T. ) ;
#736 = CARTESIAN_POINT ( 'NONE',  ( 89.58138121000000353, 3.000000000000000000, -13.18999999999999950 ) ) ;
#737 = CIRCLE ( 'NONE', #3672, 0.5000000000000004441 ) ;
#738 = AXIS2_PLACEMENT_3D ( 'NONE', #2127, #1782, #3285 ) ;
#739 = CYLINDRICAL_SURFACE ( 'NONE', #773, 0.5000000000000004441 ) ;
#740 = ORIENTED_EDGE ( 'NONE', *, *, #391, .T. ) ;
#741 = LINE ( 'NONE', #2186, #1299 ) ;
#742 = ORIENTED_EDGE ( 'NONE', *, *, #3242, .F. ) ;
#743 = LINE ( 'NONE', #408, #3767 ) ;
#744 = VERTEX_POINT ( 'NONE', #1845 ) ;
#745 = CARTESIAN_POINT ( 'NONE',  ( 73.17999999999999261, 3.000000000000000000, 2.529999999999999805 ) ) ;
#746 = DIRECTION ( 'NONE',  ( -0.000000000000000000, 1.000000000000000000, -0.000000000000000000 ) ) ;
#747 = DIRECTION ( 'NONE',  ( 5.337610695313253357E-16, 0.000000000000000000, 1.000000000000000000 ) ) ;
#748 = EDGE_CURVE ( 'NONE', #403, #1136, #1740, .T. ) ;
#749 = CARTESIAN_POINT ( 'NONE',  ( 73.68000000000000682, 0.000000000000000000, 3.030000000000003357 ) ) ;
#750 = CARTESIAN_POINT ( 'NONE',  ( 54.13000000000000256, 0.000000000000000000, 16.53000000000000114 ) ) ;
#751 = CARTESIAN_POINT ( 'NONE',  ( 2.530000000000005134, 0.000000000000000000, 35.28259228293302385 ) ) ;
#752 = EDGE_CURVE ( 'NONE', #3282, #329, #3628, .T. ) ;
#753 = LINE ( 'NONE', #3359, #1987 ) ;
#754 = DIRECTION ( 'NONE',  ( 1.000000000000000000, -0.000000000000000000, 0.000000000000000000 ) ) ;
#755 = ORIENTED_EDGE ( 'NONE', *, *, #286, .F. ) ;
#756 = DIRECTION ( 'NONE',  ( -0.000000000000000000, 1.000000000000000000, -0.000000000000000000 ) ) ;
#757 = ORIENTED_EDGE ( 'NONE', *, *, #3466, .T. ) ;
#758 = DIRECTION ( 'NONE',  ( 0.000000000000000000, 0.000000000000000000, 1.000000000000000000 ) ) ;
#759 = ORIENTED_EDGE ( 'NONE', *, *, #1860, .F. ) ;
#760 = ORIENTED_EDGE ( 'NONE', *, *, #153, .T. ) ;
#761 = CARTESIAN_POINT ( 'NONE',  ( 79.23000000000000398, 0.000000000000000000, 16.53000000000000114 ) ) ;
#762 = PLANE ( 'NONE',  #3038 ) ;
#763 = EDGE_LOOP ( 'NONE', ( #2813, #2962, #606, #96 ) ) ;
#764 = EDGE_CURVE ( 'NONE', #173, #3323, #3409, .T. ) ;
#765 = DIRECTION ( 'NONE',  ( -0.000000000000000000, -1.000000000000000000, 0.000000000000000000 ) ) ;
#766 = CIRCLE ( 'NONE', #1213, 1.699999999999993072 ) ;
#767 = LINE ( 'NONE', #749, #1597 ) ;
#768 = CARTESIAN_POINT ( 'NONE',  ( 3.030000000000005134, 0.000000000000000000, 35.28259228293302385 ) ) ;
#769 = EDGE_CURVE ( 'NONE', #2940, #865, #1613, .T. ) ;
#770 = ADVANCED_FACE ( 'NONE', ( #3101 ), #2178, .F. ) ;
#771 = CARTESIAN_POINT ( 'NONE',  ( 60.17999999999999972, 0.000000000000000000, 35.28259228293302385 ) ) ;
#772 = CARTESIAN_POINT ( 'NONE',  ( 54.13000000000000256, 3.000000000000000000, 16.02999999999999758 ) ) ;
#773 = AXIS2_PLACEMENT_3D ( 'NONE', #3652, #2749, #1005 ) ;
#774 = CARTESIAN_POINT ( 'NONE',  ( 41.13000000000000256, 0.000000000000000000, 21.78259228293302741 ) ) ;
#775 = LINE ( 'NONE', #2281, #610 ) ;
#776 = EDGE_LOOP ( 'NONE', ( #1100, #1885, #2316, #310 ) ) ;
#777 = DIRECTION ( 'NONE',  ( -0.000000000000000000, 1.000000000000000000, -0.000000000000000000 ) ) ;
#778 = EDGE_CURVE ( 'NONE', #1863, #2895, #3080, .T. ) ;
#779 = ORIENTED_EDGE ( 'NONE', *, *, #1533, .F. ) ;
#780 = CARTESIAN_POINT ( 'NONE',  ( 54.75138121000000524, -0.001000000000006204259, -11.98000000000000043 ) ) ;
#781 = ORIENTED_EDGE ( 'NONE', *, *, #764, .T. ) ;
#782 = VERTEX_POINT ( 'NONE', #712 ) ;
#783 = VECTOR ( 'NONE', #1882, 1000.000000000000000 ) ;
#784 = CARTESIAN_POINT ( 'NONE',  ( 78.72999999999998977, 0.000000000000000000, 22.28259228293302741 ) ) ;
#785 = DIRECTION ( 'NONE',  ( 1.000000000000000000, -0.000000000000000000, 0.000000000000000000 ) ) ;
#786 = VECTOR ( 'NONE', #1189, 1000.000000000000000 ) ;
#787 = VERTEX_POINT ( 'NONE', #1280 ) ;
#788 = PLANE ( 'NONE',  #3546 ) ;
#789 = VECTOR ( 'NONE', #2517, 1000.000000000000000 ) ;
#790 = DIRECTION ( 'NONE',  ( 0.000000000000000000, 1.000000000000000000, 0.000000000000000000 ) ) ;
#791 = AXIS2_PLACEMENT_3D ( 'NONE', #2760, #1883, #2156 ) ;
#792 = LINE ( 'NONE', #751, #2726 ) ;
#793 = DIRECTION ( 'NONE',  ( 1.000000000000000000, 0.000000000000000000, -0.000000000000000000 ) ) ;
#794 = AXIS2_PLACEMENT_3D ( 'NONE', #1960, #2295, #3159 ) ;
#795 = AXIS2_PLACEMENT_3D ( 'NONE', #188, #2605, #3790 ) ;
#796 = ADVANCED_FACE ( 'NONE', ( #3685 ), #730, .F. ) ;
#797 = DIRECTION ( 'NONE',  ( 1.000000000000000000, -0.000000000000000000, 0.000000000000000000 ) ) ;
#798 = VECTOR ( 'NONE', #3693, 1000.000000000000000 ) ;
#799 = CARTESIAN_POINT ( 'NONE',  ( 3.030000000000002025, 0.000000000000000000, 16.02999999999999758 ) ) ;
#800 = ORIENTED_EDGE ( 'NONE', *, *, #84, .F. ) ;
#801 = DIRECTION ( 'NONE',  ( 0.000000000000000000, 0.000000000000000000, 1.000000000000000000 ) ) ;
#802 = VECTOR ( 'NONE', #3728, 1000.000000000000000 ) ;
#803 = ORIENTED_EDGE ( 'NONE', *, *, #1666, .T. ) ;
#804 = LINE ( 'NONE', #1726, #1586 ) ;
#805 = ORIENTED_EDGE ( 'NONE', *, *, #3694, .F. ) ;
#806 = ORIENTED_EDGE ( 'NONE', *, *, #2253, .F. ) ;
#807 = VECTOR ( 'NONE', #3120, 1000.000000000000000 ) ;
#808 = EDGE_CURVE ( 'NONE', #503, #888, #980, .T. ) ;
#809 = CARTESIAN_POINT ( 'NONE',  ( 59.68000000000000682, 0.000000000000000000, 3.030000000000003357 ) ) ;
#810 = CARTESIAN_POINT ( 'NONE',  ( 89.58138121000000353, -6.999999999999996447, -13.18999999999999950 ) ) ;
#811 = ORIENTED_EDGE ( 'NONE', *, *, #2069, .T. ) ;
#812 = CARTESIAN_POINT ( 'NONE',  ( 22.08000000000000185, 3.000000000000000000, 21.78259228293302741 ) ) ;
#813 = VERTEX_POINT ( 'NONE', #394 ) ;
#814 = LINE ( 'NONE', #2930, #1641 ) ;
#815 = DIRECTION ( 'NONE',  ( -0.000000000000000000, 1.000000000000000000, -0.000000000000000000 ) ) ;
#816 = DIRECTION ( 'NONE',  ( 0.000000000000000000, 0.000000000000000000, 1.000000000000000000 ) ) ;
#817 = DIRECTION ( 'NONE',  ( -0.000000000000000000, 1.000000000000000000, -0.000000000000000000 ) ) ;
#818 = CARTESIAN_POINT ( 'NONE',  ( 0.000000000000000000, 0.000000000000000000, 35.78259228293302385 ) ) ;
#819 = ORIENTED_EDGE ( 'NONE', *, *, #3522, .T. ) ;
#820 = EDGE_CURVE ( 'NONE', #3616, #1048, #3373, .T. ) ;
#821 = DIRECTION ( 'NONE',  ( 0.000000000000000000, 0.000000000000000000, 1.000000000000000000 ) ) ;
#822 = ORIENTED_EDGE ( 'NONE', *, *, #183, .T. ) ;
#823 = DIRECTION ( 'NONE',  ( 1.224646799147353700E-16, 0.000000000000000000, 1.000000000000000000 ) ) ;
#824 = VERTEX_POINT ( 'NONE', #102 ) ;
#825 = EDGE_CURVE ( 'NONE', #1799, #371, #1295, .T. ) ;
#826 = CARTESIAN_POINT ( 'NONE',  ( 103.7500000000000000, 0.000000000000000000, -66.20999999999997954 ) ) ;
#827 = CARTESIAN_POINT ( 'NONE',  ( 108.7500000000000000, 3.000000000000000000, -69.50999999999999091 ) ) ;
#828 = VERTEX_POINT ( 'NONE', #3702 ) ;
#829 = CARTESIAN_POINT ( 'NONE',  ( 103.7500000000000000, -6.156299459313745806E-15, 50.27000000000000313 ) ) ;
#830 = EDGE_LOOP ( 'NONE', ( #3805, #2943, #3478, #3244 ) ) ;
#831 = FACE_OUTER_BOUND ( 'NONE', #2640, .T. ) ;
#832 = EDGE_CURVE ( 'NONE', #928, #1211, #732, .T. ) ;
#833 = DIRECTION ( 'NONE',  ( 1.000000000000000000, -0.000000000000000000, 0.000000000000000000 ) ) ;
#834 = VECTOR ( 'NONE', #983, 1000.000000000000000 ) ;
#835 = CARTESIAN_POINT ( 'NONE',  ( 79.23000000000000398, 3.000000000000000000, 16.02999999999999758 ) ) ;
#836 = DIRECTION ( 'NONE',  ( 1.000000000000000000, 0.000000000000000000, -0.000000000000000000 ) ) ;
#837 = VECTOR ( 'NONE', #1937, 1000.000000000000000 ) ;
#838 = CARTESIAN_POINT ( 'NONE',  ( 92.23000000000000398, 0.000000000000000000, 16.02999999999999758 ) ) ;
#839 = AXIS2_PLACEMENT_3D ( 'NONE', #1092, #2919, #2571 ) ;
#840 = CARTESIAN_POINT ( 'NONE',  ( 92.72999999999998977, 0.000000000000000000, 35.28259228293302385 ) ) ;
#841 = ORIENTED_EDGE ( 'NONE', *, *, #3069, .F. ) ;
#842 = DIRECTION ( 'NONE',  ( 1.000000000000000000, -0.000000000000000000, 0.000000000000000000 ) ) ;
#843 = CARTESIAN_POINT ( 'NONE',  ( -11.29999999999999538, -8.027932794975138863E-63, 40.27000000000001023 ) ) ;
#844 = VERTEX_POINT ( 'NONE', #1337 ) ;
#845 = ORIENTED_EDGE ( 'NONE', *, *, #3198, .F. ) ;
#846 = EDGE_CURVE ( 'NONE', #2185, #3055, #2003, .T. ) ;
#847 = EDGE_CURVE ( 'NONE', #1626, #1578, #3202, .T. ) ;
#848 = DIRECTION ( 'NONE',  ( 1.000000000000000000, 0.000000000000000000, -0.000000000000000000 ) ) ;
#849 = CARTESIAN_POINT ( 'NONE',  ( 0.000000000000000000, 3.000000000000000000, 2.529999999999999805 ) ) ;
#850 = ORIENTED_EDGE ( 'NONE', *, *, #3467, .F. ) ;
#851 = LINE ( 'NONE', #2044, #1612 ) ;
#852 = VECTOR ( 'NONE', #216, 1000.000000000000000 ) ;
#853 = EDGE_LOOP ( 'NONE', ( #1893, #2288, #3695, #3066 ) ) ;
#854 = LINE ( 'NONE', #2670, #77 ) ;
#855 = DIRECTION ( 'NONE',  ( -1.000000000000000000, -0.000000000000000000, -0.000000000000000000 ) ) ;
#856 = CARTESIAN_POINT ( 'NONE',  ( 28.74999999999999645, 3.000000000000000444, 50.27000000000000313 ) ) ;
#857 = EDGE_CURVE ( 'NONE', #985, #303, #1425, .T. ) ;
#858 = AXIS2_PLACEMENT_3D ( 'NONE', #576, #1776, #2970 ) ;
#859 = VERTEX_POINT ( 'NONE', #1376 ) ;
#860 = DIRECTION ( 'NONE',  ( 1.000000000000000000, -0.000000000000000000, 0.000000000000000000 ) ) ;
#861 = DIRECTION ( 'NONE',  ( -0.000000000000000000, 1.000000000000000000, -0.000000000000000000 ) ) ;
#862 = CIRCLE ( 'NONE', #794, 1.699999999999993072 ) ;
#863 = VECTOR ( 'NONE', #860, 1000.000000000000000 ) ;
#864 = DIRECTION ( 'NONE',  ( 0.000000000000000000, 0.000000000000000000, 1.000000000000000000 ) ) ;
#865 = VERTEX_POINT ( 'NONE', #198 ) ;
#866 = VERTEX_POINT ( 'NONE', #3510 ) ;
#867 = AXIS2_PLACEMENT_3D ( 'NONE', #1579, #2771, #992 ) ;
#868 = DIRECTION ( 'NONE',  ( 5.337610695313254343E-16, 0.000000000000000000, 1.000000000000000000 ) ) ;
#869 = CIRCLE ( 'NONE', #3058, 3.499999999999999556 ) ;
#870 = ORIENTED_EDGE ( 'NONE', *, *, #3130, .T. ) ;
#871 = CYLINDRICAL_SURFACE ( 'NONE', #2110, 0.5000000000000004441 ) ;
#872 = EDGE_CURVE ( 'NONE', #1501, #1007, #511, .T. ) ;
#873 = DIRECTION ( 'NONE',  ( 5.337610695313254343E-16, 0.000000000000000000, 1.000000000000000000 ) ) ;
#874 = CARTESIAN_POINT ( 'NONE',  ( 40.63000000000000256, 3.000000000000000000, 35.28259228293302385 ) ) ;
#875 = CARTESIAN_POINT ( 'NONE',  ( 0.000000000000000000, 0.000000000000000000, 16.53000000000000114 ) ) ;
#876 = EDGE_CURVE ( 'NONE', #824, #3337, #3416, .T. ) ;
#877 = ORIENTED_EDGE ( 'NONE', *, *, #3844, .T. ) ;
#878 = EDGE_CURVE ( 'NONE', #3698, #3400, #1713, .T. ) ;
#879 = DIRECTION ( 'NONE',  ( -0.000000000000000000, 1.000000000000000000, -0.000000000000000000 ) ) ;
#880 = ORIENTED_EDGE ( 'NONE', *, *, #674, .T. ) ;
#881 = CARTESIAN_POINT ( 'NONE',  ( 0.000000000000000000, 0.000000000000000000, 35.78259228293302385 ) ) ;
#882 = PLANE ( 'NONE',  #649 ) ;
#883 = EDGE_CURVE ( 'NONE', #3544, #1680, #1039, .T. ) ;
#884 = ORIENTED_EDGE ( 'NONE', *, *, #2725, .F. ) ;
#885 = ORIENTED_EDGE ( 'NONE', *, *, #3130, .F. ) ;
#886 = CARTESIAN_POINT ( 'NONE',  ( 103.7500000000000000, 3.000000000000000000, -64.50999999999999091 ) ) ;
#887 = ORIENTED_EDGE ( 'NONE', *, *, #246, .T. ) ;
#888 = VERTEX_POINT ( 'NONE', #2577 ) ;
#889 = APPLICATION_PROTOCOL_DEFINITION ( 'draft international standard', 'automotive_design', 1998, #2564 ) ;
#890 = FACE_OUTER_BOUND ( 'NONE', #213, .T. ) ;
#891 = FACE_OUTER_BOUND ( 'NONE', #3071, .T. ) ;
#892 = AXIS2_PLACEMENT_3D ( 'NONE', #2886, #201, #2006 ) ;
#893 = EDGE_CURVE ( 'NONE', #503, #2061, #862, .T. ) ;
#894 = EDGE_CURVE ( 'NONE', #3854, #2940, #1925, .T. ) ;
#895 = ORIENTED_EDGE ( 'NONE', *, *, #2596, .F. ) ;
#896 = DIRECTION ( 'NONE',  ( 0.000000000000000000, 0.000000000000000000, 1.000000000000000000 ) ) ;
#897 = ORIENTED_EDGE ( 'NONE', *, *, #3744, .F. ) ;
#898 = LINE ( 'NONE', #2091, #2363 ) ;
#899 = CIRCLE ( 'NONE', #3833, 0.5000000000000004441 ) ;
#900 = AXIS2_PLACEMENT_3D ( 'NONE', #1120, #2591, #3217 ) ;
#901 = CARTESIAN_POINT ( 'NONE',  ( 40.63000000000000966, 3.000000000000000000, 16.02999999999999758 ) ) ;
#902 = ORIENTED_EDGE ( 'NONE', *, *, #2772, .F. ) ;
#903 = VERTEX_POINT ( 'NONE', #1943 ) ;
#904 = CIRCLE ( 'NONE', #1523, 0.5000000000000004441 ) ;
#905 = DIRECTION ( 'NONE',  ( 0.000000000000000000, 0.000000000000000000, 1.000000000000000000 ) ) ;
#906 = VERTEX_POINT ( 'NONE', #812 ) ;
#907 = VERTEX_POINT ( 'NONE', #2841 ) ;
#908 = PRODUCT_CONTEXT ( 'NONE', #2564, 'mechanical' ) ;
#909 = LINE ( 'NONE', #2103, #2409 ) ;
#910 = LINE ( 'NONE', #3299, #3477 ) ;
#911 = CIRCLE ( 'NONE', #1531, 0.5000000000000004441 ) ;
#912 = DIRECTION ( 'NONE',  ( -0.000000000000000000, 1.000000000000000000, -0.000000000000000000 ) ) ;
#913 = ORIENTED_EDGE ( 'NONE', *, *, #1993, .T. ) ;
#914 = AXIS2_PLACEMENT_3D ( 'NONE', #141, #159, #3725 ) ;
#915 = CARTESIAN_POINT ( 'NONE',  ( 2.529999999999999361, 3.000000000000000000, -4.220048455982041397E-16 ) ) ;
#916 = VERTEX_POINT ( 'NONE', #218 ) ;
#917 = PLANE ( 'NONE',  #1491 ) ;
#918 = ADVANCED_FACE ( 'NONE', ( #1099 ), #3760, .F. ) ;
#919 = PLANE ( 'NONE',  #395 ) ;
#920 = VERTEX_POINT ( 'NONE', #2557 ) ;
#921 = ORIENTED_EDGE ( 'NONE', *, *, #764, .F. ) ;
#922 = VECTOR ( 'NONE', #2221, 1000.000000000000000 ) ;
#923 = DIRECTION ( 'NONE',  ( -0.000000000000000000, 0.000000000000000000, -1.000000000000000000 ) ) ;
#924 = VERTEX_POINT ( 'NONE', #2595 ) ;
#925 = EDGE_CURVE ( 'NONE', #3215, #558, #3490, .T. ) ;
#926 = AXIS2_PLACEMENT_3D ( 'NONE', #3655, #2169, #1877 ) ;
#927 = CIRCLE ( 'NONE', #3614, 0.5000000000000004441 ) ;
#928 = VERTEX_POINT ( 'NONE', #1419 ) ;
#929 = LINE ( 'NONE', #1498, #2981 ) ;
#930 = DIRECTION ( 'NONE',  ( -0.000000000000000000, 1.000000000000000000, -0.000000000000000000 ) ) ;
#931 = ORIENTED_EDGE ( 'NONE', *, *, #702, .F. ) ;
#932 = CARTESIAN_POINT ( 'NONE',  ( 59.67999999999999972, 3.000000000000000000, 35.28259228293302385 ) ) ;
#933 = ORIENTED_EDGE ( 'NONE', *, *, #1761, .F. ) ;
#934 = DIRECTION ( 'NONE',  ( 0.000000000000000000, 1.000000000000000000, -0.000000000000000000 ) ) ;
#935 = ADVANCED_FACE ( 'NONE', ( #3138 ), #2615, .F. ) ;
#936 = CARTESIAN_POINT ( 'NONE',  ( 73.67999999999999261, 0.000000000000000000, 22.28259228293302741 ) ) ;
#937 = ORIENTED_EDGE ( 'NONE', *, *, #1652, .F. ) ;
#938 = ORIENTED_EDGE ( 'NONE', *, *, #1477, .F. ) ;
#939 = CARTESIAN_POINT ( 'NONE',  ( 35.07999999999999829, 0.000000000000000000, 21.78259228293302741 ) ) ;
#940 = EDGE_CURVE ( 'NONE', #744, #2817, #1123, .T. ) ;
#941 = CARTESIAN_POINT ( 'NONE',  ( 0.000000000000000000, 0.000000000000000000, -25.29170859000000249 ) ) ;
#942 = EDGE_LOOP ( 'NONE', ( #233, #1178, #2656, #2431 ) ) ;
#943 = ORIENTED_EDGE ( 'NONE', *, *, #1590, .F. ) ;
#944 = CARTESIAN_POINT ( 'NONE',  ( 28.74999999999999645, 3.000000000000000444, 50.27000000000000313 ) ) ;
#945 = ADVANCED_FACE ( 'NONE', ( #433 ), #788, .T. ) ;
#946 = DIRECTION ( 'NONE',  ( 1.000000000000000000, 0.000000000000000000, -0.000000000000000000 ) ) ;
#947 = CARTESIAN_POINT ( 'NONE',  ( 3.030000000000002025, 3.000000000000000000, 16.02999999999999758 ) ) ;
#948 = ORIENTED_EDGE ( 'NONE', *, *, #2406, .F. ) ;
#949 = CARTESIAN_POINT ( 'NONE',  ( 43.75000000000000711, 0.000000000000000000, -4.636881140918608323E-15 ) ) ;
#950 = ORIENTED_EDGE ( 'NONE', *, *, #2715, .F. ) ;
#951 = LINE ( 'NONE', #1195, #2367 ) ;
#952 =( GEOMETRIC_REPRESENTATION_CONTEXT ( 3 ) GLOBAL_UNCERTAINTY_ASSIGNED_CONTEXT ( ( #1683 ) ) GLOBAL_UNIT_ASSIGNED_CONTEXT ( ( #314, #296, #2375 ) ) REPRESENTATION_CONTEXT ( 'NONE', 'WORKASPACE' ) );
#953 = CARTESIAN_POINT ( 'NONE',  ( 59.67999999999999972, 0.000000000000000000, 35.28259228293302385 ) ) ;
#954 = ORIENTED_EDGE ( 'NONE', *, *, #1133, .T. ) ;
#955 = ORIENTED_EDGE ( 'NONE', *, *, #1158, .T. ) ;
#956 = DIRECTION ( 'NONE',  ( 1.668003342285392044E-16, 0.000000000000000000, 1.000000000000000000 ) ) ;
#957 = VECTOR ( 'NONE', #1274, 1000.000000000000000 ) ;
#958 = CARTESIAN_POINT ( 'NONE',  ( 73.17999999999999261, 0.000000000000000000, 35.28259228293302385 ) ) ;
#959 = ORIENTED_EDGE ( 'NONE', *, *, #1735, .T. ) ;
#960 = ORIENTED_EDGE ( 'NONE', *, *, #3078, .F. ) ;
#961 = AXIS2_PLACEMENT_3D ( 'NONE', #604, #3307, #1216 ) ;
#962 = EDGE_CURVE ( 'NONE', #3653, #572, #1630, .T. ) ;
#963 = DIRECTION ( 'NONE',  ( 1.000000000000000000, 0.000000000000000000, -0.000000000000000000 ) ) ;
#964 = FACE_OUTER_BOUND ( 'NONE', #853, .T. ) ;
#965 = CARTESIAN_POINT ( 'NONE',  ( 43.75000000000000711, 3.000000000000000000, -36.70170859000000974 ) ) ;
#966 = EDGE_LOOP ( 'NONE', ( #805, #115, #2626, #1122 ) ) ;
#967 = LINE ( 'NONE', #949, #1664 ) ;
#968 = ADVANCED_FACE ( 'NONE', ( #2535 ), #3822, .F. ) ;
#969 = LINE ( 'NONE', #144, #614 ) ;
#970 = VECTOR ( 'NONE', #746, 1000.000000000000000 ) ;
#971 = CYLINDRICAL_SURFACE ( 'NONE', #2399, 0.5000000000000004441 ) ;
#972 = ORIENTED_EDGE ( 'NONE', *, *, #483, .F. ) ;
#973 = ORIENTED_EDGE ( 'NONE', *, *, #3428, .T. ) ;
#974 = DIRECTION ( 'NONE',  ( -0.000000000000000000, 1.000000000000000000, -0.000000000000000000 ) ) ;
#975 = VERTEX_POINT ( 'NONE', #3220 ) ;
#976 = LINE ( 'NONE', #154, #3491 ) ;
#977 = CARTESIAN_POINT ( 'NONE',  ( 60.18000000000001393, 0.000000000000000000, 16.02999999999999758 ) ) ;
#978 = VECTOR ( 'NONE', #1701, 1000.000000000000000 ) ;
#979 = EDGE_CURVE ( 'NONE', #173, #3182, #2064, .T. ) ;
#980 = LINE ( 'NONE', #2804, #2926 ) ;
#981 = AXIS2_PLACEMENT_3D ( 'NONE', #3341, #1485, #1851 ) ;
#982 = DIRECTION ( 'NONE',  ( 0.000000000000000000, 0.000000000000000000, 1.000000000000000000 ) ) ;
#983 = DIRECTION ( 'NONE',  ( -1.059858546495681701E-16, -0.000000000000000000, -1.000000000000000000 ) ) ;
#984 = ADVANCED_FACE ( 'NONE', ( #2944 ), #871, .F. ) ;
#985 = VERTEX_POINT ( 'NONE', #939 ) ;
#986 = CIRCLE ( 'NONE', #489, 0.5000000000000004441 ) ;
#987 = PLANE ( 'NONE',  #98 ) ;
#988 = DIRECTION ( 'NONE',  ( -0.000000000000000000, -1.000000000000000000, 0.000000000000000000 ) ) ;
#989 = LINE ( 'NONE', #2220, #3588 ) ;
#990 = LINE ( 'NONE', #1599, #922 ) ;
#991 = VERTEX_POINT ( 'NONE', #829 ) ;
#992 = DIRECTION ( 'NONE',  ( 0.000000000000000000, 0.000000000000000000, 1.000000000000000000 ) ) ;
#993 = ADVANCED_FACE ( 'NONE', ( #666 ), #55, .F. ) ;
#994 = ORIENTED_EDGE ( 'NONE', *, *, #1568, .F. ) ;
#995 = CARTESIAN_POINT ( 'NONE',  ( 59.68000000000001393, 3.000000000000000000, 16.02999999999999758 ) ) ;
#996 = EDGE_LOOP ( 'NONE', ( #3026, #2718, #1702, #1560 ) ) ;
#997 = ORIENTED_EDGE ( 'NONE', *, *, #2330, .F. ) ;
#998 = CARTESIAN_POINT ( 'NONE',  ( 54.12999999999999545, 0.000000000000000000, 35.28259228293302385 ) ) ;
#999 = PLANE ( 'NONE',  #2098 ) ;
#1000 = DIRECTION ( 'NONE',  ( 0.000000000000000000, 0.000000000000000000, 1.000000000000000000 ) ) ;
#1001 = CARTESIAN_POINT ( 'NONE',  ( 16.03000000000000469, 3.000000000000000000, 35.78259228293302385 ) ) ;
#1002 = DIRECTION ( 'NONE',  ( 1.000000000000000000, 3.614007241618347292E-16, 0.000000000000000000 ) ) ;
#1003 = LINE ( 'NONE', #3338, #602 ) ;
#1004 = LINE ( 'NONE', #378, #2737 ) ;
#1005 = DIRECTION ( 'NONE',  ( 0.000000000000000000, 0.000000000000000000, 1.000000000000000000 ) ) ;
#1006 = ORIENTED_EDGE ( 'NONE', *, *, #1201, .T. ) ;
#1007 = VERTEX_POINT ( 'NONE', #2636 ) ;
#1008 = DIRECTION ( 'NONE',  ( 0.000000000000000000, 1.000000000000000000, -0.000000000000000000 ) ) ;
#1009 = ORIENTED_EDGE ( 'NONE', *, *, #1087, .F. ) ;
#1010 = AXIS2_PLACEMENT_3D ( 'NONE', #2141, #3336, #317 ) ;
#1011 = CARTESIAN_POINT ( 'NONE',  ( 43.75000000000000000, -6.999999999999996447, -51.07339105000000501 ) ) ;
#1012 = ORIENTED_EDGE ( 'NONE', *, *, #3286, .T. ) ;
#1013 = EDGE_LOOP ( 'NONE', ( #647, #580, #1684, #2001, #3492, #3570, #3319, #689, #1471, #2702, #2426, #3348, #311, #3872, #1354, #30, #2427 ) ) ;
#1014 = EDGE_CURVE ( 'NONE', #590, #1897, #1142, .T. ) ;
#1015 = AXIS2_PLACEMENT_3D ( 'NONE', #2079, #2719, #1240 ) ;
#1016 = CARTESIAN_POINT ( 'NONE',  ( 79.22999999999998977, 0.000000000000000000, 21.78259228293302741 ) ) ;
#1017 = VECTOR ( 'NONE', #1685, 1000.000000000000000 ) ;
#1018 = DIRECTION ( 'NONE',  ( 1.196184829170446456E-15, 0.000000000000000000, 1.000000000000000000 ) ) ;
#1019 = CARTESIAN_POINT ( 'NONE',  ( 54.13000000000000256, 0.000000000000000000, 16.02999999999999758 ) ) ;
#1020 = DIRECTION ( 'NONE',  ( -0.000000000000000000, 1.000000000000000000, -0.000000000000000000 ) ) ;
#1021 = DIRECTION ( 'NONE',  ( 5.337610695313254343E-16, 0.000000000000000000, 1.000000000000000000 ) ) ;
#1022 = DIRECTION ( 'NONE',  ( 1.000000000000000000, -0.000000000000000000, 0.000000000000000000 ) ) ;
#1023 = FACE_OUTER_BOUND ( 'NONE', #3265, .T. ) ;
#1024 = EDGE_LOOP ( 'NONE', ( #1577, #221, #1856, #2112 ) ) ;
#1025 = VERTEX_POINT ( 'NONE', #344 ) ;
#1026 = EDGE_CURVE ( 'NONE', #1974, #465, #3345, .T. ) ;
#1027 = CYLINDRICAL_SURFACE ( 'NONE', #2487, 4.999999999999997335 ) ;
#1028 = CIRCLE ( 'NONE', #2663, 0.5000000000000004441 ) ;
#1029 = ORIENTED_EDGE ( 'NONE', *, *, #2228, .F. ) ;
#1030 = DIRECTION ( 'NONE',  ( -0.000000000000000000, -0.000000000000000000, -1.000000000000000000 ) ) ;
#1031 = ORIENTED_EDGE ( 'NONE', *, *, #219, .F. ) ;
#1032 = ORIENTED_EDGE ( 'NONE', *, *, #1921, .F. ) ;
#1033 = VECTOR ( 'NONE', #2140, 1000.000000000000000 ) ;
#1034 = AXIS2_PLACEMENT_3D ( 'NONE', #66, #2765, #3412 ) ;
#1035 = CARTESIAN_POINT ( 'NONE',  ( 2.530000000000003357, 0.000000000000000000, 22.28259228293302741 ) ) ;
#1036 = ADVANCED_FACE ( 'NONE', ( #1857 ), #2446, .F. ) ;
#1037 = DIRECTION ( 'NONE',  ( 0.000000000000000000, 0.000000000000000000, 1.000000000000000000 ) ) ;
#1038 = CARTESIAN_POINT ( 'NONE',  ( 35.07999999999999829, 3.000000000000000000, 35.28259228293302385 ) ) ;
#1039 = CIRCLE ( 'NONE', #2050, 0.5000000000000004441 ) ;
#1040 = DIRECTION ( 'NONE',  ( 0.000000000000000000, 0.000000000000000000, 1.000000000000000000 ) ) ;
#1041 = EDGE_CURVE ( 'NONE', #1565, #2584, #851, .T. ) ;
#1042 = CARTESIAN_POINT ( 'NONE',  ( 92.73000000000000398, 3.000000000000000000, -0.000000000000000000 ) ) ;
#1043 = DIRECTION ( 'NONE',  ( 0.000000000000000000, 0.000000000000000000, 1.000000000000000000 ) ) ;
#1044 = LINE ( 'NONE', #3671, #680 ) ;
#1045 = CIRCLE ( 'NONE', #1924, 0.5000000000000004441 ) ;
#1046 = AXIS2_PLACEMENT_3D ( 'NONE', #322, #3029, #338 ) ;
#1047 = FACE_OUTER_BOUND ( 'NONE', #2836, .T. ) ;
#1048 = VERTEX_POINT ( 'NONE', #3259 ) ;
#1049 = ORIENTED_EDGE ( 'NONE', *, *, #2433, .T. ) ;
#1050 = DIRECTION ( 'NONE',  ( -0.000000000000000000, -1.000000000000000000, 0.000000000000000000 ) ) ;
#1051 = ORIENTED_EDGE ( 'NONE', *, *, #1108, .F. ) ;
#1052 = CARTESIAN_POINT ( 'NONE',  ( 41.13000000000000966, 0.000000000000000000, 2.529999999999999805 ) ) ;
#1053 = VERTEX_POINT ( 'NONE', #2652 ) ;
#1054 = EDGE_LOOP ( 'NONE', ( #877, #3692, #3015, #3795, #2548, #902, #2933, #2898 ) ) ;
#1055 = ADVANCED_FACE ( 'NONE', ( #534 ), #3057, .F. ) ;
#1056 = EDGE_CURVE ( 'NONE', #1541, #648, #1561, .T. ) ;
#1057 = LINE ( 'NONE', #448, #2175 ) ;
#1058 = CARTESIAN_POINT ( 'NONE',  ( 40.63000000000000256, 3.000000000000000000, -2.168671225505775380E-14 ) ) ;
#1059 = ORIENTED_EDGE ( 'NONE', *, *, #3562, .T. ) ;
#1060 = DIRECTION ( 'NONE',  ( -0.000000000000000000, 1.000000000000000000, -0.000000000000000000 ) ) ;
#1061 = DIRECTION ( 'NONE',  ( 0.000000000000000000, 0.000000000000000000, 1.000000000000000000 ) ) ;
#1062 = DIRECTION ( 'NONE',  ( 0.000000000000000000, 0.000000000000000000, 1.000000000000000000 ) ) ;
#1063 = DIRECTION ( 'NONE',  ( -0.000000000000000000, 1.000000000000000000, -0.000000000000000000 ) ) ;
#1064 = DIRECTION ( 'NONE',  ( -0.000000000000000000, 1.000000000000000000, -0.000000000000000000 ) ) ;
#1065 = ADVANCED_FACE ( 'NONE', ( #1161 ), #2754, .F. ) ;
#1066 = DIRECTION ( 'NONE',  ( 2.465190328815661345E-32, -1.000000000000000000, -3.018987445473111498E-48 ) ) ;
#1067 = DIRECTION ( 'NONE',  ( 0.000000000000000000, 0.000000000000000000, 1.000000000000000000 ) ) ;
#1068 = ORIENTED_EDGE ( 'NONE', *, *, #56, .F. ) ;
#1069 = DIRECTION ( 'NONE',  ( -0.000000000000000000, 1.000000000000000000, -0.000000000000000000 ) ) ;
#1070 = FACE_OUTER_BOUND ( 'NONE', #1781, .T. ) ;
#1071 = ORIENTED_EDGE ( 'NONE', *, *, #3622, .T. ) ;
#1072 = VERTEX_POINT ( 'NONE', #3549 ) ;
#1073 = EDGE_CURVE ( 'NONE', #3800, #1799, #1772, .T. ) ;
#1074 = DIRECTION ( 'NONE',  ( 0.000000000000000000, 1.000000000000000000, -0.000000000000000000 ) ) ;
#1075 = VECTOR ( 'NONE', #2047, 1000.000000000000000 ) ;
#1076 = LINE ( 'NONE', #2235, #2038 ) ;
#1077 = ORIENTED_EDGE ( 'NONE', *, *, #3857, .T. ) ;
#1078 = AXIS2_PLACEMENT_3D ( 'NONE', #768, #1962, #1062 ) ;
#1079 = DIRECTION ( 'NONE',  ( 0.000000000000000000, 0.000000000000000000, 1.000000000000000000 ) ) ;
#1080 = EDGE_CURVE ( 'NONE', #630, #2528, #1474, .T. ) ;
#1081 = AXIS2_PLACEMENT_3D ( 'NONE', #347, #3624, #2961 ) ;
#1082 = CYLINDRICAL_SURFACE ( 'NONE', #226, 1.699999999999993072 ) ;
#1083 = CARTESIAN_POINT ( 'NONE',  ( 1.881507770097923361E-15, 0.000000000000000000, -12.69000000000001371 ) ) ;
#1084 = CARTESIAN_POINT ( 'NONE',  ( 92.23000000000000398, 3.000000000000000000, 16.53000000000000114 ) ) ;
#1085 = LINE ( 'NONE', #3787, #295 ) ;
#1086 = VECTOR ( 'NONE', #379, 1000.000000000000000 ) ;
#1087 = EDGE_CURVE ( 'NONE', #2286, #3499, #552, .T. ) ;
#1088 = PLANE ( 'NONE',  #1672 ) ;
#1089 = EDGE_LOOP ( 'NONE', ( #1131, #2485, #3036, #1276, #2745, #2244, #1375, #1251 ) ) ;
#1090 = LINE ( 'NONE', #3518, #671 ) ;
#1091 = ORIENTED_EDGE ( 'NONE', *, *, #194, .T. ) ;
#1092 = CARTESIAN_POINT ( 'NONE',  ( 79.23000000000000398, 0.000000000000000000, 16.02999999999999758 ) ) ;
#1093 = ORIENTED_EDGE ( 'NONE', *, *, #1681, .T. ) ;
#1094 = EDGE_LOOP ( 'NONE', ( #742, #2107, #307, #1218 ) ) ;
#1095 = AXIS2_PLACEMENT_3D ( 'NONE', #2908, #3825, #223 ) ;
#1096 = CARTESIAN_POINT ( 'NONE',  ( 89.08138121000000353, 3.000000000000000000, -24.79170859000000249 ) ) ;
#1097 = LINE ( 'NONE', #3200, #3721 ) ;
#1098 = ORIENTED_EDGE ( 'NONE', *, *, #3093, .F. ) ;
#1099 = FACE_OUTER_BOUND ( 'NONE', #1202, .T. ) ;
#1100 = ORIENTED_EDGE ( 'NONE', *, *, #1233, .T. ) ;
#1101 = CARTESIAN_POINT ( 'NONE',  ( 103.7500000000000000, 3.000000000000000000, -64.50999999999999091 ) ) ;
#1102 = EDGE_CURVE ( 'NONE', #3639, #3425, #1840, .T. ) ;
#1103 = PLANE ( 'NONE',  #3145 ) ;
#1104 = DIRECTION ( 'NONE',  ( 0.000000000000000000, 1.000000000000000000, -0.000000000000000000 ) ) ;
#1105 = DIRECTION ( 'NONE',  ( 0.6172222730967924509, 0.000000000000000000, -0.7867888316398680137 ) ) ;
#1106 = VECTOR ( 'NONE', #260, 1000.000000000000000 ) ;
#1107 = AXIS2_PLACEMENT_3D ( 'NONE', #3168, #480, #1067 ) ;
#1108 = EDGE_CURVE ( 'NONE', #3653, #2542, #2486, .T. ) ;
#1109 = CARTESIAN_POINT ( 'NONE',  ( 43.75000000000000711, -7.000000000000000000, -36.70170859000000974 ) ) ;
#1110 = CIRCLE ( 'NONE', #2424, 0.5000000000000004441 ) ;
#1111 = DIRECTION ( 'NONE',  ( -0.000000000000000000, 1.000000000000000000, -0.000000000000000000 ) ) ;
#1112 = ORIENTED_EDGE ( 'NONE', *, *, #530, .T. ) ;
#1113 = FACE_OUTER_BOUND ( 'NONE', #1260, .T. ) ;
#1114 = AXIS2_PLACEMENT_3D ( 'NONE', #3765, #2258, #541 ) ;
#1115 = ORIENTED_EDGE ( 'NONE', *, *, #2136, .F. ) ;
#1116 = LINE ( 'NONE', #2308, #1207 ) ;
#1117 = PLANE ( 'NONE',  #19 ) ;
#1118 = ORIENTED_EDGE ( 'NONE', *, *, #1931, .T. ) ;
#1119 = EDGE_CURVE ( 'NONE', #2895, #1048, #2831, .T. ) ;
#1120 = CARTESIAN_POINT ( 'NONE',  ( 35.07999999999999829, 0.000000000000000000, 16.02999999999999758 ) ) ;
#1121 = CARTESIAN_POINT ( 'NONE',  ( 73.17999999999999261, 3.000000000000000000, 22.28259228293302741 ) ) ;
#1122 = ORIENTED_EDGE ( 'NONE', *, *, #1370, .F. ) ;
#1123 = LINE ( 'NONE', #1649, #1356 ) ;
#1124 = ORIENTED_EDGE ( 'NONE', *, *, #2596, .T. ) ;
#1125 = LINE ( 'NONE', #2066, #2917 ) ;
#1126 = CARTESIAN_POINT ( 'NONE',  ( 103.7500000000000000, 3.000000000000000000, -69.50999999999999091 ) ) ;
#1127 = DIRECTION ( 'NONE',  ( 0.000000000000000000, 0.000000000000000000, 1.000000000000000000 ) ) ;
#1128 = CARTESIAN_POINT ( 'NONE',  ( 54.75138121000000524, -0.001000000000006204259, -8.480000000000002203 ) ) ;
#1129 = CARTESIAN_POINT ( 'NONE',  ( 0.000000000000000000, 0.000000000000000000, 21.78259228293302741 ) ) ;
#1130 = DIRECTION ( 'NONE',  ( 1.000000000000000000, -0.000000000000000000, 0.000000000000000000 ) ) ;
#1131 = ORIENTED_EDGE ( 'NONE', *, *, #2228, .T. ) ;
#1132 = DIRECTION ( 'NONE',  ( 0.000000000000000000, 0.000000000000000000, -1.000000000000000000 ) ) ;
#1133 = EDGE_CURVE ( 'NONE', #1897, #3523, #2795, .T. ) ;
#1134 = ORIENTED_EDGE ( 'NONE', *, *, #3242, .T. ) ;
#1135 = CARTESIAN_POINT ( 'NONE',  ( 3.029999999999999805, 0.000000000000000000, 3.029999999999999805 ) ) ;
#1136 = VERTEX_POINT ( 'NONE', #3112 ) ;
#1137 = ORIENTED_EDGE ( 'NONE', *, *, #2632, .T. ) ;
#1138 = CARTESIAN_POINT ( 'NONE',  ( 78.73000000000000398, 3.000000000000000000, 3.030000000000003357 ) ) ;
#1139 = CARTESIAN_POINT ( 'NONE',  ( 54.62999999999999545, 0.000000000000000000, 22.28259228293302741 ) ) ;
#1140 = VERTEX_POINT ( 'NONE', #2544 ) ;
#1141 = EDGE_CURVE ( 'NONE', #1797, #3182, #170, .T. ) ;
#1142 = LINE ( 'NONE', #2355, #613 ) ;
#1143 = ORIENTED_EDGE ( 'NONE', *, *, #1041, .F. ) ;
#1144 = CARTESIAN_POINT ( 'NONE',  ( 73.17999999999999261, 3.000000000000000000, 35.78259228293302385 ) ) ;
#1145 = CARTESIAN_POINT ( 'NONE',  ( 54.75138121000000524, 3.000000000000000000, -15.48000000000000043 ) ) ;
#1146 = VECTOR ( 'NONE', #2710, 1000.000000000000000 ) ;
#1147 = CARTESIAN_POINT ( 'NONE',  ( 73.67999999999999261, 3.000000000000000000, 22.28259228293302741 ) ) ;
#1148 = VECTOR ( 'NONE', #3311, 1000.000000000000000 ) ;
#1149 = ORIENTED_EDGE ( 'NONE', *, *, #2086, .F. ) ;
#1150 = CIRCLE ( 'NONE', #3396, 0.5000000000000004441 ) ;
#1151 = LINE ( 'NONE', #2344, #3797 ) ;
#1152 = ORIENTED_EDGE ( 'NONE', *, *, #2230, .T. ) ;
#1153 = CARTESIAN_POINT ( 'NONE',  ( 77.38138121000000069, -6.999999999999996447, -25.29170859000000249 ) ) ;
#1154 = CARTESIAN_POINT ( 'NONE',  ( 103.7500000000000000, 0.000000000000000000, -64.50999999999999091 ) ) ;
#1155 = ADVANCED_FACE ( 'NONE', ( #131 ), #701, .F. ) ;
#1156 = ORIENTED_EDGE ( 'NONE', *, *, #820, .T. ) ;
#1157 = ORIENTED_EDGE ( 'NONE', *, *, #3306, .F. ) ;
#1158 = EDGE_CURVE ( 'NONE', #3387, #3594, #460, .T. ) ;
#1159 = FACE_OUTER_BOUND ( 'NONE', #464, .T. ) ;
#1160 = ORIENTED_EDGE ( 'NONE', *, *, #3580, .F. ) ;
#1161 = FACE_OUTER_BOUND ( 'NONE', #2610, .T. ) ;
#1162 = EDGE_CURVE ( 'NONE', #3753, #3816, #1950, .T. ) ;
#1163 = AXIS2_PLACEMENT_3D ( 'NONE', #374, #2214, #1631 ) ;
#1164 = VERTEX_POINT ( 'NONE', #3420 ) ;
#1165 = DIRECTION ( 'NONE',  ( 1.224646799147353947E-16, 0.000000000000000000, 1.000000000000000000 ) ) ;
#1166 = VECTOR ( 'NONE', #1210, 1000.000000000000000 ) ;
#1167 = DIRECTION ( 'NONE',  ( -0.000000000000000000, 1.000000000000000000, -0.000000000000000000 ) ) ;
#1168 = EDGE_CURVE ( 'NONE', #2052, #865, #383, .T. ) ;
#1169 = CIRCLE ( 'NONE', #1604, 0.5000000000000004441 ) ;
#1170 = ORIENTED_EDGE ( 'NONE', *, *, #2832, .T. ) ;
#1171 = DIRECTION ( 'NONE',  ( 0.000000000000000000, 0.000000000000000000, 1.000000000000000000 ) ) ;
#1172 = ORIENTED_EDGE ( 'NONE', *, *, #1377, .T. ) ;
#1173 = PLANE ( 'NONE',  #981 ) ;
#1174 = AXIS2_PLACEMENT_3D ( 'NONE', #3804, #2866, #1079 ) ;
#1175 = VECTOR ( 'NONE', #2667, 1000.000000000000000 ) ;
#1176 = VECTOR ( 'NONE', #3266, 1000.000000000000000 ) ;
#1177 = DIRECTION ( 'NONE',  ( 0.000000000000000000, 0.000000000000000000, 1.000000000000000000 ) ) ;
#1178 = ORIENTED_EDGE ( 'NONE', *, *, #1186, .F. ) ;
#1179 = VERTEX_POINT ( 'NONE', #169 ) ;
#1180 = CIRCLE ( 'NONE', #3362, 0.5000000000000004441 ) ;
#1181 = EDGE_CURVE ( 'NONE', #325, #2382, #741, .T. ) ;
#1182 = DIRECTION ( 'NONE',  ( 1.000000000000000000, 0.000000000000000000, 1.482669637587014273E-16 ) ) ;
#1183 = VECTOR ( 'NONE', #1352, 1000.000000000000000 ) ;
#1184 = ORIENTED_EDGE ( 'NONE', *, *, #3025, .F. ) ;
#1185 = DIRECTION ( 'NONE',  ( 0.000000000000000000, 1.000000000000000000, -0.000000000000000000 ) ) ;
#1186 = EDGE_CURVE ( 'NONE', #343, #1164, #3131, .T. ) ;
#1187 = ORIENTED_EDGE ( 'NONE', *, *, #608, .F. ) ;
#1188 = DIRECTION ( 'NONE',  ( 0.000000000000000000, 0.000000000000000000, 1.000000000000000000 ) ) ;
#1189 = DIRECTION ( 'NONE',  ( 1.000000000000000000, -0.000000000000000000, 0.000000000000000000 ) ) ;
#1190 = DIRECTION ( 'NONE',  ( 0.000000000000000000, 0.000000000000000000, 1.000000000000000000 ) ) ;
#1191 = ORIENTED_EDGE ( 'NONE', *, *, #1609, .F. ) ;
#1192 = DIRECTION ( 'NONE',  ( -0.000000000000000000, 1.000000000000000000, -0.000000000000000000 ) ) ;
#1193 = ORIENTED_EDGE ( 'NONE', *, *, #1562, .T. ) ;
#1194 = EDGE_CURVE ( 'NONE', #782, #3149, #1622, .T. ) ;
#1195 = CARTESIAN_POINT ( 'NONE',  ( 0.000000000000000000, 0.000000000000000000, 21.78259228293302741 ) ) ;
#1196 = DIRECTION ( 'NONE',  ( 5.337610695313254343E-16, 0.000000000000000000, 1.000000000000000000 ) ) ;
#1197 = ORIENTED_EDGE ( 'NONE', *, *, #2823, .T. ) ;
#1198 = ORIENTED_EDGE ( 'NONE', *, *, #2447, .T. ) ;
#1199 = CARTESIAN_POINT ( 'NONE',  ( 73.68000000000000682, 0.000000000000000000, 3.030000000000003357 ) ) ;
#1200 = ORIENTED_EDGE ( 'NONE', *, *, #2543, .T. ) ;
#1201 = EDGE_CURVE ( 'NONE', #2013, #2464, #2296, .T. ) ;
#1202 = EDGE_LOOP ( 'NONE', ( #1537, #800, #3578, #2349 ) ) ;
#1203 = CARTESIAN_POINT ( 'NONE',  ( 103.7500000000000000, 0.000000000000000000, 46.97000000000000597 ) ) ;
#1204 = DIRECTION ( 'NONE',  ( -0.000000000000000000, -1.000000000000000000, -0.000000000000000000 ) ) ;
#1205 = ADVANCED_FACE ( 'NONE', ( #1366 ), #3438, .F. ) ;
#1206 = CARTESIAN_POINT ( 'NONE',  ( 16.03000000000000114, 0.000000000000000000, 16.02999999999999758 ) ) ;
#1207 = VECTOR ( 'NONE', #3503, 1000.000000000000000 ) ;
#1208 = VERTEX_POINT ( 'NONE', #1895 ) ;
#1209 = AXIS2_PLACEMENT_3D ( 'NONE', #3, #2968, #22 ) ;
#1210 = DIRECTION ( 'NONE',  ( 5.337610695313253357E-16, 0.000000000000000000, 1.000000000000000000 ) ) ;
#1211 = VERTEX_POINT ( 'NONE', #686 ) ;
#1212 = DIRECTION ( 'NONE',  ( -0.000000000000000000, 0.000000000000000000, -1.000000000000000000 ) ) ;
#1213 = AXIS2_PLACEMENT_3D ( 'NONE', #886, #3586, #1472 ) ;
#1214 = EDGE_CURVE ( 'NONE', #2727, #3548, #1045, .T. ) ;
#1215 = VECTOR ( 'NONE', #1434, 1000.000000000000000 ) ;
#1216 = DIRECTION ( 'NONE',  ( 0.000000000000000000, 0.000000000000000000, 1.000000000000000000 ) ) ;
#1217 = ORIENTED_EDGE ( 'NONE', *, *, #1432, .F. ) ;
#1218 = ORIENTED_EDGE ( 'NONE', *, *, #1102, .T. ) ;
#1219 = VECTOR ( 'NONE', #1698, 1000.000000000000000 ) ;
#1220 = FACE_OUTER_BOUND ( 'NONE', #3382, .T. ) ;
#1221 = ORIENTED_EDGE ( 'NONE', *, *, #2120, .F. ) ;
#1222 = ORIENTED_EDGE ( 'NONE', *, *, #346, .T. ) ;
#1223 = CARTESIAN_POINT ( 'NONE',  ( 54.62999999999999545, 3.000000000000000000, -2.915936722849630574E-14 ) ) ;
#1224 = CARTESIAN_POINT ( 'NONE',  ( 3.029999999999999805, 0.000000000000000000, 3.029999999999999805 ) ) ;
#1225 = AXIS2_PLACEMENT_3D ( 'NONE', #432, #2211, #80 ) ;
#1226 = ADVANCED_FACE ( 'NONE', ( #404 ), #1027, .T. ) ;
#1227 = EDGE_LOOP ( 'NONE', ( #1507, #1665, #180, #3775 ) ) ;
#1228 = VECTOR ( 'NONE', #3606, 1000.000000000000000 ) ;
#1229 = CARTESIAN_POINT ( 'NONE',  ( 54.75138121000000524, 3.000000000000000000, -8.480000000000002203 ) ) ;
#1230 = ORIENTED_EDGE ( 'NONE', *, *, #3622, .F. ) ;
#1231 = DIRECTION ( 'NONE',  ( 0.000000000000000000, 0.000000000000000000, 1.000000000000000000 ) ) ;
#1232 = AXIS2_PLACEMENT_3D ( 'NONE', #1831, #3251, #3577 ) ;
#1233 = EDGE_CURVE ( 'NONE', #3400, #2401, #2991, .T. ) ;
#1234 = FACE_OUTER_BOUND ( 'NONE', #2118, .T. ) ;
#1235 = AXIS2_PLACEMENT_3D ( 'NONE', #1739, #1104, #2931 ) ;
#1236 = ORIENTED_EDGE ( 'NONE', *, *, #1525, .F. ) ;
#1237 = ORIENTED_EDGE ( 'NONE', *, *, #3388, .T. ) ;
#1238 = AXIS2_PLACEMENT_3D ( 'NONE', #158, #765, #3723 ) ;
#1239 = VECTOR ( 'NONE', #3828, 1000.000000000000000 ) ;
#1240 = DIRECTION ( 'NONE',  ( 5.337610695313253357E-16, 0.000000000000000000, 1.000000000000000000 ) ) ;
#1241 = ORIENTED_EDGE ( 'NONE', *, *, #1666, .F. ) ;
#1242 = VERTEX_POINT ( 'NONE', #721 ) ;
#1243 = AXIS2_PLACEMENT_3D ( 'NONE', #2874, #2659, #1538 ) ;
#1244 = EDGE_CURVE ( 'NONE', #3255, #3528, #1110, .T. ) ;
#1245 = AXIS2_PLACEMENT_3D ( 'NONE', #3267, #934, #581 ) ;
#1246 = DIRECTION ( 'NONE',  ( -0.000000000000000000, 1.000000000000000000, -0.000000000000000000 ) ) ;
#1247 = CARTESIAN_POINT ( 'NONE',  ( 3.030000000000003357, 0.000000000000000000, 2.529999999999999805 ) ) ;
#1248 = CARTESIAN_POINT ( 'NONE',  ( 43.75000000000000711, 3.000000000000000000, -51.07339105000000501 ) ) ;
#1249 = ORIENTED_EDGE ( 'NONE', *, *, #2573, .F. ) ;
#1250 = DIRECTION ( 'NONE',  ( -0.000000000000000000, 1.000000000000000000, -0.000000000000000000 ) ) ;
#1251 = ORIENTED_EDGE ( 'NONE', *, *, #3593, .T. ) ;
#1252 = CARTESIAN_POINT ( 'NONE',  ( 0.000000000000000000, 0.000000000000000000, 21.78259228293302741 ) ) ;
#1253 = EDGE_CURVE ( 'NONE', #270, #58, #2928, .T. ) ;
#1254 = DIRECTION ( 'NONE',  ( 0.000000000000000000, 1.000000000000000000, -0.000000000000000000 ) ) ;
#1255 = ORIENTED_EDGE ( 'NONE', *, *, #1026, .T. ) ;
#1256 = ORIENTED_EDGE ( 'NONE', *, *, #2045, .T. ) ;
#1257 = EDGE_CURVE ( 'NONE', #342, #813, #502, .T. ) ;
#1258 = DIRECTION ( 'NONE',  ( 1.000000000000000000, -0.000000000000000000, 0.000000000000000000 ) ) ;
#1259 = CARTESIAN_POINT ( 'NONE',  ( 103.7500000000000000, -0.001000000000006204259, -64.50999999999999091 ) ) ;
#1260 = EDGE_LOOP ( 'NONE', ( #1412, #481, #1350, #2078 ) ) ;
#1261 = ADVANCED_FACE ( 'NONE', ( #2325 ), #2916, .F. ) ;
#1262 = DIRECTION ( 'NONE',  ( -0.000000000000000000, -1.000000000000000000, 0.000000000000000000 ) ) ;
#1263 = DIRECTION ( 'NONE',  ( 0.000000000000000000, 0.000000000000000000, 1.000000000000000000 ) ) ;
#1264 = DIRECTION ( 'NONE',  ( 0.000000000000000000, 0.000000000000000000, 1.000000000000000000 ) ) ;
#1265 = ORIENTED_EDGE ( 'NONE', *, *, #1328, .F. ) ;
#1266 = FACE_BOUND ( 'NONE', #1751, .T. ) ;
#1267 = DIRECTION ( 'NONE',  ( 0.000000000000000000, 1.000000000000000000, 0.000000000000000000 ) ) ;
#1268 = DIRECTION ( 'NONE',  ( 1.000000000000000000, 0.000000000000000000, -0.000000000000000000 ) ) ;
#1269 = AXIS2_PLACEMENT_3D ( 'NONE', #620, #2438, #27 ) ;
#1270 = ORIENTED_EDGE ( 'NONE', *, *, #3247, .T. ) ;
#1271 = DIRECTION ( 'NONE',  ( 0.000000000000000000, 0.000000000000000000, 1.000000000000000000 ) ) ;
#1272 = CIRCLE ( 'NONE', #2651, 0.5000000000000004441 ) ;
#1273 = EDGE_CURVE ( 'NONE', #2181, #2232, #1430, .T. ) ;
#1274 = DIRECTION ( 'NONE',  ( 1.000000000000000000, -0.000000000000000000, 0.000000000000000000 ) ) ;
#1275 = ORIENTED_EDGE ( 'NONE', *, *, #1467, .F. ) ;
#1276 = ORIENTED_EDGE ( 'NONE', *, *, #3837, .F. ) ;
#1277 = AXIS2_PLACEMENT_3D ( 'NONE', #1135, #2327, #549 ) ;
#1278 = ADVANCED_FACE ( 'NONE', ( #1113 ), #2627, .F. ) ;
#1279 = LINE ( 'NONE', #2839, #2801 ) ;
#1280 = CARTESIAN_POINT ( 'NONE',  ( 92.73000000000000398, 0.000000000000000000, 16.02999999999999758 ) ) ;
#1281 = DIRECTION ( 'NONE',  ( -1.000000000000000000, 0.000000000000000000, 0.000000000000000000 ) ) ;
#1282 = CARTESIAN_POINT ( 'NONE',  ( 103.7500000000000000, 3.000000000000000000, -64.50999999999999091 ) ) ;
#1283 = ORIENTED_EDGE ( 'NONE', *, *, #2385, .T. ) ;
#1284 = DIRECTION ( 'NONE',  ( 0.000000000000000000, -0.000000000000000000, 1.000000000000000000 ) ) ;
#1285 = DIRECTION ( 'NONE',  ( 0.000000000000000000, 0.000000000000000000, 1.000000000000000000 ) ) ;
#1286 = EDGE_CURVE ( 'NONE', #975, #2858, #1090, .T. ) ;
#1287 = AXIS2_PLACEMENT_3D ( 'NONE', #3354, #2514, #415 ) ;
#1288 = CARTESIAN_POINT ( 'NONE',  ( 0.000000000000000000, 0.000000000000000000, 0.000000000000000000 ) ) ;
#1289 = ORIENTED_EDGE ( 'NONE', *, *, #3310, .T. ) ;
#1290 = ORIENTED_EDGE ( 'NONE', *, *, #26, .T. ) ;
#1291 = DIRECTION ( 'NONE',  ( -0.000000000000000000, 1.000000000000000000, -0.000000000000000000 ) ) ;
#1292 = VECTOR ( 'NONE', #2193, 1000.000000000000000 ) ;
#1293 = DIRECTION ( 'NONE',  ( 0.000000000000000000, 1.000000000000000000, 0.000000000000000000 ) ) ;
#1294 = ORIENTED_EDGE ( 'NONE', *, *, #1544, .F. ) ;
#1295 = CIRCLE ( 'NONE', #1486, 1.700000000000000178 ) ;
#1296 = PRODUCT_RELATED_PRODUCT_CATEGORY ( 'part', '', ( #1480 ) ) ;
#1297 = CARTESIAN_POINT ( 'NONE',  ( 16.02999999999999758, 0.000000000000000000, 3.029999999999999805 ) ) ;
#1298 = CARTESIAN_POINT ( 'NONE',  ( 43.75000000000000711, -0.001000000000006204259, -16.50236683950969407 ) ) ;
#1299 = VECTOR ( 'NONE', #2245, 1000.000000000000000 ) ;
#1300 = DIRECTION ( 'NONE',  ( -0.000000000000000000, 1.000000000000000000, -0.000000000000000000 ) ) ;
#1301 = EDGE_CURVE ( 'NONE', #2817, #2986, #2034, .T. ) ;
#1302 = VECTOR ( 'NONE', #1595, 1000.000000000000000 ) ;
#1303 = DIRECTION ( 'NONE',  ( 0.000000000000000000, 0.000000000000000000, 1.000000000000000000 ) ) ;
#1304 = DIRECTION ( 'NONE',  ( 0.000000000000000000, 0.000000000000000000, 1.000000000000000000 ) ) ;
#1305 = AXIS2_PLACEMENT_3D ( 'NONE', #2249, #2757, #2776 ) ;
#1306 = LINE ( 'NONE', #3124, #1794 ) ;
#1307 = CARTESIAN_POINT ( 'NONE',  ( 92.72999999999998977, 0.000000000000000000, 22.28259228293302741 ) ) ;
#1308 = CARTESIAN_POINT ( 'NONE',  ( 77.38138121000000069, 3.000000000000000000, -24.79170859000000249 ) ) ;
#1309 = EDGE_CURVE ( 'NONE', #2405, #2264, #524, .T. ) ;
#1310 = CARTESIAN_POINT ( 'NONE',  ( 73.18000000000000682, 3.000000000000000000, 16.53000000000000114 ) ) ;
#1311 = EDGE_LOOP ( 'NONE', ( #933, #149, #2669, #1804 ) ) ;
#1312 = DIRECTION ( 'NONE',  ( 0.000000000000000000, 0.000000000000000000, 1.000000000000000000 ) ) ;
#1313 = ORIENTED_EDGE ( 'NONE', *, *, #3192, .F. ) ;
#1314 = LINE ( 'NONE', #668, #1955 ) ;
#1315 = ORIENTED_EDGE ( 'NONE', *, *, #583, .T. ) ;
#1316 = DIRECTION ( 'NONE',  ( 0.000000000000000000, 0.000000000000000000, 1.000000000000000000 ) ) ;
#1317 = FACE_OUTER_BOUND ( 'NONE', #3426, .T. ) ;
#1318 = DIRECTION ( 'NONE',  ( 0.000000000000000000, 0.000000000000000000, 1.000000000000000000 ) ) ;
#1319 = CARTESIAN_POINT ( 'NONE',  ( 0.000000000000000000, 0.000000000000000000, 35.78259228293302385 ) ) ;
#1320 = EDGE_CURVE ( 'NONE', #3816, #2815, #355, .T. ) ;
#1321 = PLANE ( 'NONE',  #3330 ) ;
#1322 = FACE_BOUND ( 'NONE', #1997, .T. ) ;
#1323 = DIRECTION ( 'NONE',  ( -0.000000000000000000, 1.224646799147353454E-16, -1.000000000000000000 ) ) ;
#1324 = CARTESIAN_POINT ( 'NONE',  ( 35.07999999999999829, 3.000000000000000000, 2.529999999999999805 ) ) ;
#1325 = DIRECTION ( 'NONE',  ( 0.000000000000000000, 0.000000000000000000, 1.000000000000000000 ) ) ;
#1326 = VERTEX_POINT ( 'NONE', #2283 ) ;
#1327 = DIRECTION ( 'NONE',  ( -0.000000000000000000, 1.000000000000000000, -0.000000000000000000 ) ) ;
#1328 = EDGE_CURVE ( 'NONE', #1326, #2405, #3831, .T. ) ;
#1329 = ORIENTED_EDGE ( 'NONE', *, *, #1141, .T. ) ;
#1330 = CIRCLE ( 'NONE', #2139, 0.5000000000000004441 ) ;
#1331 = CARTESIAN_POINT ( 'NONE',  ( 35.07999999999999829, 0.000000000000000000, 35.28259228293302385 ) ) ;
#1332 = ORIENTED_EDGE ( 'NONE', *, *, #893, .T. ) ;
#1333 = ORIENTED_EDGE ( 'NONE', *, *, #3247, .F. ) ;
#1334 = VECTOR ( 'NONE', #1841, 1000.000000000000000 ) ;
#1335 = LINE ( 'NONE', #3098, #1988 ) ;
#1336 = DIRECTION ( 'NONE',  ( 0.000000000000000000, 0.000000000000000000, 1.000000000000000000 ) ) ;
#1337 = CARTESIAN_POINT ( 'NONE',  ( 22.08000000000000185, 0.000000000000000000, 2.529999999999999805 ) ) ;
#1338 = DIRECTION ( 'NONE',  ( 0.000000000000000000, 0.000000000000000000, 1.000000000000000000 ) ) ;
#1339 = DIRECTION ( 'NONE',  ( -0.000000000000000000, 1.000000000000000000, -0.000000000000000000 ) ) ;
#1340 = FACE_OUTER_BOUND ( 'NONE', #209, .T. ) ;
#1341 = LINE ( 'NONE', #2538, #675 ) ;
#1342 = ADVANCED_FACE ( 'NONE', ( #266 ), #2953, .F. ) ;
#1343 = DIRECTION ( 'NONE',  ( 0.000000000000000000, 1.000000000000000000, -0.000000000000000000 ) ) ;
#1344 = VERTEX_POINT ( 'NONE', #2606 ) ;
#1345 = ORIENTED_EDGE ( 'NONE', *, *, #1477, .T. ) ;
#1346 = DIRECTION ( 'NONE',  ( -0.000000000000000000, 1.000000000000000000, -0.000000000000000000 ) ) ;
#1347 = ADVANCED_FACE ( 'NONE', ( #1992 ), #2936, .T. ) ;
#1348 = VECTOR ( 'NONE', #3820, 1000.000000000000000 ) ;
#1349 = CARTESIAN_POINT ( 'NONE',  ( 35.07999999999999829, 3.000000000000000000, 16.53000000000000114 ) ) ;
#1350 = ORIENTED_EDGE ( 'NONE', *, *, #1158, .F. ) ;
#1351 = ORIENTED_EDGE ( 'NONE', *, *, #1532, .F. ) ;
#1352 = DIRECTION ( 'NONE',  ( 1.000000000000000000, -0.000000000000000000, 0.000000000000000000 ) ) ;
#1353 = LINE ( 'NONE', #1058, #852 ) ;
#1354 = ORIENTED_EDGE ( 'NONE', *, *, #711, .T. ) ;
#1355 = EDGE_CURVE ( 'NONE', #907, #3854, #737, .T. ) ;
#1356 = VECTOR ( 'NONE', #3122, 1000.000000000000000 ) ;
#1357 = DIRECTION ( 'NONE',  ( 0.000000000000000000, 0.000000000000000000, 1.000000000000000000 ) ) ;
#1358 = CARTESIAN_POINT ( 'NONE',  ( 22.08000000000000185, 0.000000000000000000, 35.78259228293302385 ) ) ;
#1359 = CARTESIAN_POINT ( 'NONE',  ( 16.03000000000000469, 3.000000000000000000, 35.28259228293302385 ) ) ;
#1360 = CARTESIAN_POINT ( 'NONE',  ( 92.22999999999998977, 0.000000000000000000, 22.28259228293302741 ) ) ;
#1361 = AXIS2_PLACEMENT_3D ( 'NONE', #2736, #2336, #956 ) ;
#1362 = AXIS2_PLACEMENT_3D ( 'NONE', #772, #3748, #2581 ) ;
#1363 = DIRECTION ( 'NONE',  ( -0.000000000000000000, 1.000000000000000000, -0.000000000000000000 ) ) ;
#1364 = DIRECTION ( 'NONE',  ( 0.000000000000000000, 0.000000000000000000, 1.000000000000000000 ) ) ;
#1365 = EDGE_LOOP ( 'NONE', ( #3576, #1503, #3201, #1197 ) ) ;
#1366 = FACE_OUTER_BOUND ( 'NONE', #3657, .T. ) ;
#1367 = ORIENTED_EDGE ( 'NONE', *, *, #435, .T. ) ;
#1368 = EDGE_CURVE ( 'NONE', #2271, #2682, #1981, .T. ) ;
#1369 = DIRECTION ( 'NONE',  ( -0.000000000000000000, 1.000000000000000000, -0.000000000000000000 ) ) ;
#1370 = EDGE_CURVE ( 'NONE', #3132, #643, #3170, .T. ) ;
#1371 = ORIENTED_EDGE ( 'NONE', *, *, #962, .F. ) ;
#1372 = ORIENTED_EDGE ( 'NONE', *, *, #363, .T. ) ;
#1373 = CARTESIAN_POINT ( 'NONE',  ( 60.17999999999999261, 0.000000000000000000, 22.28259228293302741 ) ) ;
#1374 = DIRECTION ( 'NONE',  ( -0.000000000000000000, 1.000000000000000000, -0.000000000000000000 ) ) ;
#1375 = ORIENTED_EDGE ( 'NONE', *, *, #2553, .T. ) ;
#1376 = CARTESIAN_POINT ( 'NONE',  ( 35.07999999999999829, 0.000000000000000000, 16.53000000000000114 ) ) ;
#1377 = EDGE_CURVE ( 'NONE', #2974, #3260, #1448, .T. ) ;
#1378 = DIRECTION ( 'NONE',  ( -0.000000000000000000, 1.000000000000000000, -0.000000000000000000 ) ) ;
#1379 = CARTESIAN_POINT ( 'NONE',  ( 79.23000000000000398, 3.000000000000000000, 3.029999999999999805 ) ) ;
#1380 = DIRECTION ( 'NONE',  ( -1.000000000000000000, 0.000000000000000000, -0.000000000000000000 ) ) ;
#1381 = CARTESIAN_POINT ( 'NONE',  ( 79.22999999999998977, 0.000000000000000000, 35.28259228293302385 ) ) ;
#1382 = DIRECTION ( 'NONE',  ( -0.000000000000000000, 1.000000000000000000, -0.000000000000000000 ) ) ;
#1383 = CYLINDRICAL_SURFACE ( 'NONE', #3731, 0.5000000000000004441 ) ;
#1384 = ORIENTED_EDGE ( 'NONE', *, *, #1867, .F. ) ;
#1385 = CARTESIAN_POINT ( 'NONE',  ( 0.000000000000000000, 3.000000000000000000, 16.53000000000000114 ) ) ;
#1386 = ORIENTED_EDGE ( 'NONE', *, *, #3176, .T. ) ;
#1387 = FACE_OUTER_BOUND ( 'NONE', #1311, .T. ) ;
#1388 = VERTEX_POINT ( 'NONE', #1765 ) ;
#1389 = ORIENTED_EDGE ( 'NONE', *, *, #846, .T. ) ;
#1390 = ADVANCED_FACE ( 'NONE', ( #3193 ), #482, .F. ) ;
#1391 = VECTOR ( 'NONE', #2868, 1000.000000000000000 ) ;
#1392 = FACE_OUTER_BOUND ( 'NONE', #942, .T. ) ;
#1393 = DIRECTION ( 'NONE',  ( -0.000000000000000000, 1.000000000000000000, -0.000000000000000000 ) ) ;
#1394 = ORIENTED_EDGE ( 'NONE', *, *, #2707, .F. ) ;
#1395 = AXIS2_PLACEMENT_3D ( 'NONE', #2407, #3603, #2489 ) ;
#1396 = DIRECTION ( 'NONE',  ( -1.000000000000000000, 0.000000000000000000, 0.000000000000000000 ) ) ;
#1397 = EDGE_CURVE ( 'NONE', #529, #648, #1747, .T. ) ;
#1398 = VECTOR ( 'NONE', #2059, 1000.000000000000000 ) ;
#1399 = VERTEX_POINT ( 'NONE', #2714 ) ;
#1400 = DIRECTION ( 'NONE',  ( 0.000000000000000000, -1.000000000000000000, 0.000000000000000000 ) ) ;
#1401 = DIRECTION ( 'NONE',  ( 0.000000000000000000, 0.000000000000000000, 1.000000000000000000 ) ) ;
#1402 = DIRECTION ( 'NONE',  ( -0.000000000000000000, 1.000000000000000000, -0.000000000000000000 ) ) ;
#1403 = DIRECTION ( 'NONE',  ( 0.000000000000000000, 0.000000000000000000, 1.000000000000000000 ) ) ;
#1404 = AXIS2_PLACEMENT_3D ( 'NONE', #69, #1635, #110 ) ;
#1405 = DIRECTION ( 'NONE',  ( -0.000000000000000000, 1.000000000000000000, -0.000000000000000000 ) ) ;
#1406 = LINE ( 'NONE', #2322, #235 ) ;
#1407 = ORIENTED_EDGE ( 'NONE', *, *, #382, .F. ) ;
#1408 = EDGE_CURVE ( 'NONE', #3191, #2597, #1806, .T. ) ;
#1409 = CARTESIAN_POINT ( 'NONE',  ( 76.88138121000002911, 0.000000000000000000, -9.196434184907185726E-14 ) ) ;
#1410 = ORIENTED_EDGE ( 'NONE', *, *, #591, .F. ) ;
#1411 = DIRECTION ( 'NONE',  ( -0.000000000000000000, 1.000000000000000000, -0.000000000000000000 ) ) ;
#1412 = ORIENTED_EDGE ( 'NONE', *, *, #608, .T. ) ;
#1413 = ORIENTED_EDGE ( 'NONE', *, *, #1655, .T. ) ;
#1414 = AXIS2_PLACEMENT_3D ( 'NONE', #351, #2177, #3372 ) ;
#1415 = LINE ( 'NONE', #2268, #2997 ) ;
#1416 = CARTESIAN_POINT ( 'NONE',  ( 108.7500000000000000, 0.000000000000000000, -69.50999999999999091 ) ) ;
#1417 = CIRCLE ( 'NONE', #3232, 4.999999999999997335 ) ;
#1418 = ORIENTED_EDGE ( 'NONE', *, *, #567, .T. ) ;
#1419 = CARTESIAN_POINT ( 'NONE',  ( 16.03000000000000469, 0.000000000000000000, 35.78259228293302385 ) ) ;
#1420 = EDGE_CURVE ( 'NONE', #3850, #865, #360, .T. ) ;
#1421 = ORIENTED_EDGE ( 'NONE', *, *, #246, .F. ) ;
#1422 = DIRECTION ( 'NONE',  ( 0.000000000000000000, 1.000000000000000000, 0.000000000000000000 ) ) ;
#1423 = CARTESIAN_POINT ( 'NONE',  ( 22.08000000000000185, 0.000000000000000000, 35.28259228293302385 ) ) ;
#1424 = DIRECTION ( 'NONE',  ( 0.000000000000000000, 1.000000000000000000, -0.000000000000000000 ) ) ;
#1425 = CIRCLE ( 'NONE', #1238, 0.5000000000000004441 ) ;
#1426 = CIRCLE ( 'NONE', #1741, 0.5000000000000004441 ) ;
#1427 = FACE_OUTER_BOUND ( 'NONE', #2784, .T. ) ;
#1428 = AXIS2_PLACEMENT_3D ( 'NONE', #2263, #3455, #253 ) ;
#1429 = CARTESIAN_POINT ( 'NONE',  ( 92.23000000000000398, 0.000000000000000000, 16.53000000000000114 ) ) ;
#1430 = LINE ( 'NONE', #3771, #1801 ) ;
#1431 = CIRCLE ( 'NONE', #2301, 0.5000000000000004441 ) ;
#1432 = EDGE_CURVE ( 'NONE', #325, #1466, #951, .T. ) ;
#1433 = ORIENTED_EDGE ( 'NONE', *, *, #1119, .F. ) ;
#1434 = DIRECTION ( 'NONE',  ( 1.000000000000000000, -0.000000000000000000, 0.000000000000000000 ) ) ;
#1435 = VERTEX_POINT ( 'NONE', #2145 ) ;
#1436 = ORIENTED_EDGE ( 'NONE', *, *, #2262, .F. ) ;
#1437 = DIRECTION ( 'NONE',  ( 0.000000000000000000, 0.000000000000000000, 1.000000000000000000 ) ) ;
#1438 = DIRECTION ( 'NONE',  ( 1.000000000000000000, 0.000000000000000000, -0.000000000000000000 ) ) ;
#1439 = EDGE_LOOP ( 'NONE', ( #3296, #2618, #1160, #87 ) ) ;
#1440 = DIRECTION ( 'NONE',  ( -0.000000000000000000, 1.000000000000000000, -0.000000000000000000 ) ) ;
#1441 = DIRECTION ( 'NONE',  ( 0.000000000000000000, 0.000000000000000000, 1.000000000000000000 ) ) ;
#1442 = CYLINDRICAL_SURFACE ( 'NONE', #1078, 0.5000000000000004441 ) ;
#1443 = FACE_OUTER_BOUND ( 'NONE', #669, .T. ) ;
#1444 = EDGE_CURVE ( 'NONE', #1581, #1007, #898, .T. ) ;
#1445 = VERTEX_POINT ( 'NONE', #3321 ) ;
#1446 = DIRECTION ( 'NONE',  ( 0.000000000000000000, 1.000000000000000000, -0.000000000000000000 ) ) ;
#1447 = ORIENTED_EDGE ( 'NONE', *, *, #2024, .F. ) ;
#1448 = LINE ( 'NONE', #3540, #3053 ) ;
#1449 = ADVANCED_FACE ( 'NONE', ( #2108 ), #304, .F. ) ;
#1450 = DIRECTION ( 'NONE',  ( 1.000000000000000000, -0.000000000000000000, 0.000000000000000000 ) ) ;
#1451 = EDGE_LOOP ( 'NONE', ( #1191, #3475, #3583, #997, #1991, #2939, #2419, #565 ) ) ;
#1452 = VERTEX_POINT ( 'NONE', #1800 ) ;
#1453 = ADVANCED_FACE ( 'NONE', ( #2074 ), #1173, .F. ) ;
#1454 = DIRECTION ( 'NONE',  ( -1.000000000000000000, 0.000000000000000000, 2.668805347656626678E-16 ) ) ;
#1455 = ORIENTED_EDGE ( 'NONE', *, *, #1141, .F. ) ;
#1456 = DIRECTION ( 'NONE',  ( -0.000000000000000000, 1.000000000000000000, -0.000000000000000000 ) ) ;
#1457 = ADVANCED_FACE ( 'NONE', ( #1819 ), #2996, .F. ) ;
#1458 = ORIENTED_EDGE ( 'NONE', *, *, #2854, .F. ) ;
#1459 = CARTESIAN_POINT ( 'NONE',  ( 0.000000000000000000, 0.000000000000000000, 35.78259228293302385 ) ) ;
#1460 = VECTOR ( 'NONE', #1339, 1000.000000000000000 ) ;
#1461 = DIRECTION ( 'NONE',  ( -0.000000000000000000, 1.000000000000000000, -0.000000000000000000 ) ) ;
#1462 = VECTOR ( 'NONE', #974, 1000.000000000000000 ) ;
#1463 = EDGE_LOOP ( 'NONE', ( #2751, #3459, #2812, #2704, #3258, #3755, #1256, #1222 ) ) ;
#1464 = VECTOR ( 'NONE', #1469, 1000.000000000000000 ) ;
#1465 = CARTESIAN_POINT ( 'NONE',  ( 54.75138121000000524, 3.000000000000000000, -11.98000000000000043 ) ) ;
#1466 = VERTEX_POINT ( 'NONE', #660 ) ;
#1467 = EDGE_CURVE ( 'NONE', #844, #1797, #2730, .T. ) ;
#1468 = DIRECTION ( 'NONE',  ( 0.000000000000000000, 1.000000000000000000, -0.000000000000000000 ) ) ;
#1469 = DIRECTION ( 'NONE',  ( 1.000000000000000000, -0.000000000000000000, 0.000000000000000000 ) ) ;
#1470 = ORIENTED_EDGE ( 'NONE', *, *, #2673, .T. ) ;
#1471 = ORIENTED_EDGE ( 'NONE', *, *, #1639, .F. ) ;
#1472 = DIRECTION ( 'NONE',  ( 0.000000000000000000, 0.000000000000000000, 1.000000000000000000 ) ) ;
#1473 = ORIENTED_EDGE ( 'NONE', *, *, #2397, .F. ) ;
#1474 = LINE ( 'NONE', #644, #1175 ) ;
#1475 = AXIS2_PLACEMENT_3D ( 'NONE', #1019, #2455, #1303 ) ;
#1476 = LINE ( 'NONE', #1773, #2284 ) ;
#1477 = EDGE_CURVE ( 'NONE', #615, #1762, #3597, .T. ) ;
#1478 = CARTESIAN_POINT ( 'NONE',  ( 92.72999999999998977, 3.000000000000000000, -0.000000000000000000 ) ) ;
#1479 = CARTESIAN_POINT ( 'NONE',  ( 59.67999999999999261, 3.000000000000000000, 22.28259228293302741 ) ) ;
#1480 = PRODUCT ( 'Middle', 'Middle', '', ( #908 ) ) ;
#1481 = VECTOR ( 'NONE', #224, 1000.000000000000000 ) ;
#1482 = VERTEX_POINT ( 'NONE', #2975 ) ;
#1483 = CARTESIAN_POINT ( 'NONE',  ( 92.22999999999998977, 0.000000000000000000, 35.78259228293302385 ) ) ;
#1484 = ORIENTED_EDGE ( 'NONE', *, *, #1655, .F. ) ;
#1485 = DIRECTION ( 'NONE',  ( -1.000000000000000000, 0.000000000000000000, 0.000000000000000000 ) ) ;
#1486 = AXIS2_PLACEMENT_3D ( 'NONE', #2496, #1904, #1318 ) ;
#1487 = CARTESIAN_POINT ( 'NONE',  ( 73.18000000000000682, 0.000000000000000000, 16.02999999999999758 ) ) ;
#1488 = ORIENTED_EDGE ( 'NONE', *, *, #697, .F. ) ;
#1489 = ORIENTED_EDGE ( 'NONE', *, *, #1233, .F. ) ;
#1490 = EDGE_CURVE ( 'NONE', #1211, #2884, #51, .T. ) ;
#1491 = AXIS2_PLACEMENT_3D ( 'NONE', #1252, #1231, #1521 ) ;
#1492 = ADVANCED_FACE ( 'NONE', ( #3050 ), #2383, .T. ) ;
#1493 = FACE_OUTER_BOUND ( 'NONE', #36, .T. ) ;
#1494 = AXIS2_PLACEMENT_3D ( 'NONE', #3740, #1610, #3371 ) ;
#1495 = ORIENTED_EDGE ( 'NONE', *, *, #3736, .T. ) ;
#1496 = EDGE_LOOP ( 'NONE', ( #1849, #3842, #2588, #699 ) ) ;
#1497 = DIRECTION ( 'NONE',  ( -0.000000000000000000, -0.000000000000000000, 1.000000000000000000 ) ) ;
#1498 = CARTESIAN_POINT ( 'NONE',  ( -1.249999999999993117, 3.000000000000000000, -4.039999999999974278 ) ) ;
#1499 = CARTESIAN_POINT ( 'NONE',  ( 103.7500000000000000, 0.000000000000000000, -69.50999999999999091 ) ) ;
#1500 = ADVANCED_FACE ( 'NONE', ( #2402 ), #917, .T. ) ;
#1501 = VERTEX_POINT ( 'NONE', #31 ) ;
#1502 = CARTESIAN_POINT ( 'NONE',  ( 16.03000000000000114, 0.000000000000000000, 16.53000000000000114 ) ) ;
#1503 = ORIENTED_EDGE ( 'NONE', *, *, #2340, .F. ) ;
#1504 = DIRECTION ( 'NONE',  ( -0.000000000000000000, 1.000000000000000000, -0.000000000000000000 ) ) ;
#1505 = FACE_OUTER_BOUND ( 'NONE', #409, .T. ) ;
#1506 = ORIENTED_EDGE ( 'NONE', *, *, #3569, .F. ) ;
#1507 = ORIENTED_EDGE ( 'NONE', *, *, #2980, .F. ) ;
#1508 = FACE_OUTER_BOUND ( 'NONE', #2793, .T. ) ;
#1509 = ORIENTED_EDGE ( 'NONE', *, *, #346, .F. ) ;
#1510 = ORIENTED_EDGE ( 'NONE', *, *, #2225, .T. ) ;
#1511 = EDGE_CURVE ( 'NONE', #906, #1482, #3673, .T. ) ;
#1512 = ORIENTED_EDGE ( 'NONE', *, *, #1377, .F. ) ;
#1513 = CARTESIAN_POINT ( 'NONE',  ( 41.13000000000000256, 0.000000000000000000, 35.28259228293302385 ) ) ;
#1514 = DIRECTION ( 'NONE',  ( -1.000000000000000000, -2.465190328815661345E-32, 1.224646799147353947E-16 ) ) ;
#1515 = DIRECTION ( 'NONE',  ( 1.000000000000000000, 0.000000000000000000, -0.000000000000000000 ) ) ;
#1516 = VECTOR ( 'NONE', #817, 1000.000000000000000 ) ;
#1517 = CARTESIAN_POINT ( 'NONE',  ( 35.57999999999999829, 0.000000000000000000, 35.28259228293302385 ) ) ;
#1518 = ORIENTED_EDGE ( 'NONE', *, *, #2045, .F. ) ;
#1519 = LINE ( 'NONE', #599, #3110 ) ;
#1520 = ORIENTED_EDGE ( 'NONE', *, *, #607, .T. ) ;
#1521 = DIRECTION ( 'NONE',  ( 1.000000000000000000, 0.000000000000000000, -0.000000000000000000 ) ) ;
#1522 = VECTOR ( 'NONE', #2171, 1000.000000000000000 ) ;
#1523 = AXIS2_PLACEMENT_3D ( 'NONE', #1487, #1524, #3581 ) ;
#1524 = DIRECTION ( 'NONE',  ( 0.000000000000000000, 1.000000000000000000, -0.000000000000000000 ) ) ;
#1525 = EDGE_CURVE ( 'NONE', #402, #3274, #2366, .T. ) ;
#1526 = ORIENTED_EDGE ( 'NONE', *, *, #1584, .F. ) ;
#1527 = PLANE ( 'NONE',  #1015 ) ;
#1528 = VERTEX_POINT ( 'NONE', #419 ) ;
#1529 = ORIENTED_EDGE ( 'NONE', *, *, #1833, .F. ) ;
#1530 = CARTESIAN_POINT ( 'NONE',  ( 35.07999999999999829, 3.000000000000000000, 22.28259228293302741 ) ) ;
#1531 = AXIS2_PLACEMENT_3D ( 'NONE', #977, #137, #1336 ) ;
#1532 = EDGE_CURVE ( 'NONE', #2061, #426, #717, .T. ) ;
#1533 = EDGE_CURVE ( 'NONE', #3032, #3565, #3086, .T. ) ;
#1534 = ORIENTED_EDGE ( 'NONE', *, *, #663, .T. ) ;
#1535 = AXIS2_PLACEMENT_3D ( 'NONE', #714, #3103, #3704 ) ;
#1536 = LINE ( 'NONE', #1780, #1166 ) ;
#1537 = ORIENTED_EDGE ( 'NONE', *, *, #3306, .T. ) ;
#1538 = DIRECTION ( 'NONE',  ( 1.000000000000000000, 0.000000000000000000, 0.000000000000000000 ) ) ;
#1539 = CARTESIAN_POINT ( 'NONE',  ( 54.62999999999999545, 0.000000000000000000, 0.000000000000000000 ) ) ;
#1540 = VECTOR ( 'NONE', #2672, 1000.000000000000000 ) ;
#1541 = VERTEX_POINT ( 'NONE', #2826 ) ;
#1542 = ORIENTED_EDGE ( 'NONE', *, *, #3641, .T. ) ;
#1543 = DIRECTION ( 'NONE',  ( -0.000000000000000000, 1.000000000000000000, -0.000000000000000000 ) ) ;
#1544 = EDGE_CURVE ( 'NONE', #465, #214, #48, .T. ) ;
#1545 = AXIS2_PLACEMENT_3D ( 'NONE', #3109, #424, #1325 ) ;
#1546 = CARTESIAN_POINT ( 'NONE',  ( 35.57999999999999829, 3.000000000000000000, -0.000000000000000000 ) ) ;
#1547 = ORIENTED_EDGE ( 'NONE', *, *, #194, .F. ) ;
#1548 = AXIS2_PLACEMENT_3D ( 'NONE', #3384, #1050, #444 ) ;
#1549 = AXIS2_PLACEMENT_3D ( 'NONE', #1360, #3164, #3225 ) ;
#1550 = CARTESIAN_POINT ( 'NONE',  ( 0.000000000000000000, 3.000000000000000000, 16.53000000000000114 ) ) ;
#1551 = LINE ( 'NONE', #1866, #1796 ) ;
#1552 = DIRECTION ( 'NONE',  ( 0.000000000000000000, 0.000000000000000000, 1.000000000000000000 ) ) ;
#1553 = DIRECTION ( 'NONE',  ( 5.337610695313254343E-16, 0.000000000000000000, 1.000000000000000000 ) ) ;
#1554 = ORIENTED_EDGE ( 'NONE', *, *, #2351, .F. ) ;
#1555 = LINE ( 'NONE', #2746, #2476 ) ;
#1556 = CARTESIAN_POINT ( 'NONE',  ( 16.02999999999999403, 3.000000000000000000, 2.529999999999999805 ) ) ;
#1557 = EDGE_CURVE ( 'NONE', #3337, #2584, #1004, .T. ) ;
#1558 = CARTESIAN_POINT ( 'NONE',  ( -1.250000000000001110, 3.000000000000000000, 0.000000000000000000 ) ) ;
#1559 = EDGE_LOOP ( 'NONE', ( #199, #2130, #487, #367 ) ) ;
#1560 = ORIENTED_EDGE ( 'NONE', *, *, #2787, .T. ) ;
#1561 = LINE ( 'NONE', #3241, #420 ) ;
#1562 = EDGE_CURVE ( 'NONE', #1686, #3284, #1431, .T. ) ;
#1563 = CARTESIAN_POINT ( 'NONE',  ( 59.67999999999999972, 0.000000000000000000, 35.28259228293302385 ) ) ;
#1564 = VERTEX_POINT ( 'NONE', #696 ) ;
#1565 = VERTEX_POINT ( 'NONE', #3413 ) ;
#1566 = EDGE_CURVE ( 'NONE', #2817, #2950, #1887, .T. ) ;
#1567 = LINE ( 'NONE', #2471, #661 ) ;
#1568 = EDGE_CURVE ( 'NONE', #787, #3339, #400, .T. ) ;
#1569 = CARTESIAN_POINT ( 'NONE',  ( 0.000000000000000000, 0.000000000000000000, 16.53000000000000114 ) ) ;
#1570 = CARTESIAN_POINT ( 'NONE',  ( 54.12999999999998835, 3.000000000000000000, 21.78259228293302741 ) ) ;
#1571 = CARTESIAN_POINT ( 'NONE',  ( 92.72999999999998977, 0.000000000000000000, 35.28259228293302385 ) ) ;
#1572 = ORIENTED_EDGE ( 'NONE', *, *, #1201, .F. ) ;
#1573 = FACE_BOUND ( 'NONE', #725, .T. ) ;
#1574 = CARTESIAN_POINT ( 'NONE',  ( 103.7500000000000000, -0.001000000000006204259, -66.20999999999997954 ) ) ;
#1575 = DIRECTION ( 'NONE',  ( -1.000000000000000000, 0.000000000000000000, 0.000000000000000000 ) ) ;
#1576 = AXIS2_PLACEMENT_3D ( 'NONE', #3513, #2843, #3161 ) ;
#1577 = ORIENTED_EDGE ( 'NONE', *, *, #878, .T. ) ;
#1578 = VERTEX_POINT ( 'NONE', #2163 ) ;
#1579 = CARTESIAN_POINT ( 'NONE',  ( 35.07999999999999829, 0.000000000000000000, 35.28259228293302385 ) ) ;
#1580 = VECTOR ( 'NONE', #1030, 1000.000000000000000 ) ;
#1581 = VERTEX_POINT ( 'NONE', #736 ) ;
#1582 = ADVANCED_FACE ( 'NONE', ( #682 ), #67, .F. ) ;
#1583 = FACE_OUTER_BOUND ( 'NONE', #462, .T. ) ;
#1584 = EDGE_CURVE ( 'NONE', #1452, #2161, #89, .T. ) ;
#1585 = VERTEX_POINT ( 'NONE', #3434 ) ;
#1586 = VECTOR ( 'NONE', #1411, 1000.000000000000000 ) ;
#1587 = DIRECTION ( 'NONE',  ( -0.000000000000000000, 1.000000000000000000, -0.000000000000000000 ) ) ;
#1588 = FACE_BOUND ( 'NONE', #3061, .T. ) ;
#1589 = CARTESIAN_POINT ( 'NONE',  ( 16.53000000000000114, 3.000000000000000000, -4.411535239676404486E-15 ) ) ;
#1590 = EDGE_CURVE ( 'NONE', #280, #2858, #2115, .T. ) ;
#1591 = DIRECTION ( 'NONE',  ( 0.000000000000000000, 0.000000000000000000, 1.000000000000000000 ) ) ;
#1592 = LINE ( 'NONE', #375, #3390 ) ;
#1593 = ORIENTED_EDGE ( 'NONE', *, *, #3472, .F. ) ;
#1594 = CARTESIAN_POINT ( 'NONE',  ( 108.7500000000000000, 3.000000000000000000, 0.000000000000000000 ) ) ;
#1595 = DIRECTION ( 'NONE',  ( -0.000000000000000000, 1.000000000000000000, -0.000000000000000000 ) ) ;
#1596 = VECTOR ( 'NONE', #1611, 1000.000000000000000 ) ;
#1597 = VECTOR ( 'NONE', #3762, 1000.000000000000000 ) ;
#1598 = DIRECTION ( 'NONE',  ( -0.000000000000000000, 1.000000000000000000, -0.000000000000000000 ) ) ;
#1599 = CARTESIAN_POINT ( 'NONE',  ( 0.000000000000000000, 3.000000000000000000, 21.78259228293302741 ) ) ;
#1600 = ORIENTED_EDGE ( 'NONE', *, *, #3714, .F. ) ;
#1601 = CARTESIAN_POINT ( 'NONE',  ( 103.7500000000000000, 0.000000000000000000, -64.50999999999999091 ) ) ;
#1602 = VECTOR ( 'NONE', #681, 1000.000000000000000 ) ;
#1603 = ORIENTED_EDGE ( 'NONE', *, *, #312, .F. ) ;
#1604 = AXIS2_PLACEMENT_3D ( 'NONE', #2414, #3592, #5 ) ;
#1605 = DIRECTION ( 'NONE',  ( 0.000000000000000000, 1.000000000000000000, -0.000000000000000000 ) ) ;
#1606 = ORIENTED_EDGE ( 'NONE', *, *, #3823, .F. ) ;
#1607 = VECTOR ( 'NONE', #139, 1000.000000000000000 ) ;
#1608 = VECTOR ( 'NONE', #1723, 1000.000000000000000 ) ;
#1609 = EDGE_CURVE ( 'NONE', #329, #2365, #2558, .T. ) ;
#1610 = DIRECTION ( 'NONE',  ( 0.000000000000000000, 0.000000000000000000, 1.000000000000000000 ) ) ;
#1611 = DIRECTION ( 'NONE',  ( -0.000000000000000000, 1.000000000000000000, -0.000000000000000000 ) ) ;
#1612 = VECTOR ( 'NONE', #573, 1000.000000000000000 ) ;
#1613 = LINE ( 'NONE', #1589, #2421 ) ;
#1614 = CIRCLE ( 'NONE', #2429, 3.499999999999999556 ) ;
#1615 = LINE ( 'NONE', #3432, #138 ) ;
#1616 = PLANE ( 'NONE',  #3852 ) ;
#1617 = EDGE_CURVE ( 'NONE', #906, #403, #2501, .T. ) ;
#1618 = CARTESIAN_POINT ( 'NONE',  ( 40.62999999999999545, 0.000000000000000000, 22.28259228293302741 ) ) ;
#1619 = DIRECTION ( 'NONE',  ( 1.000000000000000000, 0.000000000000000000, -0.000000000000000000 ) ) ;
#1620 = ORIENTED_EDGE ( 'NONE', *, *, #2138, .F. ) ;
#1621 = ORIENTED_EDGE ( 'NONE', *, *, #1760, .T. ) ;
#1622 = LINE ( 'NONE', #2526, #2170 ) ;
#1623 = ORIENTED_EDGE ( 'NONE', *, *, #2239, .T. ) ;
#1624 = DIRECTION ( 'NONE',  ( 0.000000000000000000, 0.000000000000000000, 1.000000000000000000 ) ) ;
#1625 = ORIENTED_EDGE ( 'NONE', *, *, #2506, .T. ) ;
#1626 = VERTEX_POINT ( 'NONE', #1618 ) ;
#1627 = CARTESIAN_POINT ( 'NONE',  ( 89.08138121000000353, 3.000000000000000000, -12.68999999999999950 ) ) ;
#1628 = CARTESIAN_POINT ( 'NONE',  ( 0.000000000000000000, 0.000000000000000000, 16.53000000000000114 ) ) ;
#1629 = EDGE_CURVE ( 'NONE', #3712, #782, #869, .T. ) ;
#1630 = LINE ( 'NONE', #2821, #1607 ) ;
#1631 = DIRECTION ( 'NONE',  ( 1.000000000000000000, 0.000000000000000000, -0.000000000000000000 ) ) ;
#1632 = DIRECTION ( 'NONE',  ( 0.000000000000000000, 0.000000000000000000, 1.000000000000000000 ) ) ;
#1633 = DIRECTION ( 'NONE',  ( -1.059858546495681701E-16, 0.000000000000000000, -1.000000000000000000 ) ) ;
#1634 = DIRECTION ( 'NONE',  ( 0.000000000000000000, 0.000000000000000000, 1.000000000000000000 ) ) ;
#1635 = DIRECTION ( 'NONE',  ( 0.000000000000000000, 1.000000000000000000, -0.000000000000000000 ) ) ;
#1636 = EDGE_LOOP ( 'NONE', ( #1413, #3769, #2666, #2541 ) ) ;
#1637 = ORIENTED_EDGE ( 'NONE', *, *, #333, .F. ) ;
#1638 = CARTESIAN_POINT ( 'NONE',  ( 22.08000000000000185, 3.000000000000000000, 3.029999999999999805 ) ) ;
#1639 = EDGE_CURVE ( 'NONE', #1435, #3462, #1044, .T. ) ;
#1640 = VERTEX_POINT ( 'NONE', #2197 ) ;
#1641 = VECTOR ( 'NONE', #833, 1000.000000000000000 ) ;
#1642 = DIRECTION ( 'NONE',  ( 0.000000000000000000, 1.000000000000000000, -0.000000000000000000 ) ) ;
#1643 = ORIENTED_EDGE ( 'NONE', *, *, #2853, .T. ) ;
#1644 = EDGE_LOOP ( 'NONE', ( #1899, #2914, #1193, #659 ) ) ;
#1645 = AXIS2_PLACEMENT_3D ( 'NONE', #553, #508, #2332 ) ;
#1646 = FACE_OUTER_BOUND ( 'NONE', #2837, .T. ) ;
#1647 = CARTESIAN_POINT ( 'NONE',  ( 22.08000000000000185, 0.000000000000000000, 35.78259228293302385 ) ) ;
#1648 = AXIS2_PLACEMENT_3D ( 'NONE', #1154, #2660, #2733 ) ;
#1649 = CARTESIAN_POINT ( 'NONE',  ( 86.68138121000001206, 0.000000000000000000, 0.000000000000000000 ) ) ;
#1650 = DIRECTION ( 'NONE',  ( 2.668805347656627171E-16, 0.000000000000000000, 1.000000000000000000 ) ) ;
#1651 = CARTESIAN_POINT ( 'NONE',  ( 41.13000000000000966, 3.000000000000000000, 16.02999999999999758 ) ) ;
#1652 = EDGE_CURVE ( 'NONE', #1326, #859, #753, .T. ) ;
#1653 = CARTESIAN_POINT ( 'NONE',  ( 92.23000000000000398, 0.000000000000000000, 2.529999999999999805 ) ) ;
#1654 = DIRECTION ( 'NONE',  ( 0.000000000000000000, 1.000000000000000000, -0.000000000000000000 ) ) ;
#1655 = EDGE_CURVE ( 'NONE', #2858, #3816, #969, .T. ) ;
#1656 = EDGE_CURVE ( 'NONE', #1827, #117, #1341, .T. ) ;
#1657 = FILL_AREA_STYLE_COLOUR ( '', #1720 ) ;
#1658 = CARTESIAN_POINT ( 'NONE',  ( 0.000000000000000000, 0.000000000000000000, 16.53000000000000114 ) ) ;
#1659 = VERTEX_POINT ( 'NONE', #362 ) ;
#1660 = CARTESIAN_POINT ( 'NONE',  ( 54.13000000000000256, 0.000000000000000000, 16.53000000000000114 ) ) ;
#1661 = VECTOR ( 'NONE', #4, 1000.000000000000000 ) ;
#1662 = VERTEX_POINT ( 'NONE', #1556 ) ;
#1663 = DIRECTION ( 'NONE',  ( 0.000000000000000000, 1.000000000000000000, -0.000000000000000000 ) ) ;
#1664 = VECTOR ( 'NONE', #1633, 1000.000000000000000 ) ;
#1665 = ORIENTED_EDGE ( 'NONE', *, *, #434, .F. ) ;
#1666 = EDGE_CURVE ( 'NONE', #685, #2488, #1085, .T. ) ;
#1667 = AXIS2_PLACEMENT_3D ( 'NONE', #1206, #2104, #3610 ) ;
#1668 = FACE_OUTER_BOUND ( 'NONE', #256, .T. ) ;
#1669 = FACE_OUTER_BOUND ( 'NONE', #1013, .T. ) ;
#1670 = ORIENTED_EDGE ( 'NONE', *, *, #1802, .T. ) ;
#1671 = CARTESIAN_POINT ( 'NONE',  ( 0.000000000000000000, 3.000000000000000000, 35.78259228293302385 ) ) ;
#1672 = AXIS2_PLACEMENT_3D ( 'NONE', #1658, #1364, #3453 ) ;
#1673 = LINE ( 'NONE', #1083, #3079 ) ;
#1674 = LINE ( 'NONE', #185, #2922 ) ;
#1675 = CARTESIAN_POINT ( 'NONE',  ( 86.68138121000001206, -7.000000000000000000, -51.07339105000000501 ) ) ;
#1676 = VECTOR ( 'NONE', #2786, 1000.000000000000000 ) ;
#1677 = VECTOR ( 'NONE', #708, 1000.000000000000000 ) ;
#1678 = LINE ( 'NONE', #1722, #389 ) ;
#1679 = LINE ( 'NONE', #818, #3298 ) ;
#1680 = VERTEX_POINT ( 'NONE', #2563 ) ;
#1681 = EDGE_CURVE ( 'NONE', #1565, #569, #242, .T. ) ;
#1682 = DIRECTION ( 'NONE',  ( 1.196184829170446456E-15, -0.000000000000000000, 1.000000000000000000 ) ) ;
#1683 = UNCERTAINTY_MEASURE_WITH_UNIT (LENGTH_MEASURE( 1.000000000000000082E-05 ), #314, 'distance_accuracy_value', 'NONE');
#1684 = ORIENTED_EDGE ( 'NONE', *, *, #2397, .T. ) ;
#1685 = DIRECTION ( 'NONE',  ( -1.000000000000000000, -0.000000000000000000, -0.000000000000000000 ) ) ;
#1686 = VERTEX_POINT ( 'NONE', #3188 ) ;
#1687 = ORIENTED_EDGE ( 'NONE', *, *, #505, .F. ) ;
#1688 = EDGE_CURVE ( 'NONE', #2952, #2087, #3206, .T. ) ;
#1689 = DIRECTION ( 'NONE',  ( 0.000000000000000000, 0.000000000000000000, 1.000000000000000000 ) ) ;
#1690 = FACE_BOUND ( 'NONE', #283, .T. ) ;
#1691 = ORIENTED_EDGE ( 'NONE', *, *, #567, .F. ) ;
#1692 = CARTESIAN_POINT ( 'NONE',  ( 0.000000000000000000, 0.000000000000000000, 16.53000000000000114 ) ) ;
#1693 = DIRECTION ( 'NONE',  ( 0.000000000000000000, 1.000000000000000000, 0.000000000000000000 ) ) ;
#1694 = EDGE_CURVE ( 'NONE', #1208, #1452, #2993, .T. ) ;
#1695 = DIRECTION ( 'NONE',  ( -0.000000000000000000, 1.000000000000000000, -0.000000000000000000 ) ) ;
#1696 = DIRECTION ( 'NONE',  ( 0.000000000000000000, 1.000000000000000000, -0.000000000000000000 ) ) ;
#1697 = DIRECTION ( 'NONE',  ( 0.000000000000000000, 0.000000000000000000, 1.000000000000000000 ) ) ;
#1698 = DIRECTION ( 'NONE',  ( -0.000000000000000000, 1.000000000000000000, -0.000000000000000000 ) ) ;
#1699 = CARTESIAN_POINT ( 'NONE',  ( 0.000000000000000000, 3.000000000000000000, 21.78259228293302741 ) ) ;
#1700 = ORIENTED_EDGE ( 'NONE', *, *, #857, .T. ) ;
#1701 = DIRECTION ( 'NONE',  ( -0.000000000000000000, 1.000000000000000000, -0.000000000000000000 ) ) ;
#1702 = ORIENTED_EDGE ( 'NONE', *, *, #3380, .F. ) ;
#1703 = FACE_OUTER_BOUND ( 'NONE', #189, .T. ) ;
#1704 = EDGE_LOOP ( 'NONE', ( #3437, #1705, #1149, #2876 ) ) ;
#1705 = ORIENTED_EDGE ( 'NONE', *, *, #674, .F. ) ;
#1706 = EDGE_CURVE ( 'NONE', #866, #3604, #3450, .T. ) ;
#1707 = VECTOR ( 'NONE', #1869, 1000.000000000000000 ) ;
#1708 = EDGE_CURVE ( 'NONE', #1048, #3425, #2799, .T. ) ;
#1709 = CARTESIAN_POINT ( 'NONE',  ( -1.249999999999993117, 0.000000000000000000, -4.039999999999974278 ) ) ;
#1710 = DIRECTION ( 'NONE',  ( -0.000000000000000000, -1.000000000000000000, 0.000000000000000000 ) ) ;
#1711 = ORIENTED_EDGE ( 'NONE', *, *, #3442, .F. ) ;
#1712 = CIRCLE ( 'NONE', #1081, 0.5000000000000004441 ) ;
#1713 = LINE ( 'NONE', #1671, #43 ) ;
#1714 = AXIS2_PLACEMENT_3D ( 'NONE', #1288, #2481, #1268 ) ;
#1715 = VERTEX_POINT ( 'NONE', #2622 ) ;
#1716 = CYLINDRICAL_SURFACE ( 'NONE', #727, 0.5000000000000004441 ) ;
#1717 = PLANE ( 'NONE',  #1095 ) ;
#1718 = DIRECTION ( 'NONE',  ( 0.000000000000000000, 0.000000000000000000, 1.000000000000000000 ) ) ;
#1719 = DIRECTION ( 'NONE',  ( -0.000000000000000000, -1.000000000000000000, 0.000000000000000000 ) ) ;
#1720 = COLOUR_RGB ( '',1.000000000000000000, 1.000000000000000000, 1.000000000000000000 ) ;
#1721 = ADVANCED_FACE ( 'NONE', ( #2008 ), #3809, .T. ) ;
#1722 = CARTESIAN_POINT ( 'NONE',  ( 0.000000000000000000, 3.000000000000000000, 35.78259228293302385 ) ) ;
#1723 = DIRECTION ( 'NONE',  ( -0.000000000000000000, 1.000000000000000000, -0.000000000000000000 ) ) ;
#1724 = ORIENTED_EDGE ( 'NONE', *, *, #979, .F. ) ;
#1725 = CARTESIAN_POINT ( 'NONE',  ( 92.22999999999998977, 0.000000000000000000, 35.28259228293302385 ) ) ;
#1726 = CARTESIAN_POINT ( 'NONE',  ( 40.63000000000000256, 0.000000000000000000, 3.030000000000003357 ) ) ;
#1727 = ORIENTED_EDGE ( 'NONE', *, *, #2469, .T. ) ;
#1728 = ORIENTED_EDGE ( 'NONE', *, *, #1681, .F. ) ;
#1729 = VECTOR ( 'NONE', #392, 1000.000000000000000 ) ;
#1730 = DIRECTION ( 'NONE',  ( 0.000000000000000000, 0.000000000000000000, 1.000000000000000000 ) ) ;
#1731 = LINE ( 'NONE', #810, #3659 ) ;
#1732 = VECTOR ( 'NONE', #3160, 1000.000000000000000 ) ;
#1733 = ORIENTED_EDGE ( 'NONE', *, *, #3422, .T. ) ;
#1734 = DIRECTION ( 'NONE',  ( -1.000000000000000000, 0.000000000000000000, -0.000000000000000000 ) ) ;
#1735 = EDGE_CURVE ( 'NONE', #1242, #1998, #3470, .T. ) ;
#1736 = ORIENTED_EDGE ( 'NONE', *, *, #121, .F. ) ;
#1737 = DIRECTION ( 'NONE',  ( 0.000000000000000000, 0.000000000000000000, 1.000000000000000000 ) ) ;
#1738 = CARTESIAN_POINT ( 'NONE',  ( 59.67999999999997840, 3.000000000000000000, -3.185486062962948325E-14 ) ) ;
#1739 = CARTESIAN_POINT ( 'NONE',  ( 92.23000000000000398, 3.000000000000000000, 16.02999999999999758 ) ) ;
#1740 = CIRCLE ( 'NONE', #3608, 0.5000000000000004441 ) ;
#1741 = AXIS2_PLACEMENT_3D ( 'NONE', #3320, #2364, #3560 ) ;
#1742 = ORIENTED_EDGE ( 'NONE', *, *, #3025, .T. ) ;
#1743 = ADVANCED_FACE ( 'NONE', ( #1964 ), #476, .F. ) ;
#1744 = AXIS2_PLACEMENT_3D ( 'NONE', #2505, #1008, #3401 ) ;
#1745 = LINE ( 'NONE', #1699, #3550 ) ;
#1746 = CARTESIAN_POINT ( 'NONE',  ( 54.12999999999999545, 0.000000000000000000, 35.28259228293302385 ) ) ;
#1747 = CIRCLE ( 'NONE', #1046, 0.5000000000000004441 ) ;
#1748 = DIRECTION ( 'NONE',  ( -0.000000000000000000, 0.000000000000000000, -1.000000000000000000 ) ) ;
#1749 = EDGE_CURVE ( 'NONE', #782, #3712, #1614, .T. ) ;
#1750 = ORIENTED_EDGE ( 'NONE', *, *, #1749, .T. ) ;
#1751 = EDGE_LOOP ( 'NONE', ( #3090, #1221 ) ) ;
#1752 = PLANE ( 'NONE',  #707 ) ;
#1753 = LINE ( 'NONE', #849, #3537 ) ;
#1754 = VERTEX_POINT ( 'NONE', #1986 ) ;
#1755 = DIRECTION ( 'NONE',  ( -0.000000000000000000, 1.000000000000000000, -0.000000000000000000 ) ) ;
#1756 = ORIENTED_EDGE ( 'NONE', *, *, #2225, .F. ) ;
#1757 = CARTESIAN_POINT ( 'NONE',  ( 40.63000000000000256, 0.000000000000000000, -2.168671225505775380E-14 ) ) ;
#1758 = EDGE_CURVE ( 'NONE', #1140, #2628, #927, .T. ) ;
#1759 = CARTESIAN_POINT ( 'NONE',  ( 43.75000000000000711, 0.000000000000000000, -16.50236683950969407 ) ) ;
#1760 = EDGE_CURVE ( 'NONE', #3712, #293, #2845, .T. ) ;
#1761 = EDGE_CURVE ( 'NONE', #3601, #2398, #1180, .T. ) ;
#1762 = VERTEX_POINT ( 'NONE', #518 ) ;
#1763 = FACE_OUTER_BOUND ( 'NONE', #1439, .T. ) ;
#1764 = ORIENTED_EDGE ( 'NONE', *, *, #286, .T. ) ;
#1765 = CARTESIAN_POINT ( 'NONE',  ( 41.13000000000000256, 0.000000000000000000, 21.78259228293302741 ) ) ;
#1766 = PLANE ( 'NONE',  #3216 ) ;
#1767 = ORIENTED_EDGE ( 'NONE', *, *, #2979, .F. ) ;
#1768 = ORIENTED_EDGE ( 'NONE', *, *, #3368, .T. ) ;
#1769 = ADVANCED_FACE ( 'NONE', ( #2300 ), #2320, .T. ) ;
#1770 = FACE_OUTER_BOUND ( 'NONE', #1094, .T. ) ;
#1771 = ORIENTED_EDGE ( 'NONE', *, *, #1557, .T. ) ;
#1772 = LINE ( 'NONE', #2964, #3177 ) ;
#1773 = CARTESIAN_POINT ( 'NONE',  ( 35.57999999999999829, 0.000000000000000000, 0.000000000000000000 ) ) ;
#1774 = DIRECTION ( 'NONE',  ( -1.000000000000000000, -0.000000000000000000, -0.000000000000000000 ) ) ;
#1775 = AXIS2_PLACEMENT_3D ( 'NONE', #496, #2318, #453 ) ;
#1776 = DIRECTION ( 'NONE',  ( -0.000000000000000000, 1.000000000000000000, -0.000000000000000000 ) ) ;
#1777 = AXIS2_PLACEMENT_3D ( 'NONE', #2508, #1293, #3424 ) ;
#1778 = EDGE_LOOP ( 'NONE', ( #1862, #2567, #1810, #1315 ) ) ;
#1779 = CIRCLE ( 'NONE', #3151, 0.5000000000000004441 ) ;
#1780 = CARTESIAN_POINT ( 'NONE',  ( 59.67999999999997840, 0.000000000000000000, -3.185486062962948325E-14 ) ) ;
#1781 = EDGE_LOOP ( 'NONE', ( #21, #2334, #2251, #2483 ) ) ;
#1782 = DIRECTION ( 'NONE',  ( -0.000000000000000000, 1.000000000000000000, -0.000000000000000000 ) ) ;
#1783 = EDGE_CURVE ( 'NONE', #2457, #3544, #2030, .T. ) ;
#1784 = CARTESIAN_POINT ( 'NONE',  ( 54.62999999999999545, 0.000000000000000000, 22.28259228293302741 ) ) ;
#1785 = VERTEX_POINT ( 'NONE', #1035 ) ;
#1786 = ORIENTED_EDGE ( 'NONE', *, *, #3317, .F. ) ;
#1787 = CYLINDRICAL_SURFACE ( 'NONE', #3275, 0.5000000000000004441 ) ;
#1788 = ORIENTED_EDGE ( 'NONE', *, *, #2157, .T. ) ;
#1789 = EDGE_CURVE ( 'NONE', #2945, #3803, #1279, .T. ) ;
#1790 = VECTOR ( 'NONE', #2357, 1000.000000000000000 ) ;
#1791 = ORIENTED_EDGE ( 'NONE', *, *, #3694, .T. ) ;
#1792 = CYLINDRICAL_SURFACE ( 'NONE', #97, 0.5000000000000004441 ) ;
#1793 = CARTESIAN_POINT ( 'NONE',  ( 89.08138121000000353, 0.000000000000000000, -12.68999999999999950 ) ) ;
#1794 = VECTOR ( 'NONE', #3067, 1000.000000000000000 ) ;
#1795 = DIRECTION ( 'NONE',  ( -0.000000000000000000, -0.000000000000000000, -1.000000000000000000 ) ) ;
#1796 = VECTOR ( 'NONE', #2436, 1000.000000000000000 ) ;
#1797 = VERTEX_POINT ( 'NONE', #1941 ) ;
#1798 = CYLINDRICAL_SURFACE ( 'NONE', #2224, 0.5000000000000004441 ) ;
#1799 = VERTEX_POINT ( 'NONE', #1901 ) ;
#1800 = CARTESIAN_POINT ( 'NONE',  ( 92.72999999999998977, 0.000000000000000000, 22.28259228293302741 ) ) ;
#1801 = VECTOR ( 'NONE', #3792, 1000.000000000000000 ) ;
#1802 = EDGE_CURVE ( 'NONE', #3182, #3197, #1335, .T. ) ;
#1803 = DIRECTION ( 'NONE',  ( 0.000000000000000000, 1.000000000000000000, 0.000000000000000000 ) ) ;
#1804 = ORIENTED_EDGE ( 'NONE', *, *, #2532, .T. ) ;
#1805 = ORIENTED_EDGE ( 'NONE', *, *, #6, .F. ) ;
#1806 = CIRCLE ( 'NONE', #1245, 0.5000000000000004441 ) ;
#1807 = ADVANCED_FACE ( 'NONE', ( #1646 ), #2819, .F. ) ;
#1808 = CARTESIAN_POINT ( 'NONE',  ( 16.03000000000000114, 0.000000000000000000, 22.28259228293302741 ) ) ;
#1809 = CIRCLE ( 'NONE', #114, 0.5000000000000004441 ) ;
#1810 = ORIENTED_EDGE ( 'NONE', *, *, #3162, .T. ) ;
#1811 = VERTEX_POINT ( 'NONE', #2191 ) ;
#1812 = CARTESIAN_POINT ( 'NONE',  ( 108.7500000000000000, -6.156299459313745806E-15, 50.27000000000000313 ) ) ;
#1813 = LINE ( 'NONE', #262, #3295 ) ;
#1814 = EDGE_CURVE ( 'NONE', #2398, #1762, #976, .T. ) ;
#1815 = DIRECTION ( 'NONE',  ( 0.000000000000000000, 1.000000000000000000, -0.000000000000000000 ) ) ;
#1816 = ORIENTED_EDGE ( 'NONE', *, *, #3598, .F. ) ;
#1817 = CARTESIAN_POINT ( 'NONE',  ( 35.57999999999999829, 0.000000000000000000, 16.02999999999999758 ) ) ;
#1818 = EDGE_LOOP ( 'NONE', ( #550, #1767, #1112, #337 ) ) ;
#1819 = FACE_OUTER_BOUND ( 'NONE', #545, .T. ) ;
#1820 = CARTESIAN_POINT ( 'NONE',  ( 0.000000000000000000, 3.000000000000000000, 16.53000000000000114 ) ) ;
#1821 = ORIENTED_EDGE ( 'NONE', *, *, #3466, .F. ) ;
#1822 = VERTEX_POINT ( 'NONE', #1627 ) ;
#1823 = DIRECTION ( 'NONE',  ( -0.000000000000000000, 1.000000000000000000, -0.000000000000000000 ) ) ;
#1824 = ORIENTED_EDGE ( 'NONE', *, *, #106, .T. ) ;
#1825 = ORIENTED_EDGE ( 'NONE', *, *, #391, .F. ) ;
#1826 = EDGE_CURVE ( 'NONE', #3517, #3196, #3719, .T. ) ;
#1827 = VERTEX_POINT ( 'NONE', #761 ) ;
#1828 = CARTESIAN_POINT ( 'NONE',  ( 54.62999999999999545, 0.000000000000000000, 35.28259228293302385 ) ) ;
#1829 = VECTOR ( 'NONE', #3729, 1000.000000000000000 ) ;
#1830 = ORIENTED_EDGE ( 'NONE', *, *, #1133, .F. ) ;
#1831 = CARTESIAN_POINT ( 'NONE',  ( 103.7500000000000000, 0.000000000000000000, 45.27000000000000313 ) ) ;
#1832 = ORIENTED_EDGE ( 'NONE', *, *, #421, .T. ) ;
#1833 = EDGE_CURVE ( 'NONE', #2286, #1208, #2470, .T. ) ;
#1834 = CARTESIAN_POINT ( 'NONE',  ( 22.08000000000000185, 3.000000000000000000, 22.28259228293302741 ) ) ;
#1835 = AXIS2_PLACEMENT_3D ( 'NONE', #258, #1454, #3819 ) ;
#1836 = AXIS2_PLACEMENT_3D ( 'NONE', #3013, #1803, #864 ) ;
#1837 = CARTESIAN_POINT ( 'NONE',  ( 43.75000000000000711, 3.000000000000000000, -4.039999999999974278 ) ) ;
#1838 = ORIENTED_EDGE ( 'NONE', *, *, #3340, .F. ) ;
#1839 = ORIENTED_EDGE ( 'NONE', *, *, #940, .F. ) ;
#1840 = LINE ( 'NONE', #3034, #3483 ) ;
#1841 = DIRECTION ( 'NONE',  ( -0.000000000000000000, 1.000000000000000000, -0.000000000000000000 ) ) ;
#1842 = ORIENTED_EDGE ( 'NONE', *, *, #1656, .T. ) ;
#1843 = CARTESIAN_POINT ( 'NONE',  ( 21.58000000000000185, 0.000000000000000000, 16.02999999999999758 ) ) ;
#1844 = EDGE_CURVE ( 'NONE', #1797, #2635, #1881, .T. ) ;
#1845 = CARTESIAN_POINT ( 'NONE',  ( 86.68138121000001206, 0.000000000000000000, -36.70170859000000974 ) ) ;
#1846 = VECTOR ( 'NONE', #3865, 1000.000000000000000 ) ;
#1847 = CARTESIAN_POINT ( 'NONE',  ( 76.88138121000000069, -6.999999999999996447, -24.79170859000000249 ) ) ;
#1848 = ADVANCED_FACE ( 'NONE', ( #2552 ), #1956, .T. ) ;
#1849 = ORIENTED_EDGE ( 'NONE', *, *, #2949, .F. ) ;
#1850 = CARTESIAN_POINT ( 'NONE',  ( 35.07999999999999829, 3.000000000000000000, 16.02999999999999758 ) ) ;
#1851 = DIRECTION ( 'NONE',  ( 0.000000000000000000, 0.000000000000000000, 1.000000000000000000 ) ) ;
#1852 = AXIS2_PLACEMENT_3D ( 'NONE', #3866, #2708, #1190 ) ;
#1853 = EDGE_CURVE ( 'NONE', #928, #3565, #1057, .T. ) ;
#1854 = DIRECTION ( 'NONE',  ( 0.000000000000000000, 0.000000000000000000, 1.000000000000000000 ) ) ;
#1855 = EDGE_LOOP ( 'NONE', ( #3638, #2992, #3344, #1643 ) ) ;
#1856 = ORIENTED_EDGE ( 'NONE', *, *, #3641, .F. ) ;
#1857 = FACE_OUTER_BOUND ( 'NONE', #2063, .T. ) ;
#1858 = AXIS2_PLACEMENT_3D ( 'NONE', #2203, #3150, #2814 ) ;
#1859 = VECTOR ( 'NONE', #208, 1000.000000000000000 ) ;
#1860 = EDGE_CURVE ( 'NONE', #1399, #1179, #986, .T. ) ;
#1861 = DIRECTION ( 'NONE',  ( 0.000000000000000000, 0.000000000000000000, 1.000000000000000000 ) ) ;
#1862 = ORIENTED_EDGE ( 'NONE', *, *, #3271, .F. ) ;
#1863 = VERTEX_POINT ( 'NONE', #2802 ) ;
#1864 = AXIS2_PLACEMENT_3D ( 'NONE', #1675, #793, #3144 ) ;
#1865 = CARTESIAN_POINT ( 'NONE',  ( 92.23000000000000398, 3.000000000000000000, 3.029999999999999805 ) ) ;
#1866 = CARTESIAN_POINT ( 'NONE',  ( 0.000000000000000000, 0.000000000000000000, 0.000000000000000000 ) ) ;
#1867 = EDGE_CURVE ( 'NONE', #117, #442, #3661, .T. ) ;
#1868 = CARTESIAN_POINT ( 'NONE',  ( 41.13000000000000966, 3.000000000000000000, 16.53000000000000114 ) ) ;
#1869 = DIRECTION ( 'NONE',  ( 0.000000000000000000, 0.000000000000000000, 1.000000000000000000 ) ) ;
#1870 = ORIENTED_EDGE ( 'NONE', *, *, #878, .F. ) ;
#1871 = CARTESIAN_POINT ( 'NONE',  ( 16.02999999999999758, 0.000000000000000000, 21.78259228293302741 ) ) ;
#1872 = DIRECTION ( 'NONE',  ( 1.000000000000000000, -0.000000000000000000, 0.000000000000000000 ) ) ;
#1873 = EDGE_CURVE ( 'NONE', #1974, #2945, #3679, .T. ) ;
#1874 = ADVANCED_FACE ( 'NONE', ( #390 ), #3429, .F. ) ;
#1875 = FACE_OUTER_BOUND ( 'NONE', #1024, .T. ) ;
#1876 = EDGE_LOOP ( 'NONE', ( #779, #3827, #1606, #398, #65, #2073, #2172, #1687 ) ) ;
#1877 = DIRECTION ( 'NONE',  ( 1.668003342285391551E-16, 0.000000000000000000, 1.000000000000000000 ) ) ;
#1878 = CARTESIAN_POINT ( 'NONE',  ( 41.13000000000000256, 0.000000000000000000, 35.78259228293302385 ) ) ;
#1879 = ORIENTED_EDGE ( 'NONE', *, *, #752, .T. ) ;
#1880 = EDGE_CURVE ( 'NONE', #3274, #615, #1809, .T. ) ;
#1881 = LINE ( 'NONE', #411, #3867 ) ;
#1882 = DIRECTION ( 'NONE',  ( -0.000000000000000000, 1.000000000000000000, -0.000000000000000000 ) ) ;
#1883 = DIRECTION ( 'NONE',  ( -1.000000000000000000, 0.000000000000000000, 0.000000000000000000 ) ) ;
#1884 = DIRECTION ( 'NONE',  ( -1.000000000000000000, 0.000000000000000000, 1.196184829170446456E-15 ) ) ;
#1885 = ORIENTED_EDGE ( 'NONE', *, *, #2915, .F. ) ;
#1886 = FACE_OUTER_BOUND ( 'NONE', #335, .T. ) ;
#1887 = LINE ( 'NONE', #2748, #1676 ) ;
#1888 = CIRCLE ( 'NONE', #202, 0.5000000000000004441 ) ;
#1889 = AXIS2_PLACEMENT_3D ( 'NONE', #1513, #2102, #1441 ) ;
#1890 = CARTESIAN_POINT ( 'NONE',  ( 78.72999999999998977, 3.000000000000000000, 35.28259228293302385 ) ) ;
#1891 = VECTOR ( 'NONE', #3403, 1000.000000000000000 ) ;
#1892 = ORIENTED_EDGE ( 'NONE', *, *, #3736, .F. ) ;
#1893 = ORIENTED_EDGE ( 'NONE', *, *, #38, .F. ) ;
#1894 = EDGE_CURVE ( 'NONE', #2286, #824, #3699, .T. ) ;
#1895 = CARTESIAN_POINT ( 'NONE',  ( 92.22999999999997556, 0.000000000000000000, 21.78259228293302741 ) ) ;
#1896 = VECTOR ( 'NONE', #1598, 1000.000000000000000 ) ;
#1897 = VERTEX_POINT ( 'NONE', #745 ) ;
#1898 = CARTESIAN_POINT ( 'NONE',  ( 78.73000000000000398, 0.000000000000000000, 16.02999999999999758 ) ) ;
#1899 = ORIENTED_EDGE ( 'NONE', *, *, #2623, .F. ) ;
#1900 = PRESENTATION_LAYER_ASSIGNMENT (  '', '', ( #713 ) ) ;
#1901 = CARTESIAN_POINT ( 'NONE',  ( 103.7500000000000000, 3.000000000000000000, 46.97000000000000597 ) ) ;
#1902 = EDGE_CURVE ( 'NONE', #1482, #631, #728, .T. ) ;
#1903 = FACE_BOUND ( 'NONE', #2247, .T. ) ;
#1904 = DIRECTION ( 'NONE',  ( 0.000000000000000000, 1.000000000000000000, 0.000000000000000000 ) ) ;
#1905 = LINE ( 'NONE', #357, #156 ) ;
#1906 = DIRECTION ( 'NONE',  ( 0.000000000000000000, 1.000000000000000000, -0.000000000000000000 ) ) ;
#1907 = DIRECTION ( 'NONE',  ( 0.000000000000000000, 0.000000000000000000, 1.000000000000000000 ) ) ;
#1908 = DIRECTION ( 'NONE',  ( 0.000000000000000000, 0.000000000000000000, 1.000000000000000000 ) ) ;
#1909 = AXIS2_PLACEMENT_3D ( 'NONE', #3279, #1246, #2947 ) ;
#1910 = VECTOR ( 'NONE', #3493, 1000.000000000000000 ) ;
#1911 = DIRECTION ( 'NONE',  ( -1.482669637587014273E-16, 0.000000000000000000, 1.000000000000000000 ) ) ;
#1912 = ORIENTED_EDGE ( 'NONE', *, *, #2276, .T. ) ;
#1913 = VERTEX_POINT ( 'NONE', #1138 ) ;
#1914 = CARTESIAN_POINT ( 'NONE',  ( 41.13000000000000256, 3.000000000000000000, 3.029999999999999805 ) ) ;
#1915 = AXIS2_PLACEMENT_3D ( 'NONE', #2887, #162, #1718 ) ;
#1916 = LINE ( 'NONE', #1563, #2966 ) ;
#1917 = VERTEX_POINT ( 'NONE', #2902 ) ;
#1918 = ORIENTED_EDGE ( 'NONE', *, *, #2340, .T. ) ;
#1919 = VECTOR ( 'NONE', #652, 1000.000000000000000 ) ;
#1920 = CIRCLE ( 'NONE', #3052, 0.5000000000000004441 ) ;
#1921 = EDGE_CURVE ( 'NONE', #569, #3698, #1415, .T. ) ;
#1922 = CARTESIAN_POINT ( 'NONE',  ( 21.58000000000000185, 3.000000000000000000, -0.000000000000000000 ) ) ;
#1923 = DIRECTION ( 'NONE',  ( 0.000000000000000000, 1.000000000000000000, -0.000000000000000000 ) ) ;
#1924 = AXIS2_PLACEMENT_3D ( 'NONE', #3072, #3713, #3092 ) ;
#1925 = LINE ( 'NONE', #2315, #2551 ) ;
#1926 = VECTOR ( 'NONE', #163, 1000.000000000000000 ) ;
#1927 = DIRECTION ( 'NONE',  ( 1.000000000000000000, -0.000000000000000000, 0.000000000000000000 ) ) ;
#1928 = LINE ( 'NONE', #2824, #1460 ) ;
#1929 = DIRECTION ( 'NONE',  ( 0.000000000000000000, 1.000000000000000000, 0.000000000000000000 ) ) ;
#1930 = CARTESIAN_POINT ( 'NONE',  ( 77.38138121000000069, 3.000000000000000000, -13.18999999999999950 ) ) ;
#1931 = EDGE_CURVE ( 'NONE', #3028, #920, #2633, .T. ) ;
#1932 = LINE ( 'NONE', #3127, #3276 ) ;
#1933 = EDGE_LOOP ( 'NONE', ( #1332, #2646, #2297, #13 ) ) ;
#1934 = ORIENTED_EDGE ( 'NONE', *, *, #2623, .T. ) ;
#1935 = CARTESIAN_POINT ( 'NONE',  ( 43.75000000000000711, -6.999999999999996447, -4.039999999999974278 ) ) ;
#1936 = ORIENTED_EDGE ( 'NONE', *, *, #591, .T. ) ;
#1937 = DIRECTION ( 'NONE',  ( -0.000000000000000000, 1.000000000000000000, -0.000000000000000000 ) ) ;
#1938 = EDGE_LOOP ( 'NONE', ( #2510, #600, #2354, #3835, #1951, #1495, #1134, #3812 ) ) ;
#1939 = ORIENTED_EDGE ( 'NONE', *, *, #2979, .T. ) ;
#1940 = EDGE_CURVE ( 'NONE', #3531, #2952, #3199, .T. ) ;
#1941 = CARTESIAN_POINT ( 'NONE',  ( 22.08000000000000185, 3.000000000000000000, 2.529999999999999805 ) ) ;
#1942 = FACE_OUTER_BOUND ( 'NONE', #2387, .T. ) ;
#1943 = CARTESIAN_POINT ( 'NONE',  ( 43.75000000000000000, 0.000000000000000000, -69.50999999999997669 ) ) ;
#1944 = CARTESIAN_POINT ( 'NONE',  ( 108.7500000000000000, 2.999999999999977796, 45.27000000000000313 ) ) ;
#1945 = PLANE ( 'NONE',  #3414 ) ;
#1946 = DIRECTION ( 'NONE',  ( 1.000000000000000000, -0.000000000000000000, 0.000000000000000000 ) ) ;
#1947 = EDGE_CURVE ( 'NONE', #3499, #3337, #3460, .T. ) ;
#1948 = LINE ( 'NONE', #3148, #416 ) ;
#1949 = ORIENTED_EDGE ( 'NONE', *, *, #1168, .T. ) ;
#1950 = LINE ( 'NONE', #2223, #798 ) ;
#1951 = ORIENTED_EDGE ( 'NONE', *, *, #3356, .T. ) ;
#1952 = VECTOR ( 'NONE', #2561, 1000.000000000000000 ) ;
#1953 = CARTESIAN_POINT ( 'NONE',  ( 3.030000000000006466, 3.000000000000000000, 21.78259228293302741 ) ) ;
#1954 = ORIENTED_EDGE ( 'NONE', *, *, #421, .F. ) ;
#1955 = VECTOR ( 'NONE', #2189, 1000.000000000000000 ) ;
#1956 = PLANE ( 'NONE',  #1494 ) ;
#1957 = CARTESIAN_POINT ( 'NONE',  ( 0.000000000000000000, 0.000000000000000000, 2.529999999999999805 ) ) ;
#1958 = AXIS2_PLACEMENT_3D ( 'NONE', #2246, #3440, #758 ) ;
#1959 = EDGE_LOOP ( 'NONE', ( #1068, #1488, #1386, #726 ) ) ;
#1960 = CARTESIAN_POINT ( 'NONE',  ( 103.7500000000000000, 0.000000000000000000, -64.50999999999999091 ) ) ;
#1961 = ADVANCED_FACE ( 'NONE', ( #1392 ), #3801, .F. ) ;
#1962 = DIRECTION ( 'NONE',  ( -0.000000000000000000, 1.000000000000000000, -0.000000000000000000 ) ) ;
#1963 = DIRECTION ( 'NONE',  ( 0.000000000000000000, 0.000000000000000000, 1.000000000000000000 ) ) ;
#1964 = FACE_OUTER_BOUND ( 'NONE', #3829, .T. ) ;
#1965 = EDGE_CURVE ( 'NONE', #3323, #1326, #327, .T. ) ;
#1966 = FILL_AREA_STYLE ('',( #1657 ) ) ;
#1967 = CARTESIAN_POINT ( 'NONE',  ( 54.12999999999999545, 0.000000000000000000, 3.029999999999999805 ) ) ;
#1968 = ORIENTED_EDGE ( 'NONE', *, *, #3379, .T. ) ;
#1969 = CARTESIAN_POINT ( 'NONE',  ( 60.18000000000001393, 3.000000000000000000, 16.02999999999999758 ) ) ;
#1970 = VECTOR ( 'NONE', #1263, 1000.000000000000000 ) ;
#1971 = EDGE_LOOP ( 'NONE', ( #1892, #1825, #2978, #1389 ) ) ;
#1972 = CYLINDRICAL_SURFACE ( 'NONE', #2088, 0.5000000000000004441 ) ;
#1973 = ORIENTED_EDGE ( 'NONE', *, *, #1253, .T. ) ;
#1974 = VERTEX_POINT ( 'NONE', #2040 ) ;
#1975 = ADVANCED_FACE ( 'NONE', ( #1668 ), #1752, .F. ) ;
#1976 = CIRCLE ( 'NONE', #1667, 0.5000000000000004441 ) ;
#1977 = DIRECTION ( 'NONE',  ( -0.000000000000000000, 1.000000000000000000, -0.000000000000000000 ) ) ;
#1978 = DIRECTION ( 'NONE',  ( 1.000000000000000000, -0.000000000000000000, -0.000000000000000000 ) ) ;
#1979 = ORIENTED_EDGE ( 'NONE', *, *, #1758, .F. ) ;
#1980 = DIRECTION ( 'NONE',  ( 0.000000000000000000, 0.000000000000000000, 1.000000000000000000 ) ) ;
#1981 = CIRCLE ( 'NONE', #294, 0.5000000000000004441 ) ;
#1982 = CARTESIAN_POINT ( 'NONE',  ( 16.53000000000000469, 0.000000000000000000, 22.28259228293302741 ) ) ;
#1983 = AXIS2_PLACEMENT_3D ( 'NONE', #2503, #3691, #3399 ) ;
#1984 = DIRECTION ( 'NONE',  ( 1.000000000000000000, -0.000000000000000000, 1.482669637587014273E-16 ) ) ;
#1985 = DIRECTION ( 'NONE',  ( 1.000000000000000000, 0.000000000000000000, -0.000000000000000000 ) ) ;
#1986 = CARTESIAN_POINT ( 'NONE',  ( 89.08138121000000353, 3.000000000000000000, -25.29170859000000249 ) ) ;
#1987 = VECTOR ( 'NONE', #1022, 1000.000000000000000 ) ;
#1988 = VECTOR ( 'NONE', #431, 1000.000000000000000 ) ;
#1989 = DIRECTION ( 'NONE',  ( -0.000000000000000000, 0.000000000000000000, 1.000000000000000000 ) ) ;
#1990 = CARTESIAN_POINT ( 'NONE',  ( 40.62999999999999545, 0.000000000000000000, 22.28259228293302741 ) ) ;
#1991 = ORIENTED_EDGE ( 'NONE', *, *, #2056, .F. ) ;
#1992 = FACE_OUTER_BOUND ( 'NONE', #2525, .T. ) ;
#1993 = EDGE_CURVE ( 'NONE', #920, #2271, #195, .T. ) ;
#1994 = PRODUCT_DEFINITION_CONTEXT ( 'detailed design', #2959, 'design' ) ;
#1995 = EDGE_LOOP ( 'NONE', ( #1137, #2243, #1029, #2348 ) ) ;
#1996 = FACE_OUTER_BOUND ( 'NONE', #627, .T. ) ;
#1997 = EDGE_LOOP ( 'NONE', ( #1870, #2855, #2576, #2055, #3324, #887, #1012, #1489 ) ) ;
#1998 = VERTEX_POINT ( 'NONE', #2019 ) ;
#1999 = DIRECTION ( 'NONE',  ( 1.224646799147353947E-16, 0.000000000000000000, 1.000000000000000000 ) ) ;
#2000 = CARTESIAN_POINT ( 'NONE',  ( 60.18000000000001393, 0.000000000000000000, 16.53000000000000114 ) ) ;
#2001 = ORIENTED_EDGE ( 'NONE', *, *, #940, .T. ) ;
#2002 = ADVANCED_FACE ( 'NONE', ( #2941 ), #3179, .T. ) ;
#2003 = LINE ( 'NONE', #471, #3667 ) ;
#2004 = ORIENTED_EDGE ( 'NONE', *, *, #1087, .T. ) ;
#2005 = CARTESIAN_POINT ( 'NONE',  ( 28.74999999999999645, -8.027932794975138863E-63, 40.27000000000000313 ) ) ;
#2006 = DIRECTION ( 'NONE',  ( 0.000000000000000000, 0.000000000000000000, 1.000000000000000000 ) ) ;
#2007 = DIRECTION ( 'NONE',  ( -0.000000000000000000, 1.000000000000000000, -0.000000000000000000 ) ) ;
#2008 = FACE_OUTER_BOUND ( 'NONE', #1959, .T. ) ;
#2009 = CARTESIAN_POINT ( 'NONE',  ( 16.53000000000000469, 0.000000000000000000, 22.28259228293302741 ) ) ;
#2010 = DIRECTION ( 'NONE',  ( 0.000000000000000000, 0.000000000000000000, 1.000000000000000000 ) ) ;
#2011 = EDGE_LOOP ( 'NONE', ( #447, #17, #845, #2717, #410, #1333, #757, #1410, #407, #3417, #587, #1791, #2796, #2594, #2658, #2677, #2362 ) ) ;
#2012 = DIRECTION ( 'NONE',  ( 0.000000000000000000, 0.000000000000000000, 1.000000000000000000 ) ) ;
#2013 = VERTEX_POINT ( 'NONE', #490 ) ;
#2014 = CARTESIAN_POINT ( 'NONE',  ( 0.000000000000000000, 0.000000000000000000, -36.70170859000000974 ) ) ;
#2015 = EDGE_CURVE ( 'NONE', #2016, #3653, #240, .T. ) ;
#2016 = VERTEX_POINT ( 'NONE', #1709 ) ;
#2017 = EDGE_LOOP ( 'NONE', ( #263, #3711, #2081, #2873 ) ) ;
#2018 = VECTOR ( 'NONE', #1553, 1000.000000000000000 ) ;
#2019 = CARTESIAN_POINT ( 'NONE',  ( 2.529999999999999805, 3.000000000000000000, 3.030000000000003357 ) ) ;
#2020 = CARTESIAN_POINT ( 'NONE',  ( 73.68000000000000682, 3.000000000000000000, 3.030000000000003357 ) ) ;
#2021 = ORIENTED_EDGE ( 'NONE', *, *, #872, .T. ) ;
#2022 = AXIS2_PLACEMENT_3D ( 'NONE', #1331, #2835, #705 ) ;
#2023 = CARTESIAN_POINT ( 'NONE',  ( 0.000000000000000000, 0.000000000000000000, 2.529999999999999805 ) ) ;
#2024 = EDGE_CURVE ( 'NONE', #1785, #1025, #2291, .T. ) ;
#2025 = AXIS2_PLACEMENT_3D ( 'NONE', #2789, #2184, #2199 ) ;
#2026 = ORIENTED_EDGE ( 'NONE', *, *, #2847, .F. ) ;
#2027 = CYLINDRICAL_SURFACE ( 'NONE', #914, 0.5000000000000004441 ) ;
#2028 = CARTESIAN_POINT ( 'NONE',  ( 3.030000000000005134, 3.000000000000000000, 35.78259228293302385 ) ) ;
#2029 = DIRECTION ( 'NONE',  ( 0.000000000000000000, 1.000000000000000000, -0.000000000000000000 ) ) ;
#2030 = LINE ( 'NONE', #2533, #1677 ) ;
#2031 = DIRECTION ( 'NONE',  ( 0.000000000000000000, 0.000000000000000000, 1.000000000000000000 ) ) ;
#2032 = CARTESIAN_POINT ( 'NONE',  ( 43.75000000000000711, 3.000000000000000000, -51.07339105000000501 ) ) ;
#2033 = ORIENTED_EDGE ( 'NONE', *, *, #3794, .F. ) ;
#2034 = LINE ( 'NONE', #2306, #239 ) ;
#2035 = CARTESIAN_POINT ( 'NONE',  ( 54.12999999999999545, 3.000000000000000000, 2.529999999999999805 ) ) ;
#2036 = ORIENTED_EDGE ( 'NONE', *, *, #1257, .F. ) ;
#2037 = ORIENTED_EDGE ( 'NONE', *, *, #121, .T. ) ;
#2038 = VECTOR ( 'NONE', #2269, 1000.000000000000000 ) ;
#2039 = EDGE_CURVE ( 'NONE', #1528, #1541, #2200, .T. ) ;
#2040 = CARTESIAN_POINT ( 'NONE',  ( 79.23000000000000398, 0.000000000000000000, 2.529999999999999805 ) ) ;
#2041 = DIRECTION ( 'NONE',  ( 1.000000000000000000, -0.000000000000000000, 0.000000000000000000 ) ) ;
#2042 = VECTOR ( 'NONE', #1040, 1000.000000000000000 ) ;
#2043 = ORIENTED_EDGE ( 'NONE', *, *, #530, .F. ) ;
#2044 = CARTESIAN_POINT ( 'NONE',  ( 78.72999999999998977, 0.000000000000000000, 35.28259228293302385 ) ) ;
#2045 = EDGE_CURVE ( 'NONE', #685, #3028, #1272, .T. ) ;
#2046 = EDGE_LOOP ( 'NONE', ( #3214, #3658, #1518, #803 ) ) ;
#2047 = DIRECTION ( 'NONE',  ( -0.000000000000000000, 1.000000000000000000, -0.000000000000000000 ) ) ;
#2048 = LINE ( 'NONE', #3556, #3287 ) ;
#2049 = FACE_OUTER_BOUND ( 'NONE', #3037, .T. ) ;
#2050 = AXIS2_PLACEMENT_3D ( 'NONE', #1038, #2252, #2905 ) ;
#2051 = CLOSED_SHELL ( 'NONE', ( #2449, #3756, #1457, #3141, #2650, #731, #3406, #372, #1721, #1874, #1347, #2147, #616, #653, #993, #628, #2569, #634, #3031, #796, #430, #2479, #2453, #2521, #452, #2685, #2158, #2187, #2068, #2378, #2495, #1342, #3327, #2828, #2395, #3722, #1848, #3785, #3651, #1961, #1975, #456, #1453, #168, #3331, #1807, #945, #1155, #1036, #3073, #1205, #3830, #3573, #3675, #2002, #3166, #2359, #461, #2324, #339, #2467, #1582, #2965, #2758, #918, #1261, #2550, #770, #1769, #2954, #687, #1055, #3626, #535, #364, #1449, #1500, #73, #3045, #25, #75, #2695, #3818, #3660, #3535, #968, #2155, #309, #512, #2590, #2373, #3152, #3501, #2901, #1492, #577, #3552, #984, #1278, #2731, #2099, #2257, #2686, #1390, #299, #1743, #1065, #2800, #1226, #935, #2075, #546, #2582 ) ) ;
#2052 = VERTEX_POINT ( 'NONE', #2861 ) ;
#2053 = VECTOR ( 'NONE', #842, 1000.000000000000000 ) ;
#2054 = DIRECTION ( 'NONE',  ( 0.000000000000000000, 0.000000000000000000, 1.000000000000000000 ) ) ;
#2055 = ORIENTED_EDGE ( 'NONE', *, *, #876, .F. ) ;
#2056 = EDGE_CURVE ( 'NONE', #1007, #1754, #899, .T. ) ;
#2057 = DIRECTION ( 'NONE',  ( -0.000000000000000000, 1.000000000000000000, -0.000000000000000000 ) ) ;
#2058 = AXIS2_PLACEMENT_3D ( 'NONE', #2766, #107, #1908 ) ;
#2059 = DIRECTION ( 'NONE',  ( -0.000000000000000000, 1.000000000000000000, -0.000000000000000000 ) ) ;
#2060 = EDGE_LOOP ( 'NONE', ( #2920, #1879, #2343, #2036 ) ) ;
#2061 = VERTEX_POINT ( 'NONE', #826 ) ;
#2062 = CARTESIAN_POINT ( 'NONE',  ( 0.000000000000000000, 0.000000000000000000, 35.78259228293302385 ) ) ;
#2063 = EDGE_LOOP ( 'NONE', ( #3870, #245, #3613, #50 ) ) ;
#2064 = LINE ( 'NONE', #2927, #1106 ) ;
#2065 = ORIENTED_EDGE ( 'NONE', *, *, #2138, .T. ) ;
#2066 = CARTESIAN_POINT ( 'NONE',  ( 103.7500000000000000, 2.999999999999975131, 50.27000000000000313 ) ) ;
#2067 = LINE ( 'NONE', #2989, #1790 ) ;
#2068 = ADVANCED_FACE ( 'NONE', ( #1159 ), #3486, .T. ) ;
#2069 = EDGE_CURVE ( 'NONE', #1025, #586, #2267, .T. ) ;
#2070 = CYLINDRICAL_SURFACE ( 'NONE', #412, 0.5000000000000000000 ) ;
#2071 = ORIENTED_EDGE ( 'NONE', *, *, #3618, .F. ) ;
#2072 = DIRECTION ( 'NONE',  ( -0.000000000000000000, 1.000000000000000000, -0.000000000000000000 ) ) ;
#2073 = ORIENTED_EDGE ( 'NONE', *, *, #1860, .T. ) ;
#2074 = FACE_OUTER_BOUND ( 'NONE', #2305, .T. ) ;
#2075 = ADVANCED_FACE ( 'NONE', ( #1493 ), #3273, .F. ) ;
#2076 = DIRECTION ( 'NONE',  ( 0.000000000000000000, 0.000000000000000000, 1.000000000000000000 ) ) ;
#2077 = ORIENTED_EDGE ( 'NONE', *, *, #2516, .T. ) ;
#2078 = ORIENTED_EDGE ( 'NONE', *, *, #2165, .F. ) ;
#2079 = CARTESIAN_POINT ( 'NONE',  ( 40.62999999999998124, 0.000000000000000000, -2.168671225505773802E-14 ) ) ;
#2080 = ORIENTED_EDGE ( 'NONE', *, *, #3069, .T. ) ;
#2081 = ORIENTED_EDGE ( 'NONE', *, *, #1073, .T. ) ;
#2082 = FACE_OUTER_BOUND ( 'NONE', #3096, .T. ) ;
#2083 = CIRCLE ( 'NONE', #2586, 4.999999999999997335 ) ;
#2084 = CARTESIAN_POINT ( 'NONE',  ( 3.030000000000002025, 0.000000000000000000, 16.02999999999999758 ) ) ;
#2085 = AXIS2_PLACEMENT_3D ( 'NONE', #446, #1642, #133 ) ;
#2086 = EDGE_CURVE ( 'NONE', #3753, #1445, #519, .T. ) ;
#2087 = VERTEX_POINT ( 'NONE', #3877 ) ;
#2088 = AXIS2_PLACEMENT_3D ( 'NONE', #2287, #1369, #3233 ) ;
#2089 = LINE ( 'NONE', #8, #2616 ) ;
#2090 = ORIENTED_EDGE ( 'NONE', *, *, #3203, .F. ) ;
#2091 = CARTESIAN_POINT ( 'NONE',  ( 89.58138121000000353, 3.000000000000000000, -24.79170859000000249 ) ) ;
#2092 = EDGE_CURVE ( 'NONE', #590, #2181, #1712, .T. ) ;
#2093 = LINE ( 'NONE', #1784, #2396 ) ;
#2094 = ORIENTED_EDGE ( 'NONE', *, *, #3485, .T. ) ;
#2095 = ORIENTED_EDGE ( 'NONE', *, *, #333, .T. ) ;
#2096 = CARTESIAN_POINT ( 'NONE',  ( 59.59603533874668813, -0.001000000000006204259, -36.70170859000000974 ) ) ;
#2097 = ORIENTED_EDGE ( 'NONE', *, *, #1789, .F. ) ;
#2098 = AXIS2_PLACEMENT_3D ( 'NONE', #1628, #3662, #709 ) ;
#2099 = ADVANCED_FACE ( 'NONE', ( #39 ), #273, .F. ) ;
#2100 = AXIS2_PLACEMENT_3D ( 'NONE', #3447, #1378, #2254 ) ;
#2101 = ORIENTED_EDGE ( 'NONE', *, *, #2179, .T. ) ;
#2102 = DIRECTION ( 'NONE',  ( 0.000000000000000000, 1.000000000000000000, -0.000000000000000000 ) ) ;
#2103 = CARTESIAN_POINT ( 'NONE',  ( 108.7500000000000000, 2.999999999999975131, 50.27000000000000313 ) ) ;
#2104 = DIRECTION ( 'NONE',  ( 0.000000000000000000, 1.000000000000000000, -0.000000000000000000 ) ) ;
#2105 = EDGE_LOOP ( 'NONE', ( #53, #2972, #1051, #3211 ) ) ;
#2106 = DIRECTION ( 'NONE',  ( 0.000000000000000000, 0.000000000000000000, 1.000000000000000000 ) ) ;
#2107 = ORIENTED_EDGE ( 'NONE', *, *, #846, .F. ) ;
#2108 = FACE_OUTER_BOUND ( 'NONE', #3776, .T. ) ;
#2109 = CIRCLE ( 'NONE', #1983, 0.5000000000000004441 ) ;
#2110 = AXIS2_PLACEMENT_3D ( 'NONE', #2465, #1440, #3623 ) ;
#2111 = PLANE ( 'NONE',  #3334 ) ;
#2112 = ORIENTED_EDGE ( 'NONE', *, *, #1921, .T. ) ;
#2113 = ORIENTED_EDGE ( 'NONE', *, *, #312, .T. ) ;
#2114 = EDGE_CURVE ( 'NONE', #1136, #1680, #2388, .T. ) ;
#2115 = CIRCLE ( 'NONE', #3248, 0.5000000000000004441 ) ;
#2116 = LINE ( 'NONE', #2683, #1334 ) ;
#2117 = ORIENTED_EDGE ( 'NONE', *, *, #1867, .T. ) ;
#2118 = EDGE_LOOP ( 'NONE', ( #1421, #1711, #2167, #3561 ) ) ;
#2119 = APPLICATION_PROTOCOL_DEFINITION ( 'draft international standard', 'automotive_design', 1998, #2959 ) ;
#2120 = EDGE_CURVE ( 'NONE', #426, #888, #766, .T. ) ;
#2121 = LINE ( 'NONE', #1459, #786 ) ;
#2122 = LINE ( 'NONE', #2638, #287 ) ;
#2123 = CARTESIAN_POINT ( 'NONE',  ( 89.08138121000000353, -6.999999999999996447, -12.68999999999999950 ) ) ;
#2124 = ORIENTED_EDGE ( 'NONE', *, *, #2603, .T. ) ;
#2125 = LINE ( 'NONE', #579, #733 ) ;
#2126 = ORIENTED_EDGE ( 'NONE', *, *, #2532, .F. ) ;
#2127 = CARTESIAN_POINT ( 'NONE',  ( 60.17999999999999261, 0.000000000000000000, 22.28259228293302741 ) ) ;
#2128 = DIRECTION ( 'NONE',  ( -0.000000000000000000, 1.000000000000000000, -0.000000000000000000 ) ) ;
#2129 = EDGE_LOOP ( 'NONE', ( #638, #3878, #3717, #76 ) ) ;
#2130 = ORIENTED_EDGE ( 'NONE', *, *, #1444, .T. ) ;
#2131 = DIRECTION ( 'NONE',  ( -0.000000000000000000, 1.000000000000000000, -0.000000000000000000 ) ) ;
#2132 = EDGE_CURVE ( 'NONE', #2365, #1822, #3567, .T. ) ;
#2133 = DIRECTION ( 'NONE',  ( -1.000000000000000000, 0.000000000000000000, 0.000000000000000000 ) ) ;
#2134 = ORIENTED_EDGE ( 'NONE', *, *, #1947, .F. ) ;
#2135 = VERTEX_POINT ( 'NONE', #2448 ) ;
#2136 = EDGE_CURVE ( 'NONE', #1863, #3616, #2116, .T. ) ;
#2137 = FACE_OUTER_BOUND ( 'NONE', #3654, .T. ) ;
#2138 = EDGE_CURVE ( 'NONE', #3604, #2764, #3637, .T. ) ;
#2139 = AXIS2_PLACEMENT_3D ( 'NONE', #520, #1343, #3146 ) ;
#2140 = DIRECTION ( 'NONE',  ( 5.337610695313253357E-16, 0.000000000000000000, 1.000000000000000000 ) ) ;
#2141 = CARTESIAN_POINT ( 'NONE',  ( 73.18000000000000682, 3.000000000000000000, 16.02999999999999758 ) ) ;
#2142 = ORIENTED_EDGE ( 'NONE', *, *, #2664, .F. ) ;
#2143 = DIRECTION ( 'NONE',  ( 0.000000000000000000, 0.000000000000000000, 1.000000000000000000 ) ) ;
#2144 = ORIENTED_EDGE ( 'NONE', *, *, #1783, .T. ) ;
#2145 = CARTESIAN_POINT ( 'NONE',  ( 108.7500000000000000, -5.543976059740070065E-15, 45.27000000000000313 ) ) ;
#2146 = AXIS2_PLACEMENT_3D ( 'NONE', #1373, #3506, #3777 ) ;
#2147 = ADVANCED_FACE ( 'NONE', ( #328 ), #1787, .F. ) ;
#2148 = AXIS2_PLACEMENT_3D ( 'NONE', #3710, #1911, #3108 ) ;
#2149 = FACE_OUTER_BOUND ( 'NONE', #2999, .T. ) ;
#2150 = ORIENTED_EDGE ( 'NONE', *, *, #1965, .T. ) ;
#2151 = ORIENTED_EDGE ( 'NONE', *, *, #3428, .F. ) ;
#2152 = DIRECTION ( 'NONE',  ( 1.000000000000000000, 0.000000000000000000, -0.000000000000000000 ) ) ;
#2153 = CARTESIAN_POINT ( 'NONE',  ( 16.03000000000000114, 0.000000000000000000, 16.02999999999999758 ) ) ;
#2154 = ORIENTED_EDGE ( 'NONE', *, *, #2351, .T. ) ;
#2155 = ADVANCED_FACE ( 'NONE', ( #1770 ), #2665, .T. ) ;
#2156 = DIRECTION ( 'NONE',  ( 0.000000000000000000, 0.000000000000000000, 1.000000000000000000 ) ) ;
#2157 = EDGE_CURVE ( 'NONE', #1466, #3759, #3452, .T. ) ;
#2158 = ADVANCED_FACE ( 'NONE', ( #1508 ), #1527, .F. ) ;
#2159 = FACE_OUTER_BOUND ( 'NONE', #1365, .T. ) ;
#2160 = CARTESIAN_POINT ( 'NONE',  ( 78.73000000000000398, 0.000000000000000000, 3.030000000000003357 ) ) ;
#2161 = VERTEX_POINT ( 'NONE', #2983 ) ;
#2162 = CARTESIAN_POINT ( 'NONE',  ( 16.52999999999999758, 0.000000000000000000, -4.411535239676402908E-15 ) ) ;
#2163 = CARTESIAN_POINT ( 'NONE',  ( 40.63000000000000256, 0.000000000000000000, 35.28259228293302385 ) ) ;
#2164 = CARTESIAN_POINT ( 'NONE',  ( 41.13000000000000966, 0.000000000000000000, 16.02999999999999758 ) ) ;
#2165 = EDGE_CURVE ( 'NONE', #1715, #3387, #2430, .T. ) ;
#2166 = VECTOR ( 'NONE', #122, 1000.000000000000000 ) ;
#2167 = ORIENTED_EDGE ( 'NONE', *, *, #1694, .T. ) ;
#2168 = ORIENTED_EDGE ( 'NONE', *, *, #3770, .F. ) ;
#2169 = DIRECTION ( 'NONE',  ( -1.000000000000000000, 0.000000000000000000, 1.668003342285391551E-16 ) ) ;
#2170 = VECTOR ( 'NONE', #1346, 1000.000000000000000 ) ;
#2171 = DIRECTION ( 'NONE',  ( -0.000000000000000000, 1.000000000000000000, -0.000000000000000000 ) ) ;
#2172 = ORIENTED_EDGE ( 'NONE', *, *, #561, .T. ) ;
#2173 = ORIENTED_EDGE ( 'NONE', *, *, #1853, .T. ) ;
#2174 = AXIS2_PLACEMENT_3D ( 'NONE', #3496, #3515, #836 ) ;
#2175 = VECTOR ( 'NONE', #467, 1000.000000000000000 ) ;
#2176 = CARTESIAN_POINT ( 'NONE',  ( 92.23000000000000398, 0.000000000000000000, 16.53000000000000114 ) ) ;
#2177 = DIRECTION ( 'NONE',  ( 0.000000000000000000, 1.000000000000000000, 0.000000000000000000 ) ) ;
#2178 = CYLINDRICAL_SURFACE ( 'NONE', #290, 0.5000000000000004441 ) ;
#2179 = EDGE_CURVE ( 'NONE', #3462, #2307, #3326, .T. ) ;
#2180 = CARTESIAN_POINT ( 'NONE',  ( 16.53000000000000824, 3.000000000000000000, 35.28259228293302385 ) ) ;
#2181 = VERTEX_POINT ( 'NONE', #1199 ) ;
#2182 = CARTESIAN_POINT ( 'NONE',  ( 0.000000000000000000, 0.000000000000000000, 21.78259228293302741 ) ) ;
#2183 = DIRECTION ( 'NONE',  ( 0.000000000000000000, 0.000000000000000000, 1.000000000000000000 ) ) ;
#2184 = DIRECTION ( 'NONE',  ( 0.7867888316398680137, 0.000000000000000000, 0.6172222730967924509 ) ) ;
#2185 = VERTEX_POINT ( 'NONE', #611 ) ;
#2186 = CARTESIAN_POINT ( 'NONE',  ( 3.030000000000006466, 0.000000000000000000, 21.78259228293302741 ) ) ;
#2187 = ADVANCED_FACE ( 'NONE', ( #1220 ), #646, .F. ) ;
#2188 = EDGE_LOOP ( 'NONE', ( #3836, #14, #1821, #2390 ) ) ;
#2189 = DIRECTION ( 'NONE',  ( -0.000000000000000000, 1.000000000000000000, -0.000000000000000000 ) ) ;
#2190 = ORIENTED_EDGE ( 'NONE', *, *, #2937, .T. ) ;
#2191 = CARTESIAN_POINT ( 'NONE',  ( 54.12999999999999545, 3.000000000000000000, 35.78259228293302385 ) ) ;
#2192 = FACE_BOUND ( 'NONE', #2818, .T. ) ;
#2193 = DIRECTION ( 'NONE',  ( 1.000000000000000000, -0.000000000000000000, 0.000000000000000000 ) ) ;
#2194 = CARTESIAN_POINT ( 'NONE',  ( 0.000000000000000000, 0.000000000000000000, 35.78259228293302385 ) ) ;
#2195 = DIRECTION ( 'NONE',  ( -0.000000000000000000, 1.000000000000000000, -0.000000000000000000 ) ) ;
#2196 = FACE_OUTER_BOUND ( 'NONE', #2011, .T. ) ;
#2197 = CARTESIAN_POINT ( 'NONE',  ( 73.17999999999999261, 3.000000000000000000, 21.78259228293302741 ) ) ;
#2198 = EDGE_CURVE ( 'NONE', #2899, #2986, #427, .T. ) ;
#2199 = DIRECTION ( 'NONE',  ( 0.6172222730967924509, 0.000000000000000000, -0.7867888316398680137 ) ) ;
#2200 = CIRCLE ( 'NONE', #2146, 0.5000000000000004441 ) ;
#2201 = ORIENTED_EDGE ( 'NONE', *, *, #1894, .T. ) ;
#2202 = VERTEX_POINT ( 'NONE', #1052 ) ;
#2203 = CARTESIAN_POINT ( 'NONE',  ( 73.18000000000000682, 3.000000000000000000, 3.029999999999999805 ) ) ;
#2204 = EDGE_CURVE ( 'NONE', #3274, #1811, #2229, .T. ) ;
#2205 = AXIS2_PLACEMENT_3D ( 'NONE', #2897, #236, #3798 ) ;
#2206 = ORIENTED_EDGE ( 'NONE', *, *, #3368, .F. ) ;
#2207 = CARTESIAN_POINT ( 'NONE',  ( 22.08000000000000185, 0.000000000000000000, 35.28259228293302385 ) ) ;
#2208 = VERTEX_POINT ( 'NONE', #3369 ) ;
#2209 = VECTOR ( 'NONE', #1382, 1000.000000000000000 ) ;
#2210 = DIRECTION ( 'NONE',  ( -0.000000000000000000, 1.000000000000000000, -0.000000000000000000 ) ) ;
#2211 = DIRECTION ( 'NONE',  ( 0.000000000000000000, 0.000000000000000000, 1.000000000000000000 ) ) ;
#2212 = EDGE_CURVE ( 'NONE', #2457, #3256, #3703, .T. ) ;
#2213 = DIRECTION ( 'NONE',  ( 0.000000000000000000, 1.000000000000000000, -0.000000000000000000 ) ) ;
#2214 = DIRECTION ( 'NONE',  ( 0.000000000000000000, 0.000000000000000000, 1.000000000000000000 ) ) ;
#2215 = CARTESIAN_POINT ( 'NONE',  ( 43.75000000000000711, 0.000000000000000000, -51.07339105000000501 ) ) ;
#2216 = LINE ( 'NONE', #1594, #789 ) ;
#2217 = CARTESIAN_POINT ( 'NONE',  ( 0.000000000000000000, 3.000000000000000000, 35.78259228293302385 ) ) ;
#2218 = CIRCLE ( 'NONE', #596, 0.5000000000000004441 ) ;
#2219 = VECTOR ( 'NONE', #1927, 1000.000000000000000 ) ;
#2220 = CARTESIAN_POINT ( 'NONE',  ( 54.12999999999998835, 0.000000000000000000, 21.78259228293302741 ) ) ;
#2221 = DIRECTION ( 'NONE',  ( 1.000000000000000000, -0.000000000000000000, 0.000000000000000000 ) ) ;
#2222 = ORIENTED_EDGE ( 'NONE', *, *, #3046, .T. ) ;
#2223 = CARTESIAN_POINT ( 'NONE',  ( 73.17999999999999261, 0.000000000000000000, 35.78259228293302385 ) ) ;
#2224 = AXIS2_PLACEMENT_3D ( 'NONE', #29, #3538, #1171 ) ;
#2225 = EDGE_CURVE ( 'NONE', #2597, #1811, #386, .T. ) ;
#2226 = ORIENTED_EDGE ( 'NONE', *, *, #2560, .F. ) ;
#2227 = CIRCLE ( 'NONE', #2668, 0.5000000000000004441 ) ;
#2228 = EDGE_CURVE ( 'NONE', #1659, #3439, #206, .T. ) ;
#2229 = LINE ( 'NONE', #2816, #1522 ) ;
#2230 = EDGE_CURVE ( 'NONE', #465, #2135, #3115, .T. ) ;
#2231 = ORIENTED_EDGE ( 'NONE', *, *, #1965, .F. ) ;
#2232 = VERTEX_POINT ( 'NONE', #3346 ) ;
#2233 = AXIS2_PLACEMENT_3D ( 'NONE', #637, #2381, #264 ) ;
#2234 = CARTESIAN_POINT ( 'NONE',  ( 79.23000000000000398, 0.000000000000000000, 3.029999999999999805 ) ) ;
#2235 = CARTESIAN_POINT ( 'NONE',  ( 28.74999999999999645, 0.000000000000000000, 50.27000000000000313 ) ) ;
#2236 = AXIS2_PLACEMENT_3D ( 'NONE', #3841, #72, #1734 ) ;
#2237 = CARTESIAN_POINT ( 'NONE',  ( -1.250000000000001110, 3.000000000000000000, -69.50999999999999091 ) ) ;
#2238 = VECTOR ( 'NONE', #3689, 1000.000000000000000 ) ;
#2239 = EDGE_CURVE ( 'NONE', #3387, #342, #3147, .T. ) ;
#2240 = CARTESIAN_POINT ( 'NONE',  ( 79.22999999999998977, 0.000000000000000000, 35.78259228293302385 ) ) ;
#2241 = DIRECTION ( 'NONE',  ( 0.000000000000000000, 0.000000000000000000, 1.000000000000000000 ) ) ;
#2242 = CYLINDRICAL_SURFACE ( 'NONE', #2712, 0.5000000000000004441 ) ;
#2243 = ORIENTED_EDGE ( 'NONE', *, *, #3059, .F. ) ;
#2244 = ORIENTED_EDGE ( 'NONE', *, *, #2469, .F. ) ;
#2245 = DIRECTION ( 'NONE',  ( -0.000000000000000000, 1.000000000000000000, -0.000000000000000000 ) ) ;
#2246 = CARTESIAN_POINT ( 'NONE',  ( 89.08138121000000353, 0.000000000000000000, -13.18999999999999950 ) ) ;
#2247 = EDGE_LOOP ( 'NONE', ( #2509, #3000, #3304, #2468, #1283, #1237, #146, #1623 ) ) ;
#2248 = EDGE_CURVE ( 'NONE', #3803, #1564, #3696, .T. ) ;
#2249 = CARTESIAN_POINT ( 'NONE',  ( 35.07999999999999829, 0.000000000000000000, 22.28259228293302741 ) ) ;
#2250 = LINE ( 'NONE', #3461, #340 ) ;
#2251 = ORIENTED_EDGE ( 'NONE', *, *, #3618, .T. ) ;
#2252 = DIRECTION ( 'NONE',  ( 0.000000000000000000, 1.000000000000000000, -0.000000000000000000 ) ) ;
#2253 = EDGE_CURVE ( 'NONE', #2950, #3559, #116, .T. ) ;
#2254 = DIRECTION ( 'NONE',  ( 0.000000000000000000, 0.000000000000000000, 1.000000000000000000 ) ) ;
#2255 = DIRECTION ( 'NONE',  ( 0.000000000000000000, 1.000000000000000000, -0.000000000000000000 ) ) ;
#2256 = CYLINDRICAL_SURFACE ( 'NONE', #1915, 0.5000000000000004441 ) ;
#2257 = ADVANCED_FACE ( 'NONE', ( #3095 ), #3656, .F. ) ;
#2258 = DIRECTION ( 'NONE',  ( 0.000000000000000000, 0.000000000000000000, 1.000000000000000000 ) ) ;
#2259 = CARTESIAN_POINT ( 'NONE',  ( 54.12999999999998835, 0.000000000000000000, 21.78259228293302741 ) ) ;
#2260 = DIRECTION ( 'NONE',  ( 0.000000000000000000, 0.000000000000000000, 1.000000000000000000 ) ) ;
#2261 = ORIENTED_EDGE ( 'NONE', *, *, #1397, .F. ) ;
#2262 = EDGE_CURVE ( 'NONE', #1452, #58, #743, .T. ) ;
#2263 = CARTESIAN_POINT ( 'NONE',  ( 16.53000000000000114, 0.000000000000000000, -4.411535239676404486E-15 ) ) ;
#2264 = VERTEX_POINT ( 'NONE', #1349 ) ;
#2265 = CARTESIAN_POINT ( 'NONE',  ( 54.62999999999999545, 3.000000000000000000, 22.28259228293302741 ) ) ;
#2266 = ORIENTED_EDGE ( 'NONE', *, *, #3041, .F. ) ;
#2267 = CIRCLE ( 'NONE', #140, 0.5000000000000004441 ) ;
#2268 = CARTESIAN_POINT ( 'NONE',  ( 79.22999999999998977, 0.000000000000000000, 35.78259228293302385 ) ) ;
#2269 = DIRECTION ( 'NONE',  ( -0.000000000000000000, -0.000000000000000000, -1.000000000000000000 ) ) ;
#2270 = CIRCLE ( 'NONE', #839, 0.5000000000000004441 ) ;
#2271 = VERTEX_POINT ( 'NONE', #995 ) ;
#2272 = CARTESIAN_POINT ( 'NONE',  ( 35.57999999999999829, 0.000000000000000000, 0.000000000000000000 ) ) ;
#2273 = CARTESIAN_POINT ( 'NONE',  ( 103.7500000000000000, -0.001000000000006204259, -64.50999999999999091 ) ) ;
#2274 = CARTESIAN_POINT ( 'NONE',  ( 59.68000000000000682, 0.000000000000000000, 3.030000000000003357 ) ) ;
#2275 = EDGE_CURVE ( 'NONE', #2013, #1640, #1314, .T. ) ;
#2276 = EDGE_CURVE ( 'NONE', #117, #787, #2460, .T. ) ;
#2277 = CARTESIAN_POINT ( 'NONE',  ( 0.000000000000000000, 0.000000000000000000, 35.78259228293302385 ) ) ;
#2278 = DIRECTION ( 'NONE',  ( -0.000000000000000000, 1.000000000000000000, -0.000000000000000000 ) ) ;
#2279 = PLANE ( 'NONE',  #2519 ) ;
#2280 = VECTOR ( 'NONE', #2803, 1000.000000000000000 ) ;
#2281 = CARTESIAN_POINT ( 'NONE',  ( 73.18000000000000682, 0.000000000000000000, 16.53000000000000114 ) ) ;
#2282 = ORIENTED_EDGE ( 'NONE', *, *, #2433, .F. ) ;
#2283 = CARTESIAN_POINT ( 'NONE',  ( 22.08000000000000185, 0.000000000000000000, 16.53000000000000114 ) ) ;
#2284 = VECTOR ( 'NONE', #1188, 1000.000000000000000 ) ;
#2285 = EDGE_CURVE ( 'NONE', #2061, #503, #3585, .T. ) ;
#2286 = VERTEX_POINT ( 'NONE', #2755 ) ;
#2287 = CARTESIAN_POINT ( 'NONE',  ( 54.12999999999999545, 0.000000000000000000, 22.28259228293302741 ) ) ;
#2288 = ORIENTED_EDGE ( 'NONE', *, *, #1181, .F. ) ;
#2289 = ORIENTED_EDGE ( 'NONE', *, *, #2847, .T. ) ;
#2290 = VECTOR ( 'NONE', #517, 1000.000000000000000 ) ;
#2291 = LINE ( 'NONE', #2879, #15 ) ;
#2292 = CARTESIAN_POINT ( 'NONE',  ( 92.22999999999997556, 0.000000000000000000, 21.78259228293302741 ) ) ;
#2293 = ORIENTED_EDGE ( 'NONE', *, *, #663, .F. ) ;
#2294 = VECTOR ( 'NONE', #3743, 1000.000000000000000 ) ;
#2295 = DIRECTION ( 'NONE',  ( -0.000000000000000000, -1.000000000000000000, -0.000000000000000000 ) ) ;
#2296 = CIRCLE ( 'NONE', #1548, 0.5000000000000004441 ) ;
#2297 = ORIENTED_EDGE ( 'NONE', *, *, #2120, .T. ) ;
#2298 = CARTESIAN_POINT ( 'NONE',  ( 3.030000000000005134, 0.000000000000000000, 35.78259228293302385 ) ) ;
#2299 = FACE_OUTER_BOUND ( 'NONE', #1778, .T. ) ;
#2300 = FACE_OUTER_BOUND ( 'NONE', #243, .T. ) ;
#2301 = AXIS2_PLACEMENT_3D ( 'NONE', #3650, #2518, #1285 ) ;
#2302 = EDGE_CURVE ( 'NONE', #402, #2597, #3060, .T. ) ;
#2303 = VECTOR ( 'NONE', #2210, 1000.000000000000000 ) ;
#2304 = FACE_OUTER_BOUND ( 'NONE', #2735, .T. ) ;
#2305 = EDGE_LOOP ( 'NONE', ( #118, #3097, #2411, #1764 ) ) ;
#2306 = CARTESIAN_POINT ( 'NONE',  ( 86.68138121000001206, -7.000000000000000000, -51.07339105000000501 ) ) ;
#2307 = VERTEX_POINT ( 'NONE', #724 ) ;
#2308 = CARTESIAN_POINT ( 'NONE',  ( -1.249999999999993117, -6.999999999999996447, -4.039999999999974278 ) ) ;
#2309 = LINE ( 'NONE', #2014, #1215 ) ;
#2310 = VERTEX_POINT ( 'NONE', #369 ) ;
#2311 = EDGE_CURVE ( 'NONE', #2684, #280, #1916, .T. ) ;
#2312 = DIRECTION ( 'NONE',  ( 1.000000000000000000, -0.000000000000000000, 0.000000000000000000 ) ) ;
#2313 = FACE_BOUND ( 'NONE', #1463, .T. ) ;
#2314 = EDGE_LOOP ( 'NONE', ( #1968, #3590, #948, #3458 ) ) ;
#2315 = CARTESIAN_POINT ( 'NONE',  ( 16.53000000000000114, 0.000000000000000000, 3.030000000000003357 ) ) ;
#2316 = ORIENTED_EDGE ( 'NONE', *, *, #1253, .F. ) ;
#2317 = CARTESIAN_POINT ( 'NONE',  ( 16.53000000000000114, 0.000000000000000000, -4.411535239676404486E-15 ) ) ;
#2318 = DIRECTION ( 'NONE',  ( -1.000000000000000000, 0.000000000000000000, 0.000000000000000000 ) ) ;
#2319 = CARTESIAN_POINT ( 'NONE',  ( -1.250000000000001110, 3.000000000000000000, 0.000000000000000000 ) ) ;
#2320 = PLANE ( 'NONE',  #2174 ) ;
#2321 = LINE ( 'NONE', #2624, #3397 ) ;
#2322 = CARTESIAN_POINT ( 'NONE',  ( 54.62999999999999545, 0.000000000000000000, 0.000000000000000000 ) ) ;
#2323 = ORIENTED_EDGE ( 'NONE', *, *, #2988, .F. ) ;
#2324 = ADVANCED_FACE ( 'NONE', ( #1583 ), #74, .F. ) ;
#2325 = FACE_OUTER_BOUND ( 'NONE', #996, .T. ) ;
#2326 = ORIENTED_EDGE ( 'NONE', *, *, #3310, .F. ) ;
#2327 = DIRECTION ( 'NONE',  ( 0.000000000000000000, 1.000000000000000000, -0.000000000000000000 ) ) ;
#2328 = ORIENTED_EDGE ( 'NONE', *, *, #3761, .T. ) ;
#2329 = ORIENTED_EDGE ( 'NONE', *, *, #677, .F. ) ;
#2330 = EDGE_CURVE ( 'NONE', #1754, #3594, #2609, .T. ) ;
#2331 = AXIS2_PLACEMENT_3D ( 'NONE', #3687, #1002, #2807 ) ;
#2332 = DIRECTION ( 'NONE',  ( 0.000000000000000000, 0.000000000000000000, 1.000000000000000000 ) ) ;
#2333 = LINE ( 'NONE', #3527, #1348 ) ;
#2334 = ORIENTED_EDGE ( 'NONE', *, *, #1194, .T. ) ;
#2335 = VECTOR ( 'NONE', #1182, 1000.000000000000000 ) ;
#2336 = DIRECTION ( 'NONE',  ( -1.000000000000000000, 0.000000000000000000, 1.668003342285392044E-16 ) ) ;
#2337 = AXIS2_PLACEMENT_3D ( 'NONE', #780, #3173, #568 ) ;
#2338 = ORIENTED_EDGE ( 'NONE', *, *, #2024, .T. ) ;
#2339 = FACE_OUTER_BOUND ( 'NONE', #485, .T. ) ;
#2340 = EDGE_CURVE ( 'NONE', #706, #3528, #804, .T. ) ;
#2341 = DIRECTION ( 'NONE',  ( 0.000000000000000000, 0.000000000000000000, 1.000000000000000000 ) ) ;
#2342 = CYLINDRICAL_SURFACE ( 'NONE', #548, 0.4999999999999935052 ) ;
#2343 = ORIENTED_EDGE ( 'NONE', *, *, #3868, .F. ) ;
#2344 = CARTESIAN_POINT ( 'NONE',  ( 0.000000000000000000, 0.000000000000000000, 2.529999999999999805 ) ) ;
#2345 = VERTEX_POINT ( 'NONE', #2629 ) ;
#2346 = CARTESIAN_POINT ( 'NONE',  ( 103.7500000000000000, 0.000000000000000000, -69.50999999999999091 ) ) ;
#2347 = DIRECTION ( 'NONE',  ( 0.000000000000000000, 0.000000000000000000, 1.000000000000000000 ) ) ;
#2348 = ORIENTED_EDGE ( 'NONE', *, *, #3530, .T. ) ;
#2349 = ORIENTED_EDGE ( 'NONE', *, *, #603, .T. ) ;
#2350 = CIRCLE ( 'NONE', #2846, 0.4999999999999935052 ) ;
#2351 = EDGE_CURVE ( 'NONE', #3803, #1827, #2270, .T. ) ;
#2352 = EDGE_CURVE ( 'NONE', #2345, #903, #3774, .T. ) ;
#2353 = CARTESIAN_POINT ( 'NONE',  ( -11.30000000000000071, 0.000000000000000000, 1.383850883036509659E-15 ) ) ;
#2354 = ORIENTED_EDGE ( 'NONE', *, *, #3522, .F. ) ;
#2355 = CARTESIAN_POINT ( 'NONE',  ( 73.17999999999999261, 0.000000000000000000, 2.529999999999999805 ) ) ;
#2356 = DIRECTION ( 'NONE',  ( -0.000000000000000000, 1.000000000000000000, -0.000000000000000000 ) ) ;
#2357 = DIRECTION ( 'NONE',  ( -1.224646799147353947E-16, 0.000000000000000000, -1.000000000000000000 ) ) ;
#2358 = CARTESIAN_POINT ( 'NONE',  ( 73.17999999999999261, 0.000000000000000000, 2.529999999999999805 ) ) ;
#2359 = ADVANCED_FACE ( 'NONE', ( #1996 ), #2877, .F. ) ;
#2360 = VECTOR ( 'NONE', #3733, 1000.000000000000000 ) ;
#2361 = VECTOR ( 'NONE', #3498, 1000.000000000000000 ) ;
#2362 = ORIENTED_EDGE ( 'NONE', *, *, #3007, .F. ) ;
#2363 = VECTOR ( 'NONE', #3579, 1000.000000000000000 ) ;
#2364 = DIRECTION ( 'NONE',  ( 0.000000000000000000, 1.000000000000000000, -0.000000000000000000 ) ) ;
#2365 = VERTEX_POINT ( 'NONE', #192 ) ;
#2366 = LINE ( 'NONE', #881, #2491 ) ;
#2367 = VECTOR ( 'NONE', #624, 1000.000000000000000 ) ;
#2368 = FACE_OUTER_BOUND ( 'NONE', #3308, .T. ) ;
#2369 = ORIENTED_EDGE ( 'NONE', *, *, #3709, .T. ) ;
#2370 = ORIENTED_EDGE ( 'NONE', *, *, #1694, .F. ) ;
#2371 = DIRECTION ( 'NONE',  ( 5.337610695313254343E-16, 0.000000000000000000, 1.000000000000000000 ) ) ;
#2372 = ORIENTED_EDGE ( 'NONE', *, *, #876, .T. ) ;
#2373 = ADVANCED_FACE ( 'NONE', ( #3195 ), #1117, .T. ) ;
#2374 = ORIENTED_EDGE ( 'NONE', *, *, #125, .T. ) ;
#2375 =( NAMED_UNIT ( * ) SI_UNIT ( $, .STERADIAN. ) SOLID_ANGLE_UNIT ( ) );
#2376 = CARTESIAN_POINT ( 'NONE',  ( -1.249999999999993117, 3.000000000000000000, -4.039999999999974278 ) ) ;
#2377 = CYLINDRICAL_SURFACE ( 'NONE', #3352, 0.5000000000000004441 ) ;
#2378 = ADVANCED_FACE ( 'NONE', ( #1387 ), #1972, .F. ) ;
#2379 = DIRECTION ( 'NONE',  ( -0.000000000000000000, 1.000000000000000000, -0.000000000000000000 ) ) ;
#2380 = EDGE_LOOP ( 'NONE', ( #1547, #2071 ) ) ;
#2381 = DIRECTION ( 'NONE',  ( 1.000000000000000000, 0.000000000000000000, -1.059858546495681701E-16 ) ) ;
#2382 = VERTEX_POINT ( 'NONE', #1953 ) ;
#2383 = PLANE ( 'NONE',  #3181 ) ;
#2384 = CARTESIAN_POINT ( 'NONE',  ( 35.07999999999999829, 0.000000000000000000, 35.78259228293302385 ) ) ;
#2385 = EDGE_CURVE ( 'NONE', #510, #1501, #504, .T. ) ;
#2386 = ORIENTED_EDGE ( 'NONE', *, *, #3102, .T. ) ;
#2387 = EDGE_LOOP ( 'NONE', ( #694, #3568, #1733, #740 ) ) ;
#2388 = LINE ( 'NONE', #1546, #3087 ) ;
#2389 = VERTEX_POINT ( 'NONE', #2035 ) ;
#2390 = ORIENTED_EDGE ( 'NONE', *, *, #3317, .T. ) ;
#2391 = PLANE ( 'NONE',  #2607 ) ;
#2392 = DIRECTION ( 'NONE',  ( 0.000000000000000000, 0.000000000000000000, 1.000000000000000000 ) ) ;
#2393 = VECTOR ( 'NONE', #3716, 1000.000000000000000 ) ;
#2394 = DIRECTION ( 'NONE',  ( 0.000000000000000000, 0.000000000000000000, 1.000000000000000000 ) ) ;
#2395 = ADVANCED_FACE ( 'NONE', ( #1703 ), #212, .F. ) ;
#2396 = VECTOR ( 'NONE', #2128, 1000.000000000000000 ) ;
#2397 = EDGE_CURVE ( 'NONE', #2764, #744, #2309, .T. ) ;
#2398 = VERTEX_POINT ( 'NONE', #2265 ) ;
#2399 = AXIS2_PLACEMENT_3D ( 'NONE', #2164, #3363, #2031 ) ;
#2400 = CARTESIAN_POINT ( 'NONE',  ( 79.23000000000000398, 0.000000000000000000, 3.029999999999999805 ) ) ;
#2401 = VERTEX_POINT ( 'NONE', #3213 ) ;
#2402 = FACE_OUTER_BOUND ( 'NONE', #1818, .T. ) ;
#2403 = DIRECTION ( 'NONE',  ( 0.000000000000000000, 1.000000000000000000, -0.000000000000000000 ) ) ;
#2404 = EDGE_LOOP ( 'NONE', ( #2750, #3680, #3635, #1200 ) ) ;
#2405 = VERTEX_POINT ( 'NONE', #3815 ) ;
#2406 = EDGE_CURVE ( 'NONE', #2208, #1242, #2527, .T. ) ;
#2407 = CARTESIAN_POINT ( 'NONE',  ( 41.12999999999999545, 0.000000000000000000, 22.28259228293302741 ) ) ;
#2408 = EDGE_LOOP ( 'NONE', ( #2, #1750, #1621, #1091 ) ) ;
#2409 = VECTOR ( 'NONE', #855, 1000.000000000000000 ) ;
#2410 = CIRCLE ( 'NONE', #2722, 3.499999999999999556 ) ;
#2411 = ORIENTED_EDGE ( 'NONE', *, *, #3593, .F. ) ;
#2412 = CARTESIAN_POINT ( 'NONE',  ( 76.88138121000001490, -6.999999999999996447, -13.18999999999999950 ) ) ;
#2413 = PLANE ( 'NONE',  #220 ) ;
#2414 = CARTESIAN_POINT ( 'NONE',  ( 89.08138121000000353, 3.000000000000000000, -13.18999999999999950 ) ) ;
#2415 = AXIS2_PLACEMENT_3D ( 'NONE', #835, #2029, #1043 ) ;
#2416 = CARTESIAN_POINT ( 'NONE',  ( 60.17999999999999972, 3.000000000000000000, 35.78259228293302385 ) ) ;
#2417 = ORIENTED_EDGE ( 'NONE', *, *, #560, .T. ) ;
#2418 = FACE_OUTER_BOUND ( 'NONE', #349, .T. ) ;
#2419 = ORIENTED_EDGE ( 'NONE', *, *, #654, .F. ) ;
#2420 = DIRECTION ( 'NONE',  ( 0.000000000000000000, 0.000000000000000000, 1.000000000000000000 ) ) ;
#2421 = VECTOR ( 'NONE', #2724, 1000.000000000000000 ) ;
#2422 = CIRCLE ( 'NONE', #3862, 3.499999999999999556 ) ;
#2423 = EDGE_CURVE ( 'NONE', #429, #558, #2938, .T. ) ;
#2424 = AXIS2_PLACEMENT_3D ( 'NONE', #1914, #3210, #2012 ) ;
#2425 = FACE_OUTER_BOUND ( 'NONE', #501, .T. ) ;
#2426 = ORIENTED_EDGE ( 'NONE', *, *, #3271, .T. ) ;
#2427 = ORIENTED_EDGE ( 'NONE', *, *, #2015, .T. ) ;
#2428 = DIRECTION ( 'NONE',  ( 0.000000000000000000, 0.000000000000000000, 1.000000000000000000 ) ) ;
#2429 = AXIS2_PLACEMENT_3D ( 'NONE', #2910, #455, #2870 ) ;
#2430 = LINE ( 'NONE', #941, #2963 ) ;
#2431 = ORIENTED_EDGE ( 'NONE', *, *, #249, .T. ) ;
#2432 = ORIENTED_EDGE ( 'NONE', *, *, #1789, .T. ) ;
#2433 = EDGE_CURVE ( 'NONE', #3197, #2405, #1779, .T. ) ;
#2434 = CARTESIAN_POINT ( 'NONE',  ( 103.7500000000000000, 0.000000000000000000, 45.27000000000000313 ) ) ;
#2435 = EDGE_CURVE ( 'NONE', #3230, #510, #3772, .T. ) ;
#2436 = DIRECTION ( 'NONE',  ( 1.000000000000000000, -0.000000000000000000, 0.000000000000000000 ) ) ;
#2437 = CARTESIAN_POINT ( 'NONE',  ( 77.38138121000000069, 3.000000000000000000, -25.29170859000000249 ) ) ;
#2438 = DIRECTION ( 'NONE',  ( 0.000000000000000000, 1.000000000000000000, -0.000000000000000000 ) ) ;
#2439 = ORIENTED_EDGE ( 'NONE', *, *, #3286, .F. ) ;
#2440 = CARTESIAN_POINT ( 'NONE',  ( -11.30000000000000071, 3.000000000000000000, 1.383850883036509659E-15 ) ) ;
#2441 = ORIENTED_EDGE ( 'NONE', *, *, #6, .T. ) ;
#2442 = DIRECTION ( 'NONE',  ( -0.000000000000000000, 1.000000000000000000, -0.000000000000000000 ) ) ;
#2443 = FACE_OUTER_BOUND ( 'NONE', #3347, .T. ) ;
#2444 = EDGE_LOOP ( 'NONE', ( #3209, #1458, #1077, #2654 ) ) ;
#2445 = EDGE_LOOP ( 'NONE', ( #2904, #2995, #2293, #2095 ) ) ;
#2446 = PLANE ( 'NONE',  #3553 ) ;
#2447 = EDGE_CURVE ( 'NONE', #3523, #3539, #3154, .T. ) ;
#2448 = CARTESIAN_POINT ( 'NONE',  ( 92.23000000000000398, 3.000000000000000000, 2.529999999999999805 ) ) ;
#2449 = ADVANCED_FACE ( 'NONE', ( #1070 ), #3457, .F. ) ;
#2450 = ORIENTED_EDGE ( 'NONE', *, *, #677, .T. ) ;
#2451 = LINE ( 'NONE', #3099, #1596 ) ;
#2452 = CARTESIAN_POINT ( 'NONE',  ( 76.88138121000000069, 3.000000000000000000, -24.79170859000000249 ) ) ;
#2453 = ADVANCED_FACE ( 'NONE', ( #2425 ), #1766, .T. ) ;
#2454 = CIRCLE ( 'NONE', #1269, 0.5000000000000004441 ) ;
#2455 = DIRECTION ( 'NONE',  ( 0.000000000000000000, 1.000000000000000000, -0.000000000000000000 ) ) ;
#2456 = LINE ( 'NONE', #3083, #3020 ) ;
#2457 = VERTEX_POINT ( 'NONE', #2384 ) ;
#2458 = FACE_BOUND ( 'NONE', #513, .T. ) ;
#2459 = DIRECTION ( 'NONE',  ( -0.000000000000000000, 1.000000000000000000, -0.000000000000000000 ) ) ;
#2460 = CIRCLE ( 'NONE', #2085, 0.5000000000000004441 ) ;
#2461 = AXIS2_PLACEMENT_3D ( 'NONE', #1308, #3398, #2502 ) ;
#2462 = LINE ( 'NONE', #3054, #1896 ) ;
#2463 = ORIENTED_EDGE ( 'NONE', *, *, #1566, .F. ) ;
#2464 = VERTEX_POINT ( 'NONE', #2955 ) ;
#2465 = CARTESIAN_POINT ( 'NONE',  ( 77.38138121000000069, -6.999999999999996447, -24.79170859000000249 ) ) ;
#2466 = CARTESIAN_POINT ( 'NONE',  ( 92.23000000000000398, 0.000000000000000000, 2.529999999999999805 ) ) ;
#2467 = ADVANCED_FACE ( 'NONE', ( #2368 ), #2111, .T. ) ;
#2468 = ORIENTED_EDGE ( 'NONE', *, *, #2435, .T. ) ;
#2469 = EDGE_CURVE ( 'NONE', #1585, #985, #285, .T. ) ;
#2470 = LINE ( 'NONE', #3076, #3367 ) ;
#2471 = CARTESIAN_POINT ( 'NONE',  ( -11.29999999999999538, -8.027932794975138863E-63, 40.27000000000001023 ) ) ;
#2472 = LINE ( 'NONE', #1247, #2985 ) ;
#2473 = VECTOR ( 'NONE', #3778, 1000.000000000000000 ) ;
#2474 = PLANE ( 'NONE',  #3471 ) ;
#2475 = LINE ( 'NONE', #397, #834 ) ;
#2476 = VECTOR ( 'NONE', #1021, 1000.000000000000000 ) ;
#2477 = ORIENTED_EDGE ( 'NONE', *, *, #3644, .T. ) ;
#2478 = FACE_OUTER_BOUND ( 'NONE', #3508, .T. ) ;
#2479 = ADVANCED_FACE ( 'NONE', ( #1234 ), #11, .F. ) ;
#2480 = DIRECTION ( 'NONE',  ( 0.000000000000000000, 0.000000000000000000, 1.000000000000000000 ) ) ;
#2481 = DIRECTION ( 'NONE',  ( 0.000000000000000000, 0.000000000000000000, 1.000000000000000000 ) ) ;
#2482 = VECTOR ( 'NONE', #747, 1000.000000000000000 ) ;
#2483 = ORIENTED_EDGE ( 'NONE', *, *, #1760, .F. ) ;
#2484 = VECTOR ( 'NONE', #2583, 1000.000000000000000 ) ;
#2485 = ORIENTED_EDGE ( 'NONE', *, *, #3203, .T. ) ;
#2486 = LINE ( 'NONE', #1935, #3611 ) ;
#2487 = AXIS2_PLACEMENT_3D ( 'NONE', #1601, #113, #1312 ) ;
#2488 = VERTEX_POINT ( 'NONE', #323 ) ;
#2489 = DIRECTION ( 'NONE',  ( 0.000000000000000000, 0.000000000000000000, 1.000000000000000000 ) ) ;
#2490 = ORIENTED_EDGE ( 'NONE', *, *, #1639, .T. ) ;
#2491 = VECTOR ( 'NONE', #3617, 1000.000000000000000 ) ;
#2492 = AXIS2_PLACEMENT_3D ( 'NONE', #1297, #2493, #3683 ) ;
#2493 = DIRECTION ( 'NONE',  ( -0.000000000000000000, 1.000000000000000000, -0.000000000000000000 ) ) ;
#2494 = CARTESIAN_POINT ( 'NONE',  ( 22.08000000000000185, 3.000000000000000000, 35.78259228293302385 ) ) ;
#2495 = ADVANCED_FACE ( 'NONE', ( #1505 ), #882, .T. ) ;
#2496 = CARTESIAN_POINT ( 'NONE',  ( 103.7500000000000000, 3.000000000000000000, 45.27000000000000313 ) ) ;
#2497 = DIRECTION ( 'NONE',  ( 0.000000000000000000, 0.000000000000000000, 1.000000000000000000 ) ) ;
#2498 = CARTESIAN_POINT ( 'NONE',  ( -11.29999999999999538, 0.000000000000000000, 40.27000000000001023 ) ) ;
#2499 = EDGE_CURVE ( 'NONE', #3196, #2232, #904, .T. ) ;
#2500 = FACE_BOUND ( 'NONE', #1451, .T. ) ;
#2501 = LINE ( 'NONE', #3126, #2238 ) ;
#2502 = DIRECTION ( 'NONE',  ( 0.000000000000000000, 0.000000000000000000, 1.000000000000000000 ) ) ;
#2503 = CARTESIAN_POINT ( 'NONE',  ( 3.030000000000003357, 0.000000000000000000, 22.28259228293302741 ) ) ;
#2504 = ORIENTED_EDGE ( 'NONE', *, *, #2707, .T. ) ;
#2505 = CARTESIAN_POINT ( 'NONE',  ( 92.22999999999998977, 3.000000000000000000, 35.28259228293302385 ) ) ;
#2506 = EDGE_CURVE ( 'NONE', #371, #1799, #2833, .T. ) ;
#2507 = EDGE_LOOP ( 'NONE', ( #112, #690, #937, #3402 ) ) ;
#2508 = CARTESIAN_POINT ( 'NONE',  ( 77.38138121000000069, 0.000000000000000000, -24.79170859000000249 ) ) ;
#2509 = ORIENTED_EDGE ( 'NONE', *, *, #1257, .T. ) ;
#2510 = ORIENTED_EDGE ( 'NONE', *, *, #820, .F. ) ;
#2511 = DIRECTION ( 'NONE',  ( 0.000000000000000000, 0.000000000000000000, 1.000000000000000000 ) ) ;
#2512 = FACE_BOUND ( 'NONE', #191, .T. ) ;
#2513 = DIRECTION ( 'NONE',  ( -0.000000000000000000, 1.000000000000000000, -0.000000000000000000 ) ) ;
#2514 = DIRECTION ( 'NONE',  ( -0.000000000000000000, -1.000000000000000000, -0.000000000000000000 ) ) ;
#2515 = CARTESIAN_POINT ( 'NONE',  ( 92.73000000000000398, 0.000000000000000000, 0.000000000000000000 ) ) ;
#2516 = EDGE_CURVE ( 'NONE', #2464, #684, #640, .T. ) ;
#2517 = DIRECTION ( 'NONE',  ( 0.000000000000000000, -4.917407903853092830E-16, 1.000000000000000000 ) ) ;
#2518 = DIRECTION ( 'NONE',  ( -0.000000000000000000, -1.000000000000000000, 0.000000000000000000 ) ) ;
#2519 = AXIS2_PLACEMENT_3D ( 'NONE', #1109, #1989, #2602 ) ;
#2520 = EDGE_CURVE ( 'NONE', #643, #3462, #83, .T. ) ;
#2521 = ADVANCED_FACE ( 'NONE', ( #2976 ), #269, .F. ) ;
#2522 = DIRECTION ( 'NONE',  ( 0.000000000000000000, 0.000000000000000000, 1.000000000000000000 ) ) ;
#2523 = AXIS2_PLACEMENT_3D ( 'NONE', #2207, #1605, #1624 ) ;
#2524 = EDGE_LOOP ( 'NONE', ( #3084, #2984, #1520, #507 ) ) ;
#2525 = EDGE_LOOP ( 'NONE', ( #570, #3605, #2756, #1949 ) ) ;
#2526 = CARTESIAN_POINT ( 'NONE',  ( 54.75138121000000524, -0.001000000000006204259, -15.48000000000000043 ) ) ;
#2527 = CIRCLE ( 'NONE', #1277, 0.5000000000000000000 ) ;
#2528 = VERTEX_POINT ( 'NONE', #901 ) ;
#2529 = DIRECTION ( 'NONE',  ( 0.000000000000000000, 0.000000000000000000, 1.000000000000000000 ) ) ;
#2530 = ORIENTED_EDGE ( 'NONE', *, *, #2865, .T. ) ;
#2531 = ORIENTED_EDGE ( 'NONE', *, *, #84, .T. ) ;
#2532 = EDGE_CURVE ( 'NONE', #3548, #2398, #2093, .T. ) ;
#2533 = CARTESIAN_POINT ( 'NONE',  ( 35.07999999999999829, 0.000000000000000000, 35.78259228293302385 ) ) ;
#2534 = LINE ( 'NONE', #3430, #970 ) ;
#2535 = FACE_OUTER_BOUND ( 'NONE', #1971, .T. ) ;
#2536 = FACE_OUTER_BOUND ( 'NONE', #1933, .T. ) ;
#2537 = CYLINDRICAL_SURFACE ( 'NONE', #161, 0.5000000000000004441 ) ;
#2538 = CARTESIAN_POINT ( 'NONE',  ( 0.000000000000000000, 0.000000000000000000, 16.53000000000000114 ) ) ;
#2539 = VECTOR ( 'NONE', #1978, 1000.000000000000000 ) ;
#2540 = CYLINDRICAL_SURFACE ( 'NONE', #2893, 0.5000000000000004441 ) ;
#2541 = ORIENTED_EDGE ( 'NONE', *, *, #1286, .T. ) ;
#2542 = VERTEX_POINT ( 'NONE', #1837 ) ;
#2543 = EDGE_CURVE ( 'NONE', #1578, #3191, #3853, .T. ) ;
#2544 = CARTESIAN_POINT ( 'NONE',  ( 41.13000000000000256, 3.000000000000000000, 21.78259228293302741 ) ) ;
#2545 = ORIENTED_EDGE ( 'NONE', *, *, #2423, .T. ) ;
#2546 = AXIS2_PLACEMENT_3D ( 'NONE', #771, #1402, #1963 ) ;
#2547 = DIRECTION ( 'NONE',  ( -0.000000000000000000, -1.000000000000000000, -0.000000000000000000 ) ) ;
#2548 = ORIENTED_EDGE ( 'NONE', *, *, #1214, .F. ) ;
#2549 = ORIENTED_EDGE ( 'NONE', *, *, #3192, .T. ) ;
#2550 = ADVANCED_FACE ( 'NONE', ( #2998 ), #919, .F. ) ;
#2551 = VECTOR ( 'NONE', #3183, 1000.000000000000000 ) ;
#2552 = FACE_OUTER_BOUND ( 'NONE', #3859, .T. ) ;
#2553 = EDGE_CURVE ( 'NONE', #1585, #152, #1150, .T. ) ;
#2554 = LINE ( 'NONE', #1416, #2473 ) ;
#2555 = AXIS2_PLACEMENT_3D ( 'NONE', #190, #2643, #3231 ) ;
#2556 = VERTEX_POINT ( 'NONE', #3600 ) ;
#2557 = CARTESIAN_POINT ( 'NONE',  ( 59.68000000000000682, 3.000000000000000000, 3.030000000000003357 ) ) ;
#2558 = CIRCLE ( 'NONE', #3427, 0.4999999999999935052 ) ;
#2559 = CARTESIAN_POINT ( 'NONE',  ( 79.22999999999998977, 3.000000000000000000, 35.78259228293302385 ) ) ;
#2560 = EDGE_CURVE ( 'NONE', #3158, #3850, #625, .T. ) ;
#2561 = DIRECTION ( 'NONE',  ( 5.337610695313253357E-16, 0.000000000000000000, 1.000000000000000000 ) ) ;
#2562 = DIRECTION ( 'NONE',  ( 0.000000000000000000, 0.000000000000000000, 1.000000000000000000 ) ) ;
#2563 = CARTESIAN_POINT ( 'NONE',  ( 35.57999999999999829, 3.000000000000000000, 35.28259228293302385 ) ) ;
#2564 = APPLICATION_CONTEXT ( 'automotive_design' ) ;
#2565 = CARTESIAN_POINT ( 'NONE',  ( 89.08138121000000353, -6.999999999999996447, -24.79170859000000249 ) ) ;
#2566 = DIRECTION ( 'NONE',  ( -0.000000000000000000, 1.000000000000000000, -0.000000000000000000 ) ) ;
#2567 = ORIENTED_EDGE ( 'NONE', *, *, #3794, .T. ) ;
#2568 = DIRECTION ( 'NONE',  ( 0.000000000000000000, 0.000000000000000000, 1.000000000000000000 ) ) ;
#2569 = ADVANCED_FACE ( 'NONE', ( #1875 ), #3674, .F. ) ;
#2570 = EDGE_LOOP ( 'NONE', ( #1510, #2614, #1236, #3235 ) ) ;
#2571 = DIRECTION ( 'NONE',  ( 0.000000000000000000, 0.000000000000000000, 1.000000000000000000 ) ) ;
#2572 = EDGE_LOOP ( 'NONE', ( #2328, #850, #2642, #1936 ) ) ;
#2573 = EDGE_CURVE ( 'NONE', #3625, #558, #2810, .T. ) ;
#2574 = DIRECTION ( 'NONE',  ( 0.000000000000000000, 1.000000000000000000, -0.000000000000000000 ) ) ;
#2575 = DIRECTION ( 'NONE',  ( 1.000000000000000000, -0.000000000000000000, -1.224646799147353700E-16 ) ) ;
#2576 = ORIENTED_EDGE ( 'NONE', *, *, #1557, .F. ) ;
#2577 = CARTESIAN_POINT ( 'NONE',  ( 103.7500000000000000, 3.000000000000000000, -62.80999999999998806 ) ) ;
#2578 = LINE ( 'NONE', #3185, #1732 ) ;
#2579 = PLANE ( 'NONE',  #1775 ) ;
#2580 = FACE_OUTER_BOUND ( 'NONE', #2408, .T. ) ;
#2581 = DIRECTION ( 'NONE',  ( 0.000000000000000000, 0.000000000000000000, 1.000000000000000000 ) ) ;
#2582 = ADVANCED_FACE ( 'NONE', ( #2149 ), #3342, .F. ) ;
#2583 = DIRECTION ( 'NONE',  ( 1.000000000000000000, -0.000000000000000000, 0.000000000000000000 ) ) ;
#2584 = VERTEX_POINT ( 'NONE', #1890 ) ;
#2585 = CARTESIAN_POINT ( 'NONE',  ( 60.18000000000001393, 0.000000000000000000, 16.02999999999999758 ) ) ;
#2586 = AXIS2_PLACEMENT_3D ( 'NONE', #3763, #790, #474 ) ;
#2587 = CARTESIAN_POINT ( 'NONE',  ( 43.75000000000000000, 0.000000000000000000, -69.50999999999999091 ) ) ;
#2588 = ORIENTED_EDGE ( 'NONE', *, *, #2883, .T. ) ;
#2589 = AXIS2_PLACEMENT_3D ( 'NONE', #688, #2547, #1861 ) ;
#2590 = ADVANCED_FACE ( 'NONE', ( #3381 ), #128, .F. ) ;
#2591 = DIRECTION ( 'NONE',  ( -0.000000000000000000, 1.000000000000000000, -0.000000000000000000 ) ) ;
#2592 = FACE_BOUND ( 'NONE', #2739, .T. ) ;
#2593 = CIRCLE ( 'NONE', #2653, 0.5000000000000004441 ) ;
#2594 = ORIENTED_EDGE ( 'NONE', *, *, #607, .F. ) ;
#2595 = CARTESIAN_POINT ( 'NONE',  ( 2.530000000000003357, 3.000000000000000000, 22.28259228293302741 ) ) ;
#2596 = EDGE_CURVE ( 'NONE', #217, #2365, #1932, .T. ) ;
#2597 = VERTEX_POINT ( 'NONE', #401 ) ;
#2598 = LINE ( 'NONE', #3783, #1910 ) ;
#2599 = CARTESIAN_POINT ( 'NONE',  ( 0.000000000000000000, 0.000000000000000000, 35.78259228293302385 ) ) ;
#2600 = CARTESIAN_POINT ( 'NONE',  ( 108.7500000000000000, 2.999999999999975131, 50.27000000000000313 ) ) ;
#2601 = DIRECTION ( 'NONE',  ( 1.000000000000000000, -0.000000000000000000, -1.224646799147353700E-16 ) ) ;
#2602 = DIRECTION ( 'NONE',  ( 1.000000000000000000, 0.000000000000000000, 0.000000000000000000 ) ) ;
#2603 = EDGE_CURVE ( 'NONE', #2727, #3601, #989, .T. ) ;
#2604 = CIRCLE ( 'NONE', #3349, 0.5000000000000000000 ) ;
#2605 = DIRECTION ( 'NONE',  ( 0.000000000000000000, 1.000000000000000000, -0.000000000000000000 ) ) ;
#2606 = CARTESIAN_POINT ( 'NONE',  ( 54.12999999999999545, 0.000000000000000000, 2.529999999999999805 ) ) ;
#2607 = AXIS2_PLACEMENT_3D ( 'NONE', #1757, #3555, #873 ) ;
#2608 = ORIENTED_EDGE ( 'NONE', *, *, #1108, .T. ) ;
#2609 = LINE ( 'NONE', #172, #1017 ) ;
#2610 = EDGE_LOOP ( 'NONE', ( #2701, #288, #806, #2463 ) ) ;
#2611 = ORIENTED_EDGE ( 'NONE', *, *, #1467, .T. ) ;
#2612 = DIRECTION ( 'NONE',  ( -0.000000000000000000, 1.000000000000000000, -0.000000000000000000 ) ) ;
#2613 = DIRECTION ( 'NONE',  ( 1.000000000000000000, -0.000000000000000000, 0.000000000000000000 ) ) ;
#2614 = ORIENTED_EDGE ( 'NONE', *, *, #2204, .F. ) ;
#2615 = CYLINDRICAL_SURFACE ( 'NONE', #1174, 1.700000000000000178 ) ;
#2616 = VECTOR ( 'NONE', #1192, 1000.000000000000000 ) ;
#2617 = AXIS2_PLACEMENT_3D ( 'NONE', #3861, #1185, #2428 ) ;
#2618 = ORIENTED_EDGE ( 'NONE', *, *, #1102, .F. ) ;
#2619 = DIRECTION ( 'NONE',  ( -0.000000000000000000, 1.000000000000000000, -0.000000000000000000 ) ) ;
#2620 = FACE_OUTER_BOUND ( 'NONE', #830, .T. ) ;
#2621 = CARTESIAN_POINT ( 'NONE',  ( 89.58138121000000353, 0.000000000000000000, -13.18999999999999950 ) ) ;
#2622 = CARTESIAN_POINT ( 'NONE',  ( 89.08138121000000353, 0.000000000000000000, -25.29170859000000249 ) ) ;
#2623 = EDGE_CURVE ( 'NONE', #2635, #2775, #2593, .T. ) ;
#2624 = CARTESIAN_POINT ( 'NONE',  ( -11.30000000000000071, -5.697340647455877521E-62, 1.383850883036509659E-15 ) ) ;
#2625 = CARTESIAN_POINT ( 'NONE',  ( 0.000000000000000000, 3.000000000000000000, 2.529999999999999805 ) ) ;
#2626 = ORIENTED_EDGE ( 'NONE', *, *, #2520, .F. ) ;
#2627 = PLANE ( 'NONE',  #479 ) ;
#2628 = VERTEX_POINT ( 'NONE', #90 ) ;
#2629 = CARTESIAN_POINT ( 'NONE',  ( 43.75000000000000000, 3.000000000000000000, -69.50999999999999091 ) ) ;
#2630 = ORIENTED_EDGE ( 'NONE', *, *, #434, .T. ) ;
#2631 = ORIENTED_EDGE ( 'NONE', *, *, #1749, .F. ) ;
#2632 = EDGE_CURVE ( 'NONE', #631, #3365, #3088, .T. ) ;
#2633 = LINE ( 'NONE', #809, #619 ) ;
#2634 = CARTESIAN_POINT ( 'NONE',  ( 73.68000000000000682, 3.000000000000000000, 16.02999999999999758 ) ) ;
#2635 = VERTEX_POINT ( 'NONE', #1324 ) ;
#2636 = CARTESIAN_POINT ( 'NONE',  ( 89.58138121000000353, 3.000000000000000000, -24.79170859000000249 ) ) ;
#2637 = LINE ( 'NONE', #2599, #2778 ) ;
#2638 = CARTESIAN_POINT ( 'NONE',  ( 86.68138121000001206, -7.000000000000000000, -36.70170859000000974 ) ) ;
#2639 = EDGE_CURVE ( 'NONE', #2382, #924, #3589, .T. ) ;
#2640 = EDGE_LOOP ( 'NONE', ( #759, #3742, #1788, #135 ) ) ;
#2641 = LINE ( 'NONE', #229, #1239 ) ;
#2642 = ORIENTED_EDGE ( 'NONE', *, *, #583, .F. ) ;
#2643 = DIRECTION ( 'NONE',  ( 0.000000000000000000, 1.000000000000000000, -0.000000000000000000 ) ) ;
#2644 = CARTESIAN_POINT ( 'NONE',  ( 22.08000000000000185, 3.000000000000000000, 16.02999999999999758 ) ) ;
#2645 = ORIENTED_EDGE ( 'NONE', *, *, #2285, .F. ) ;
#2646 = ORIENTED_EDGE ( 'NONE', *, *, #1532, .T. ) ;
#2647 = CIRCLE ( 'NONE', #1010, 0.5000000000000004441 ) ;
#2648 = DIRECTION ( 'NONE',  ( 0.000000000000000000, 0.000000000000000000, 1.000000000000000000 ) ) ;
#2649 = ORIENTED_EDGE ( 'NONE', *, *, #466, .F. ) ;
#2650 = ADVANCED_FACE ( 'NONE', ( #423 ), #683, .F. ) ;
#2651 = AXIS2_PLACEMENT_3D ( 'NONE', #3526, #3757, #2648 ) ;
#2652 = CARTESIAN_POINT ( 'NONE',  ( 92.22999999999997556, 3.000000000000000000, 21.78259228293302741 ) ) ;
#2653 = AXIS2_PLACEMENT_3D ( 'NONE', #3633, #698, #2769 ) ;
#2654 = ORIENTED_EDGE ( 'NONE', *, *, #2573, .T. ) ;
#2655 = LINE ( 'NONE', #595, #1540 ) ;
#2656 = ORIENTED_EDGE ( 'NONE', *, *, #2752, .F. ) ;
#2657 = CARTESIAN_POINT ( 'NONE',  ( 35.57999999999999829, 0.000000000000000000, 22.28259228293302741 ) ) ;
#2658 = ORIENTED_EDGE ( 'NONE', *, *, #61, .F. ) ;
#2659 = DIRECTION ( 'NONE',  ( -0.000000000000000000, 0.000000000000000000, 1.000000000000000000 ) ) ;
#2660 = DIRECTION ( 'NONE',  ( -0.000000000000000000, -1.000000000000000000, -0.000000000000000000 ) ) ;
#2661 = EDGE_LOOP ( 'NONE', ( #3048, #3153, #1071, #3441, #3219, #2226, #3676, #2720 ) ) ;
#2662 = ORIENTED_EDGE ( 'NONE', *, *, #3041, .T. ) ;
#2663 = AXIS2_PLACEMENT_3D ( 'NONE', #1121, #1710, #1037 ) ;
#2664 = EDGE_CURVE ( 'NONE', #1585, #906, #2462, .T. ) ;
#2665 = PLANE ( 'NONE',  #3081 ) ;
#2666 = ORIENTED_EDGE ( 'NONE', *, *, #3137, .F. ) ;
#2667 = DIRECTION ( 'NONE',  ( -0.000000000000000000, 1.000000000000000000, -0.000000000000000000 ) ) ;
#2668 = AXIS2_PLACEMENT_3D ( 'NONE', #1850, #3394, #1907 ) ;
#2669 = ORIENTED_EDGE ( 'NONE', *, *, #1214, .T. ) ;
#2670 = CARTESIAN_POINT ( 'NONE',  ( -1.250000000000000000, 0.000000000000000000, -69.50999999999999091 ) ) ;
#2671 = DIRECTION ( 'NONE',  ( 1.000000000000000000, -0.000000000000000000, 0.000000000000000000 ) ) ;
#2672 = DIRECTION ( 'NONE',  ( -1.059858546495681701E-16, -0.000000000000000000, -1.000000000000000000 ) ) ;
#2673 = EDGE_CURVE ( 'NONE', #3594, #3282, #272, .T. ) ;
#2674 = CARTESIAN_POINT ( 'NONE',  ( 73.67999999999999261, 3.000000000000000000, 35.28259228293302385 ) ) ;
#2675 = ORIENTED_EDGE ( 'NONE', *, *, #3744, .T. ) ;
#2676 = CARTESIAN_POINT ( 'NONE',  ( 79.23000000000000398, 3.000000000000000000, 2.529999999999999805 ) ) ;
#2677 = ORIENTED_EDGE ( 'NONE', *, *, #2198, .F. ) ;
#2678 = CARTESIAN_POINT ( 'NONE',  ( 103.7500000000000000, -0.001000000000006204259, 45.27000000000000313 ) ) ;
#2679 = VECTOR ( 'NONE', #1587, 1000.000000000000000 ) ;
#2680 = DIRECTION ( 'NONE',  ( -1.000000000000000000, 0.000000000000000000, 0.000000000000000000 ) ) ;
#2681 = EDGE_LOOP ( 'NONE', ( #1093, #1542, #1973, #1436, #2370, #1529, #2004, #3697 ) ) ;
#2682 = VERTEX_POINT ( 'NONE', #3690 ) ;
#2683 = CARTESIAN_POINT ( 'NONE',  ( 41.13000000000000966, 0.000000000000000000, 16.53000000000000114 ) ) ;
#2684 = VERTEX_POINT ( 'NONE', #953 ) ;
#2685 = ADVANCED_FACE ( 'NONE', ( #365 ), #739, .F. ) ;
#2686 = ADVANCED_FACE ( 'NONE', ( #2443 ), #718, .F. ) ;
#2687 = ORIENTED_EDGE ( 'NONE', *, *, #2632, .F. ) ;
#2688 = CARTESIAN_POINT ( 'NONE',  ( 16.03000000000000114, 3.000000000000000000, 16.53000000000000114 ) ) ;
#2689 = CARTESIAN_POINT ( 'NONE',  ( 103.7500000000000000, -0.001000000000006204259, 43.57000000000000739 ) ) ;
#2690 = DIRECTION ( 'NONE',  ( -0.000000000000000000, 1.000000000000000000, -0.000000000000000000 ) ) ;
#2691 = DIRECTION ( 'NONE',  ( -0.000000000000000000, 1.000000000000000000, -0.000000000000000000 ) ) ;
#2692 = ORIENTED_EDGE ( 'NONE', *, *, #1056, .F. ) ;
#2693 = CARTESIAN_POINT ( 'NONE',  ( 92.73000000000000398, 0.000000000000000000, 3.030000000000003357 ) ) ;
#2694 = ORIENTED_EDGE ( 'NONE', *, *, #1056, .T. ) ;
#2695 = ADVANCED_FACE ( 'NONE', ( #1023 ), #971, .F. ) ;
#2696 = DIRECTION ( 'NONE',  ( -0.000000000000000000, 1.000000000000000000, -0.000000000000000000 ) ) ;
#2697 = CARTESIAN_POINT ( 'NONE',  ( 22.08000000000000185, 0.000000000000000000, 22.28259228293302741 ) ) ;
#2698 = ORIENTED_EDGE ( 'NONE', *, *, #3551, .F. ) ;
#2699 = EDGE_LOOP ( 'NONE', ( #1230, #720, #526, #134 ) ) ;
#2700 = CARTESIAN_POINT ( 'NONE',  ( 54.62999999999999545, 0.000000000000000000, -2.915936722849630574E-14 ) ) ;
#2701 = ORIENTED_EDGE ( 'NONE', *, *, #1301, .T. ) ;
#2702 = ORIENTED_EDGE ( 'NONE', *, *, #3598, .T. ) ;
#2703 = VECTOR ( 'NONE', #3223, 1000.000000000000000 ) ;
#2704 = ORIENTED_EDGE ( 'NONE', *, *, #1273, .F. ) ;
#2705 = LINE ( 'NONE', #3845, #722 ) ;
#2706 = AXIS2_PLACEMENT_3D ( 'NONE', #1808, #308, #3016 ) ;
#2707 = EDGE_CURVE ( 'NONE', #429, #3531, #2321, .T. ) ;
#2708 = DIRECTION ( 'NONE',  ( 0.000000000000000000, 1.000000000000000000, -0.000000000000000000 ) ) ;
#2709 = VECTOR ( 'NONE', #3754, 1000.000000000000000 ) ;
#2710 = DIRECTION ( 'NONE',  ( -0.000000000000000000, 1.000000000000000000, -0.000000000000000000 ) ) ;
#2711 = ORIENTED_EDGE ( 'NONE', *, *, #2811, .T. ) ;
#2712 = AXIS2_PLACEMENT_3D ( 'NONE', #2565, #3227, #478 ) ;
#2713 = LINE ( 'NONE', #915, #1176 ) ;
#2714 = CARTESIAN_POINT ( 'NONE',  ( 16.02999999999999758, 3.000000000000000000, 21.78259228293302741 ) ) ;
#2715 = EDGE_CURVE ( 'NONE', #1785, #924, #3497, .T. ) ;
#2716 = DIRECTION ( 'NONE',  ( -1.000000000000000000, 0.000000000000000000, 5.337610695313254343E-16 ) ) ;
#2717 = ORIENTED_EDGE ( 'NONE', *, *, #925, .T. ) ;
#2718 = ORIENTED_EDGE ( 'NONE', *, *, #603, .F. ) ;
#2719 = DIRECTION ( 'NONE',  ( -1.000000000000000000, 0.000000000000000000, 5.337610695313253357E-16 ) ) ;
#2720 = ORIENTED_EDGE ( 'NONE', *, *, #205, .F. ) ;
#2721 = VECTOR ( 'NONE', #2613, 1000.000000000000000 ) ;
#2722 = AXIS2_PLACEMENT_3D ( 'NONE', #2762, #3686, #1552 ) ;
#2723 = CARTESIAN_POINT ( 'NONE',  ( 73.18000000000000682, 0.000000000000000000, 16.53000000000000114 ) ) ;
#2724 = DIRECTION ( 'NONE',  ( 2.668805347656627171E-16, 0.000000000000000000, 1.000000000000000000 ) ) ;
#2725 = EDGE_CURVE ( 'NONE', #1388, #1140, #3473, .T. ) ;
#2726 = VECTOR ( 'NONE', #1063, 1000.000000000000000 ) ;
#2727 = VERTEX_POINT ( 'NONE', #2259 ) ;
#2728 = CARTESIAN_POINT ( 'NONE',  ( 3.030000000000006466, 0.000000000000000000, 21.78259228293302741 ) ) ;
#2729 = VERTEX_POINT ( 'NONE', #2889 ) ;
#2730 = LINE ( 'NONE', #3012, #3863 ) ;
#2731 = ADVANCED_FACE ( 'NONE', ( #1427 ), #2242, .F. ) ;
#2732 = VECTOR ( 'NONE', #1291, 1000.000000000000000 ) ;
#2733 = DIRECTION ( 'NONE',  ( 0.000000000000000000, 0.000000000000000000, 1.000000000000000000 ) ) ;
#2734 = ORIENTED_EDGE ( 'NONE', *, *, #3509, .F. ) ;
#2735 = EDGE_LOOP ( 'NONE', ( #1156, #1433, #3312, #3502 ) ) ;
#2736 = CARTESIAN_POINT ( 'NONE',  ( 2.529999999999999361, 0.000000000000000000, -4.220048455982041397E-16 ) ) ;
#2737 = VECTOR ( 'NONE', #2241, 1000.000000000000000 ) ;
#2738 = CARTESIAN_POINT ( 'NONE',  ( 77.38138121000000069, 3.000000000000000000, -12.69000000000000128 ) ) ;
#2739 = EDGE_LOOP ( 'NONE', ( #2386, #3419, #306, #147, #1572, #2043, #167, #3855 ) ) ;
#2740 = EDGE_CURVE ( 'NONE', #2945, #1913, #2848, .T. ) ;
#2741 = DIRECTION ( 'NONE',  ( 2.465190328815661345E-32, -1.000000000000000000, -3.018987445473111498E-48 ) ) ;
#2742 = FACE_OUTER_BOUND ( 'NONE', #2572, .T. ) ;
#2743 = CARTESIAN_POINT ( 'NONE',  ( -1.250000000000000666, 0.000000000000000000, 0.000000000000000000 ) ) ;
#2744 = CARTESIAN_POINT ( 'NONE',  ( 2.530000000000002025, 0.000000000000000000, 16.02999999999999758 ) ) ;
#2745 = ORIENTED_EDGE ( 'NONE', *, *, #857, .F. ) ;
#2746 = CARTESIAN_POINT ( 'NONE',  ( 59.68000000000000682, 0.000000000000000000, -3.185486062962950850E-14 ) ) ;
#2747 = MANIFOLD_SOLID_BREP ( 'Cut-Extrude9', #2051 ) ;
#2748 = CARTESIAN_POINT ( 'NONE',  ( 0.000000000000000000, 0.000000000000000000, -51.07339105000000501 ) ) ;
#2749 = DIRECTION ( 'NONE',  ( -0.000000000000000000, 1.000000000000000000, -0.000000000000000000 ) ) ;
#2750 = ORIENTED_EDGE ( 'NONE', *, *, #1408, .T. ) ;
#2751 = ORIENTED_EDGE ( 'NONE', *, *, #3380, .T. ) ;
#2752 = EDGE_CURVE ( 'NONE', #859, #343, #1330, .T. ) ;
#2753 = EDGE_CURVE ( 'NONE', #3365, #3544, #1678, .T. ) ;
#2754 = PLANE ( 'NONE',  #2236 ) ;
#2755 = CARTESIAN_POINT ( 'NONE',  ( 79.22999999999998977, 0.000000000000000000, 21.78259228293302741 ) ) ;
#2756 = ORIENTED_EDGE ( 'NONE', *, *, #3714, .T. ) ;
#2757 = DIRECTION ( 'NONE',  ( -0.000000000000000000, 1.000000000000000000, -0.000000000000000000 ) ) ;
#2758 = ADVANCED_FACE ( 'NONE', ( #3436 ), #2540, .F. ) ;
#2759 = DIRECTION ( 'NONE',  ( 0.000000000000000000, 0.000000000000000000, 1.000000000000000000 ) ) ;
#2760 = CARTESIAN_POINT ( 'NONE',  ( 73.68000000000000682, 0.000000000000000000, 0.000000000000000000 ) ) ;
#2761 = CIRCLE ( 'NONE', #1576, 0.5000000000000004441 ) ;
#2762 = CARTESIAN_POINT ( 'NONE',  ( 54.75138121000000524, 3.000000000000000000, -11.98000000000000043 ) ) ;
#2763 = DIRECTION ( 'NONE',  ( 1.000000000000000000, 0.000000000000000000, 0.000000000000000000 ) ) ;
#2764 = VERTEX_POINT ( 'NONE', #2911 ) ;
#2765 = DIRECTION ( 'NONE',  ( -1.000000000000000000, 0.000000000000000000, 5.337610695313253357E-16 ) ) ;
#2766 = CARTESIAN_POINT ( 'NONE',  ( 92.23000000000000398, 0.000000000000000000, 3.029999999999999805 ) ) ;
#2767 = VECTOR ( 'NONE', #1999, 1000.000000000000000 ) ;
#2768 = VECTOR ( 'NONE', #34, 1000.000000000000000 ) ;
#2769 = DIRECTION ( 'NONE',  ( 0.000000000000000000, 0.000000000000000000, 1.000000000000000000 ) ) ;
#2770 = ORIENTED_EDGE ( 'NONE', *, *, #1490, .F. ) ;
#2771 = DIRECTION ( 'NONE',  ( -0.000000000000000000, 1.000000000000000000, -0.000000000000000000 ) ) ;
#2772 = EDGE_CURVE ( 'NONE', #1388, #2727, #3810, .T. ) ;
#2773 = ORIENTED_EDGE ( 'NONE', *, *, #2752, .T. ) ;
#2774 = CARTESIAN_POINT ( 'NONE',  ( 78.73000000000000398, 0.000000000000000000, 0.000000000000000000 ) ) ;
#2775 = VERTEX_POINT ( 'NONE', #2871 ) ;
#2776 = DIRECTION ( 'NONE',  ( 0.000000000000000000, 0.000000000000000000, 1.000000000000000000 ) ) ;
#2777 = LINE ( 'NONE', #3332, #783 ) ;
#2778 = VECTOR ( 'NONE', #3784, 1000.000000000000000 ) ;
#2779 = CARTESIAN_POINT ( 'NONE',  ( 0.000000000000000000, 3.000000000000000000, 16.53000000000000114 ) ) ;
#2780 = CIRCLE ( 'NONE', #3724, 0.5000000000000004441 ) ;
#2781 = CARTESIAN_POINT ( 'NONE',  ( 35.57999999999999829, 0.000000000000000000, 0.000000000000000000 ) ) ;
#2782 = CARTESIAN_POINT ( 'NONE',  ( 35.57999999999999829, 3.000000000000000000, -0.000000000000000000 ) ) ;
#2783 = AXIS2_PLACEMENT_3D ( 'NONE', #2400, #3595, #2106 ) ;
#2784 = EDGE_LOOP ( 'NONE', ( #2021, #35, #1187, #71 ) ) ;
#2785 = FACE_BOUND ( 'NONE', #1876, .T. ) ;
#2786 = DIRECTION ( 'NONE',  ( -1.000000000000000000, 0.000000000000000000, 0.000000000000000000 ) ) ;
#2787 = EDGE_CURVE ( 'NONE', #916, #2271, #457, .T. ) ;
#2788 = CIRCLE ( 'NONE', #2415, 0.5000000000000004441 ) ;
#2789 = CARTESIAN_POINT ( 'NONE',  ( 40.94761904761906379, -0.001000000000006204259, -12.93010101010102630 ) ) ;
#2790 = VECTOR ( 'NONE', #3780, 1000.000000000000000 ) ;
#2791 = LINE ( 'NONE', #719, #3178 ) ;
#2792 = AXIS2_PLACEMENT_3D ( 'NONE', #3190, #1111, #3768 ) ;
#2793 = EDGE_LOOP ( 'NONE', ( #2477, #3682, #157, #2037 ) ) ;
#2794 = CARTESIAN_POINT ( 'NONE',  ( 16.53000000000000469, 0.000000000000000000, 16.02999999999999758 ) ) ;
#2795 = CIRCLE ( 'NONE', #1858, 0.5000000000000004441 ) ;
#2796 = ORIENTED_EDGE ( 'NONE', *, *, #3485, .F. ) ;
#2797 = DIRECTION ( 'NONE',  ( 0.000000000000000000, 0.000000000000000000, 1.000000000000000000 ) ) ;
#2798 = ORIENTED_EDGE ( 'NONE', *, *, #2664, .T. ) ;
#2799 = CIRCLE ( 'NONE', #1362, 0.5000000000000004441 ) ;
#2800 = ADVANCED_FACE ( 'NONE', ( #1047 ), #2279, .F. ) ;
#2801 = VECTOR ( 'NONE', #2511, 1000.000000000000000 ) ;
#2802 = CARTESIAN_POINT ( 'NONE',  ( 41.13000000000000966, 0.000000000000000000, 16.53000000000000114 ) ) ;
#2803 = DIRECTION ( 'NONE',  ( 1.000000000000000000, -0.000000000000000000, 0.000000000000000000 ) ) ;
#2804 = CARTESIAN_POINT ( 'NONE',  ( 103.7500000000000000, -0.001000000000006204259, -62.80999999999998806 ) ) ;
#2805 = EDGE_CURVE ( 'NONE', #3759, #1179, #3789, .T. ) ;
#2806 = CARTESIAN_POINT ( 'NONE',  ( 40.62999999999998124, 3.000000000000000000, -2.168671225505773802E-14 ) ) ;
#2807 = DIRECTION ( 'NONE',  ( -3.614007241618347292E-16, 1.000000000000000000, 0.000000000000000000 ) ) ;
#2808 = DIRECTION ( 'NONE',  ( 0.000000000000000000, 0.000000000000000000, 1.000000000000000000 ) ) ;
#2809 = CARTESIAN_POINT ( 'NONE',  ( 54.75138121000000524, 0.000000000000000000, -11.98000000000000043 ) ) ;
#2810 = LINE ( 'NONE', #1558, #1086 ) ;
#2811 = EDGE_CURVE ( 'NONE', #3230, #1822, #3281, .T. ) ;
#2812 = ORIENTED_EDGE ( 'NONE', *, *, #2499, .T. ) ;
#2813 = ORIENTED_EDGE ( 'NONE', *, *, #561, .F. ) ;
#2814 = DIRECTION ( 'NONE',  ( 0.000000000000000000, 0.000000000000000000, 1.000000000000000000 ) ) ;
#2815 = VERTEX_POINT ( 'NONE', #2674 ) ;
#2816 = CARTESIAN_POINT ( 'NONE',  ( 54.12999999999999545, 0.000000000000000000, 35.78259228293302385 ) ) ;
#2817 = VERTEX_POINT ( 'NONE', #656 ) ;
#2818 = EDGE_LOOP ( 'NONE', ( #1603, #533 ) ) ;
#2819 = CYLINDRICAL_SURFACE ( 'NONE', #1305, 0.5000000000000004441 ) ;
#2820 = DIRECTION ( 'NONE',  ( 0.000000000000000000, 0.000000000000000000, 1.000000000000000000 ) ) ;
#2821 = CARTESIAN_POINT ( 'NONE',  ( 43.75000000000000711, 0.000000000000000000, -4.636881140918608323E-15 ) ) ;
#2822 = LINE ( 'NONE', #396, #1970 ) ;
#2823 = EDGE_CURVE ( 'NONE', #2202, #3255, #3869, .T. ) ;
#2824 = CARTESIAN_POINT ( 'NONE',  ( 60.17999999999999972, 0.000000000000000000, 21.78259228293302741 ) ) ;
#2825 = FACE_BOUND ( 'NONE', #679, .T. ) ;
#2826 = CARTESIAN_POINT ( 'NONE',  ( 59.67999999999999261, 0.000000000000000000, 22.28259228293302741 ) ) ;
#2827 = VECTOR ( 'NONE', #1264, 1000.000000000000000 ) ;
#2828 = ADVANCED_FACE ( 'NONE', ( #46 ), #635, .F. ) ;
#2829 = CYLINDRICAL_SURFACE ( 'NONE', #1545, 0.5000000000000004441 ) ;
#2830 = ORIENTED_EDGE ( 'NONE', *, *, #441, .F. ) ;
#2831 = LINE ( 'NONE', #1660, #2732 ) ;
#2832 = EDGE_CURVE ( 'NONE', #844, #173, #2454, .T. ) ;
#2833 = CIRCLE ( 'NONE', #1836, 1.700000000000000178 ) ;
#2834 = ORIENTED_EDGE ( 'NONE', *, *, #2725, .T. ) ;
#2835 = DIRECTION ( 'NONE',  ( 0.000000000000000000, 1.000000000000000000, -0.000000000000000000 ) ) ;
#2836 = EDGE_LOOP ( 'NONE', ( #1473, #1620, #3094, #2329 ) ) ;
#2837 = EDGE_LOOP ( 'NONE', ( #3773, #265, #1700, #2417 ) ) ;
#2838 = EDGE_CURVE ( 'NONE', #3260, #3158, #3519, .T. ) ;
#2839 = CARTESIAN_POINT ( 'NONE',  ( 78.73000000000000398, 0.000000000000000000, 0.000000000000000000 ) ) ;
#2840 = FACE_BOUND ( 'NONE', #1089, .T. ) ;
#2841 = CARTESIAN_POINT ( 'NONE',  ( 16.02999999999999403, 0.000000000000000000, 2.529999999999999805 ) ) ;
#2842 = CARTESIAN_POINT ( 'NONE',  ( 73.17999999999999261, 0.000000000000000000, 35.78259228293302385 ) ) ;
#2843 = DIRECTION ( 'NONE',  ( 0.000000000000000000, 1.000000000000000000, -0.000000000000000000 ) ) ;
#2844 = FACE_OUTER_BOUND ( 'NONE', #2129, .T. ) ;
#2845 = LINE ( 'NONE', #1128, #1926 ) ;
#2846 = AXIS2_PLACEMENT_3D ( 'NONE', #123, #436, #2497 ) ;
#2847 = EDGE_CURVE ( 'NONE', #7, #3539, #2647, .T. ) ;
#2848 = LINE ( 'NONE', #3189, #2209 ) ;
#2849 = LINE ( 'NONE', #2032, #1859 ) ;
#2850 = ORIENTED_EDGE ( 'NONE', *, *, #3435, .T. ) ;
#2851 = DIRECTION ( 'NONE',  ( -0.000000000000000000, 1.000000000000000000, -0.000000000000000000 ) ) ;
#2852 = VECTOR ( 'NONE', #1167, 1000.000000000000000 ) ;
#2853 = EDGE_CURVE ( 'NONE', #3256, #1680, #3796, .T. ) ;
#2854 = EDGE_CURVE ( 'NONE', #2016, #3215, #1116, .T. ) ;
#2855 = ORIENTED_EDGE ( 'NONE', *, *, #106, .F. ) ;
#2856 = CARTESIAN_POINT ( 'NONE',  ( 73.68000000000000682, 3.000000000000000000, -0.000000000000000000 ) ) ;
#2857 = ORIENTED_EDGE ( 'NONE', *, *, #1301, .F. ) ;
#2858 = VERTEX_POINT ( 'NONE', #2416 ) ;
#2859 = AXIS2_PLACEMENT_3D ( 'NONE', #1746, #2057, #2568 ) ;
#2860 = AXIS2_PLACEMENT_3D ( 'NONE', #3871, #302, #2994 ) ;
#2861 = CARTESIAN_POINT ( 'NONE',  ( 16.53000000000000469, 0.000000000000000000, 16.02999999999999758 ) ) ;
#2862 = CARTESIAN_POINT ( 'NONE',  ( 0.000000000000000000, 0.000000000000000000, 0.000000000000000000 ) ) ;
#2863 = VECTOR ( 'NONE', #2459, 1000.000000000000000 ) ;
#2864 = VERTEX_POINT ( 'NONE', #3612 ) ;
#2865 = EDGE_CURVE ( 'NONE', #2542, #866, #2475, .T. ) ;
#2866 = DIRECTION ( 'NONE',  ( -0.000000000000000000, 1.000000000000000000, -0.000000000000000000 ) ) ;
#2867 = FACE_OUTER_BOUND ( 'NONE', #3596, .T. ) ;
#2868 = DIRECTION ( 'NONE',  ( -0.000000000000000000, 1.000000000000000000, -0.000000000000000000 ) ) ;
#2869 = LINE ( 'NONE', #3433, #41 ) ;
#2870 = DIRECTION ( 'NONE',  ( 0.000000000000000000, 0.000000000000000000, 1.000000000000000000 ) ) ;
#2871 = CARTESIAN_POINT ( 'NONE',  ( 35.57999999999999829, 3.000000000000000000, 3.030000000000003357 ) ) ;
#2872 = LINE ( 'NONE', #522, #1608 ) ;
#2873 = ORIENTED_EDGE ( 'NONE', *, *, #825, .T. ) ;
#2874 = CARTESIAN_POINT ( 'NONE',  ( -1.249999999999993117, -6.999999999999996447, -4.039999999999974278 ) ) ;
#2875 = EDGE_CURVE ( 'NONE', #1917, #442, #2456, .T. ) ;
#2876 = ORIENTED_EDGE ( 'NONE', *, *, #1162, .T. ) ;
#2877 = PLANE ( 'NONE',  #331 ) ;
#2878 = ORIENTED_EDGE ( 'NONE', *, *, #1080, .F. ) ;
#2879 = CARTESIAN_POINT ( 'NONE',  ( 2.529999999999999361, 0.000000000000000000, -4.220048455982039425E-16 ) ) ;
#2880 = CARTESIAN_POINT ( 'NONE',  ( 78.72999999999998977, 0.000000000000000000, 22.28259228293302741 ) ) ;
#2881 = EDGE_LOOP ( 'NONE', ( #91, #1637, #1954, #3481 ) ) ;
#2882 = DIRECTION ( 'NONE',  ( 1.000000000000000000, -0.000000000000000000, 0.000000000000000000 ) ) ;
#2883 = EDGE_CURVE ( 'NONE', #3284, #343, #1615, .T. ) ;
#2884 = VERTEX_POINT ( 'NONE', #2180 ) ;
#2885 = CYLINDRICAL_SURFACE ( 'NONE', #2100, 0.5000000000000004441 ) ;
#2886 = CARTESIAN_POINT ( 'NONE',  ( 60.17999999999999972, 0.000000000000000000, 35.28259228293302385 ) ) ;
#2887 = CARTESIAN_POINT ( 'NONE',  ( 79.23000000000000398, 0.000000000000000000, 16.02999999999999758 ) ) ;
#2888 = CARTESIAN_POINT ( 'NONE',  ( 2.529999999999999805, 0.000000000000000000, 3.030000000000003357 ) ) ;
#2889 = CARTESIAN_POINT ( 'NONE',  ( 103.7500000000000000, 2.999999999999975131, 50.27000000000000313 ) ) ;
#2890 = DIRECTION ( 'NONE',  ( 0.000000000000000000, 0.000000000000000000, 1.000000000000000000 ) ) ;
#2891 = ORIENTED_EDGE ( 'NONE', *, *, #1940, .T. ) ;
#2892 = CARTESIAN_POINT ( 'NONE',  ( 16.02999999999999758, 0.000000000000000000, 3.029999999999999805 ) ) ;
#2893 = AXIS2_PLACEMENT_3D ( 'NONE', #838, #1363, #543 ) ;
#2894 = UNCERTAINTY_MEASURE_WITH_UNIT (LENGTH_MEASURE( 1.000000000000000082E-05 ), #207, 'distance_accuracy_value', 'NONE');
#2895 = VERTEX_POINT ( 'NONE', #750 ) ;
#2896 = AXIS2_PLACEMENT_3D ( 'NONE', #531, #1730, #2923 ) ;
#2897 = CARTESIAN_POINT ( 'NONE',  ( 21.58000000000000185, 0.000000000000000000, 0.000000000000000000 ) ) ;
#2898 = ORIENTED_EDGE ( 'NONE', *, *, #847, .T. ) ;
#2899 = VERTEX_POINT ( 'NONE', #3355 ) ;
#2900 = VECTOR ( 'NONE', #463, 1000.000000000000000 ) ;
#2901 = ADVANCED_FACE ( 'NONE', ( #3375 ), #3047, .F. ) ;
#2902 = CARTESIAN_POINT ( 'NONE',  ( 79.23000000000000398, 3.000000000000000000, 16.53000000000000114 ) ) ;
#2903 = DIRECTION ( 'NONE',  ( 0.000000000000000000, 1.000000000000000000, 0.000000000000000000 ) ) ;
#2904 = ORIENTED_EDGE ( 'NONE', *, *, #1420, .T. ) ;
#2905 = DIRECTION ( 'NONE',  ( 0.000000000000000000, 0.000000000000000000, 1.000000000000000000 ) ) ;
#2906 = EDGE_LOOP ( 'NONE', ( #1313, #130, #2369, #880 ) ) ;
#2907 = CARTESIAN_POINT ( 'NONE',  ( 35.07999999999999829, 0.000000000000000000, 3.029999999999999805 ) ) ;
#2908 = CARTESIAN_POINT ( 'NONE',  ( 43.75000000000000000, -6.999999999999996447, -69.50999999999997669 ) ) ;
#2909 = LINE ( 'NONE', #3514, #1481 ) ;
#2910 = CARTESIAN_POINT ( 'NONE',  ( 54.75138121000000524, 0.000000000000000000, -11.98000000000000043 ) ) ;
#2911 = CARTESIAN_POINT ( 'NONE',  ( 59.59603533874668813, 0.000000000000000000, -36.70170859000000974 ) ) ;
#2912 = VECTOR ( 'NONE', #1774, 1000.000000000000000 ) ;
#2913 = CARTESIAN_POINT ( 'NONE',  ( 21.58000000000000185, 0.000000000000000000, 3.030000000000003357 ) ) ;
#2914 = ORIENTED_EDGE ( 'NONE', *, *, #153, .F. ) ;
#2915 = EDGE_CURVE ( 'NONE', #58, #2401, #3123, .T. ) ;
#2916 = CYLINDRICAL_SURFACE ( 'NONE', #3243, 0.5000000000000004441 ) ;
#2917 = VECTOR ( 'NONE', #593, 1000.000000000000000 ) ;
#2918 = ORIENTED_EDGE ( 'NONE', *, *, #1902, .F. ) ;
#2919 = DIRECTION ( 'NONE',  ( 0.000000000000000000, 1.000000000000000000, -0.000000000000000000 ) ) ;
#2920 = ORIENTED_EDGE ( 'NONE', *, *, #3665, .T. ) ;
#2921 = ORIENTED_EDGE ( 'NONE', *, *, #2772, .T. ) ;
#2922 = VECTOR ( 'NONE', #454, 1000.000000000000000 ) ;
#2923 = DIRECTION ( 'NONE',  ( 1.000000000000000000, 0.000000000000000000, -0.000000000000000000 ) ) ;
#2924 = FACE_BOUND ( 'NONE', #2681, .T. ) ;
#2925 = EDGE_LOOP ( 'NONE', ( #2289, #3782, #3329, #2531 ) ) ;
#2926 = VECTOR ( 'NONE', #2513, 1000.000000000000000 ) ;
#2927 = CARTESIAN_POINT ( 'NONE',  ( 21.58000000000000185, 0.000000000000000000, 3.030000000000003357 ) ) ;
#2928 = CIRCLE ( 'NONE', #3113, 0.5000000000000004441 ) ;
#2929 = EDGE_LOOP ( 'NONE', ( #2151, #3840, #1006, #2077 ) ) ;
#2930 = CARTESIAN_POINT ( 'NONE',  ( 0.000000000000000000, 3.000000000000000000, 21.78259228293302741 ) ) ;
#2931 = DIRECTION ( 'NONE',  ( 0.000000000000000000, 0.000000000000000000, 1.000000000000000000 ) ) ;
#2932 = AXIS2_PLACEMENT_3D ( 'NONE', #639, #3851, #3873 ) ;
#2933 = ORIENTED_EDGE ( 'NONE', *, *, #68, .T. ) ;
#2934 = DIRECTION ( 'NONE',  ( -0.000000000000000000, 1.000000000000000000, -0.000000000000000000 ) ) ;
#2935 = ORIENTED_EDGE ( 'NONE', *, *, #1562, .F. ) ;
#2936 = PLANE ( 'NONE',  #1428 ) ;
#2937 = EDGE_CURVE ( 'NONE', #2232, #3539, #1592, .T. ) ;
#2938 = LINE ( 'NONE', #254, #521 ) ;
#2939 = ORIENTED_EDGE ( 'NONE', *, *, #1444, .F. ) ;
#2940 = VERTEX_POINT ( 'NONE', #3393 ) ;
#2941 = FACE_OUTER_BOUND ( 'NONE', #763, .T. ) ;
#2942 = PLANE ( 'NONE',  #469 ) ;
#2943 = ORIENTED_EDGE ( 'NONE', *, *, #3125, .F. ) ;
#2944 = FACE_OUTER_BOUND ( 'NONE', #3864, .T. ) ;
#2945 = VERTEX_POINT ( 'NONE', #2160 ) ;
#2946 = FACE_OUTER_BOUND ( 'NONE', #370, .T. ) ;
#2947 = DIRECTION ( 'NONE',  ( 0.000000000000000000, 0.000000000000000000, 1.000000000000000000 ) ) ;
#2948 = CARTESIAN_POINT ( 'NONE',  ( 3.030000000000005134, 0.000000000000000000, 35.78259228293302385 ) ) ;
#2949 = EDGE_CURVE ( 'NONE', #2775, #1164, #437, .T. ) ;
#2950 = VERTEX_POINT ( 'NONE', #2215 ) ;
#2951 = CYLINDRICAL_SURFACE ( 'NONE', #2783, 0.5000000000000004441 ) ;
#2952 = VERTEX_POINT ( 'NONE', #2498 ) ;
#2953 = CYLINDRICAL_SURFACE ( 'NONE', #2859, 0.5000000000000004441 ) ;
#2954 = ADVANCED_FACE ( 'NONE', ( #104 ), #417, .F. ) ;
#2955 = CARTESIAN_POINT ( 'NONE',  ( 73.67999999999999261, 0.000000000000000000, 22.28259228293302741 ) ) ;
#2956 = EDGE_LOOP ( 'NONE', ( #3817, #994, #578, #2117 ) ) ;
#2957 = ORIENTED_EDGE ( 'NONE', *, *, #1355, .F. ) ;
#2958 = EDGE_CURVE ( 'NONE', #630, #1863, #1888, .T. ) ;
#2959 = APPLICATION_CONTEXT ( 'automotive_design' ) ;
#2960 = VECTOR ( 'NONE', #2691, 1000.000000000000000 ) ;
#2961 = DIRECTION ( 'NONE',  ( 0.000000000000000000, 0.000000000000000000, 1.000000000000000000 ) ) ;
#2962 = ORIENTED_EDGE ( 'NONE', *, *, #2805, .F. ) ;
#2963 = VECTOR ( 'NONE', #2133, 1000.000000000000000 ) ;
#2964 = CARTESIAN_POINT ( 'NONE',  ( 103.7500000000000000, -0.001000000000006204259, 46.97000000000000597 ) ) ;
#2965 = ADVANCED_FACE ( 'NONE', ( #124 ), #1321, .T. ) ;
#2966 = VECTOR ( 'NONE', #3074, 1000.000000000000000 ) ;
#2967 = ORIENTED_EDGE ( 'NONE', *, *, #1844, .T. ) ;
#2968 = DIRECTION ( 'NONE',  ( 0.000000000000000000, 0.000000000000000000, 1.000000000000000000 ) ) ;
#2969 = CARTESIAN_POINT ( 'NONE',  ( 35.57999999999999829, 0.000000000000000000, 3.030000000000003357 ) ) ;
#2970 = DIRECTION ( 'NONE',  ( 0.000000000000000000, 0.000000000000000000, 1.000000000000000000 ) ) ;
#2971 = DIRECTION ( 'NONE',  ( -0.000000000000000000, 1.000000000000000000, -0.000000000000000000 ) ) ;
#2972 = ORIENTED_EDGE ( 'NONE', *, *, #3198, .T. ) ;
#2973 = LINE ( 'NONE', #1502, #3350 ) ;
#2974 = VERTEX_POINT ( 'NONE', #2744 ) ;
#2975 = CARTESIAN_POINT ( 'NONE',  ( 21.58000000000000185, 3.000000000000000000, 22.28259228293302741 ) ) ;
#2976 = FACE_OUTER_BOUND ( 'NONE', #776, .T. ) ;
#2977 = ORIENTED_EDGE ( 'NONE', *, *, #1873, .T. ) ;
#2978 = ORIENTED_EDGE ( 'NONE', *, *, #59, .T. ) ;
#2979 = EDGE_CURVE ( 'NONE', #1528, #529, #1928, .T. ) ;
#2980 = EDGE_CURVE ( 'NONE', #1072, #3339, #3726, .T. ) ;
#2981 = VECTOR ( 'NONE', #315, 1000.000000000000000 ) ;
#2982 = VECTOR ( 'NONE', #716, 1000.000000000000000 ) ;
#2983 = CARTESIAN_POINT ( 'NONE',  ( 92.72999999999998977, 3.000000000000000000, 22.28259228293302741 ) ) ;
#2984 = ORIENTED_EDGE ( 'NONE', *, *, #2253, .T. ) ;
#2985 = VECTOR ( 'NONE', #692, 1000.000000000000000 ) ;
#2986 = VERTEX_POINT ( 'NONE', #64 ) ;
#2987 = CARTESIAN_POINT ( 'NONE',  ( 3.030000000000003357, 0.000000000000000000, 22.28259228293302741 ) ) ;
#2988 = EDGE_CURVE ( 'NONE', #2185, #3639, #3647, .T. ) ;
#2989 = CARTESIAN_POINT ( 'NONE',  ( -11.30000000000000071, 3.000000000000000000, 1.383850883036509659E-15 ) ) ;
#2990 = FACE_OUTER_BOUND ( 'NONE', #2314, .T. ) ;
#2991 = CIRCLE ( 'NONE', #1744, 0.5000000000000004441 ) ;
#2992 = ORIENTED_EDGE ( 'NONE', *, *, #560, .F. ) ;
#2993 = CIRCLE ( 'NONE', #1549, 0.5000000000000004441 ) ;
#2994 = DIRECTION ( 'NONE',  ( 0.000000000000000000, 0.000000000000000000, 1.000000000000000000 ) ) ;
#2995 = ORIENTED_EDGE ( 'NONE', *, *, #1168, .F. ) ;
#2996 = CYLINDRICAL_SURFACE ( 'NONE', #109, 1.700000000000000178 ) ;
#2997 = VECTOR ( 'NONE', #1977, 1000.000000000000000 ) ;
#2998 = FACE_OUTER_BOUND ( 'NONE', #132, .T. ) ;
#2999 = EDGE_LOOP ( 'NONE', ( #1768, #3309, #2065, #3357 ) ) ;
#3000 = ORIENTED_EDGE ( 'NONE', *, *, #3569, .T. ) ;
#3001 = CARTESIAN_POINT ( 'NONE',  ( 89.58138121000000353, -6.999999999999996447, -24.79170859000000249 ) ) ;
#3002 = EDGE_LOOP ( 'NONE', ( #1830, #3634, #252, #2675 ) ) ;
#3003 = ORIENTED_EDGE ( 'NONE', *, *, #3119, .F. ) ;
#3004 = ORIENTED_EDGE ( 'NONE', *, *, #2715, .T. ) ;
#3005 = CARTESIAN_POINT ( 'NONE',  ( 54.12999999999999545, 0.000000000000000000, 35.78259228293302385 ) ) ;
#3006 = FACE_OUTER_BOUND ( 'NONE', #2881, .T. ) ;
#3007 = EDGE_CURVE ( 'NONE', #3604, #2899, #3065, .T. ) ;
#3008 = DIRECTION ( 'NONE',  ( 0.000000000000000000, 0.000000000000000000, 1.000000000000000000 ) ) ;
#3009 = ORIENTED_EDGE ( 'NONE', *, *, #1833, .T. ) ;
#3010 = LINE ( 'NONE', #3283, #863 ) ;
#3011 = ORIENTED_EDGE ( 'NONE', *, *, #3665, .F. ) ;
#3012 = CARTESIAN_POINT ( 'NONE',  ( 22.08000000000000185, 0.000000000000000000, 2.529999999999999805 ) ) ;
#3013 = CARTESIAN_POINT ( 'NONE',  ( 103.7500000000000000, 3.000000000000000000, 45.27000000000000313 ) ) ;
#3014 = ORIENTED_EDGE ( 'NONE', *, *, #2915, .T. ) ;
#3015 = ORIENTED_EDGE ( 'NONE', *, *, #1880, .T. ) ;
#3016 = DIRECTION ( 'NONE',  ( 0.000000000000000000, 0.000000000000000000, 1.000000000000000000 ) ) ;
#3017 = ORIENTED_EDGE ( 'NONE', *, *, #1617, .T. ) ;
#3018 = ORIENTED_EDGE ( 'NONE', *, *, #2811, .F. ) ;
#3019 = EDGE_CURVE ( 'NONE', #888, #426, #324, .T. ) ;
#3020 = VECTOR ( 'NONE', #86, 1000.000000000000000 ) ;
#3021 = ORIENTED_EDGE ( 'NONE', *, *, #3262, .T. ) ;
#3022 = CARTESIAN_POINT ( 'NONE',  ( 76.88138121000000069, 3.000000000000000000, -24.79170859000000249 ) ) ;
#3023 = AXIS2_PLACEMENT_3D ( 'NONE', #1259, #3035, #905 ) ;
#3024 = DIRECTION ( 'NONE',  ( -0.000000000000000000, 0.000000000000000000, -1.000000000000000000 ) ) ;
#3025 = EDGE_CURVE ( 'NONE', #1140, #3601, #814, .T. ) ;
#3026 = ORIENTED_EDGE ( 'NONE', *, *, #1368, .T. ) ;
#3027 = CARTESIAN_POINT ( 'NONE',  ( 77.38138121000000069, 0.000000000000000000, -12.69000000000000128 ) ) ;
#3028 = VERTEX_POINT ( 'NONE', #2274 ) ;
#3029 = DIRECTION ( 'NONE',  ( 0.000000000000000000, 1.000000000000000000, -0.000000000000000000 ) ) ;
#3030 = DIRECTION ( 'NONE',  ( -1.000000000000000000, 0.000000000000000000, 0.000000000000000000 ) ) ;
#3031 = ADVANCED_FACE ( 'NONE', ( #539 ), #1103, .F. ) ;
#3032 = VERTEX_POINT ( 'NONE', #2028 ) ;
#3033 = VERTEX_POINT ( 'NONE', #1944 ) ;
#3034 = CARTESIAN_POINT ( 'NONE',  ( 54.63000000000000256, 0.000000000000000000, 16.02999999999999758 ) ) ;
#3035 = DIRECTION ( 'NONE',  ( -0.000000000000000000, 1.000000000000000000, -0.000000000000000000 ) ) ;
#3036 = ORIENTED_EDGE ( 'NONE', *, *, #2212, .T. ) ;
#3037 = EDGE_LOOP ( 'NONE', ( #359, #3129, #895, #1506 ) ) ;
#3038 = AXIS2_PLACEMENT_3D ( 'NONE', #1957, #3157, #1438 ) ;
#3039 = CARTESIAN_POINT ( 'NONE',  ( 77.38138121000000069, 0.000000000000000000, -25.29170859000000249 ) ) ;
#3040 = CARTESIAN_POINT ( 'NONE',  ( 40.63000000000000256, 0.000000000000000000, 3.030000000000003357 ) ) ;
#3041 = EDGE_CURVE ( 'NONE', #1827, #1917, #3186, .T. ) ;
#3042 = PRODUCT_DEFINITION_SHAPE ( 'NONE', 'NONE',  #3734 ) ;
#3043 = CIRCLE ( 'NONE', #1852, 0.5000000000000004441 ) ;
#3044 = DIRECTION ( 'NONE',  ( -0.000000000000000000, -1.000000000000000000, 0.000000000000000000 ) ) ;
#3045 = ADVANCED_FACE ( 'NONE', ( #3746 ), #2579, .T. ) ;
#3046 = EDGE_CURVE ( 'NONE', #2528, #3616, #78, .T. ) ;
#3047 = PLANE ( 'NONE',  #2331 ) ;
#3048 = ORIENTED_EDGE ( 'NONE', *, *, #3379, .F. ) ;
#3049 = LINE ( 'NONE', #2162, #472 ) ;
#3050 = FACE_OUTER_BOUND ( 'NONE', #3751, .T. ) ;
#3051 = AXIS2_PLACEMENT_3D ( 'NONE', #1692, #1357, #181 ) ;
#3052 = AXIS2_PLACEMENT_3D ( 'NONE', #799, #1446, #3208 ) ;
#3053 = VECTOR ( 'NONE', #861, 1000.000000000000000 ) ;
#3054 = CARTESIAN_POINT ( 'NONE',  ( 22.08000000000000185, 0.000000000000000000, 21.78259228293302741 ) ) ;
#3055 = VERTEX_POINT ( 'NONE', #3468 ) ;
#3056 = ORIENTED_EDGE ( 'NONE', *, *, #2406, .T. ) ;
#3057 = CYLINDRICAL_SURFACE ( 'NONE', #3735, 0.5000000000000004441 ) ;
#3058 = AXIS2_PLACEMENT_3D ( 'NONE', #2809, #127, #439 ) ;
#3059 = EDGE_CURVE ( 'NONE', #3439, #3365, #3807, .T. ) ;
#3060 = LINE ( 'NONE', #1878, #1891 ) ;
#3061 = EDGE_LOOP ( 'NONE', ( #380, #2645 ) ) ;
#3062 = DIRECTION ( 'NONE',  ( -0.000000000000000000, -1.000000000000000000, 0.000000000000000000 ) ) ;
#3063 = DIRECTION ( 'NONE',  ( 0.000000000000000000, 0.000000000000000000, 1.000000000000000000 ) ) ;
#3064 = DIRECTION ( 'NONE',  ( 0.000000000000000000, -1.000000000000000000, 0.000000000000000000 ) ) ;
#3065 = LINE ( 'NONE', #965, #3766 ) ;
#3066 = ORIENTED_EDGE ( 'NONE', *, *, #406, .T. ) ;
#3067 = DIRECTION ( 'NONE',  ( 1.000000000000000000, -0.000000000000000000, 0.000000000000000000 ) ) ;
#3068 = CARTESIAN_POINT ( 'NONE',  ( 92.23000000000000398, 0.000000000000000000, 3.029999999999999805 ) ) ;
#3069 = EDGE_CURVE ( 'NONE', #648, #280, #160, .T. ) ;
#3070 = DIRECTION ( 'NONE',  ( 0.000000000000000000, 0.000000000000000000, 1.000000000000000000 ) ) ;
#3071 = EDGE_LOOP ( 'NONE', ( #3584, #972, #326, #1172 ) ) ;
#3072 = CARTESIAN_POINT ( 'NONE',  ( 54.12999999999999545, 0.000000000000000000, 22.28259228293302741 ) ) ;
#3073 = ADVANCED_FACE ( 'NONE', ( #2620 ), #1442, .F. ) ;
#3074 = DIRECTION ( 'NONE',  ( -0.000000000000000000, 1.000000000000000000, -0.000000000000000000 ) ) ;
#3075 = ORIENTED_EDGE ( 'NONE', *, *, #3176, .F. ) ;
#3076 = CARTESIAN_POINT ( 'NONE',  ( 0.000000000000000000, 0.000000000000000000, 21.78259228293302741 ) ) ;
#3077 = FACE_BOUND ( 'NONE', #3423, .T. ) ;
#3078 = EDGE_CURVE ( 'NONE', #1811, #1762, #2761, .T. ) ;
#3079 = VECTOR ( 'NONE', #1984, 1000.000000000000000 ) ;
#3080 = LINE ( 'NONE', #1569, #3479 ) ;
#3081 = AXIS2_PLACEMENT_3D ( 'NONE', #2700, #3292, #2371 ) ;
#3082 = CARTESIAN_POINT ( 'NONE',  ( 16.02999999999999758, 3.000000000000000000, 3.029999999999999805 ) ) ;
#3083 = CARTESIAN_POINT ( 'NONE',  ( 0.000000000000000000, 3.000000000000000000, 16.53000000000000114 ) ) ;
#3084 = ORIENTED_EDGE ( 'NONE', *, *, #356, .F. ) ;
#3085 = DIRECTION ( 'NONE',  ( 0.000000000000000000, 1.000000000000000000, -0.000000000000000000 ) ) ;
#3086 = LINE ( 'NONE', #2217, #422 ) ;
#3087 = VECTOR ( 'NONE', #3858, 1000.000000000000000 ) ;
#3088 = CIRCLE ( 'NONE', #1404, 0.5000000000000004441 ) ;
#3089 = CARTESIAN_POINT ( 'NONE',  ( 0.000000000000000000, 0.000000000000000000, 35.78259228293302385 ) ) ;
#3090 = ORIENTED_EDGE ( 'NONE', *, *, #3019, .F. ) ;
#3091 = ORIENTED_EDGE ( 'NONE', *, *, #2230, .F. ) ;
#3092 = DIRECTION ( 'NONE',  ( 0.000000000000000000, 0.000000000000000000, 1.000000000000000000 ) ) ;
#3093 = EDGE_CURVE ( 'NONE', #2729, #3033, #2083, .T. ) ;
#3094 = ORIENTED_EDGE ( 'NONE', *, *, #3007, .T. ) ;
#3095 = FACE_OUTER_BOUND ( 'NONE', #537, .T. ) ;
#3096 = EDGE_LOOP ( 'NONE', ( #384, #2770, #259, #2173 ) ) ;
#3097 = ORIENTED_EDGE ( 'NONE', *, *, #3530, .F. ) ;
#3098 = CARTESIAN_POINT ( 'NONE',  ( 21.58000000000000185, 3.000000000000000000, -0.000000000000000000 ) ) ;
#3099 = CARTESIAN_POINT ( 'NONE',  ( 92.22999999999998977, 0.000000000000000000, 35.78259228293302385 ) ) ;
#3100 = AXIS2_PLACEMENT_3D ( 'NONE', #2434, #1204, #2392 ) ;
#3101 = FACE_OUTER_BOUND ( 'NONE', #2046, .T. ) ;
#3102 = EDGE_CURVE ( 'NONE', #2684, #975, #385, .T. ) ;
#3103 = DIRECTION ( 'NONE',  ( -0.000000000000000000, 1.000000000000000000, -0.000000000000000000 ) ) ;
#3104 = DIRECTION ( 'NONE',  ( 0.000000000000000000, 0.000000000000000000, 1.000000000000000000 ) ) ;
#3105 = FACE_BOUND ( 'NONE', #2661, .T. ) ;
#3106 = CARTESIAN_POINT ( 'NONE',  ( 60.17999999999999972, 3.000000000000000000, 35.28259228293302385 ) ) ;
#3107 = AXIS2_PLACEMENT_3D ( 'NONE', #695, #3085, #2808 ) ;
#3108 = DIRECTION ( 'NONE',  ( 1.000000000000000000, 0.000000000000000000, 1.482669637587014273E-16 ) ) ;
#3109 = CARTESIAN_POINT ( 'NONE',  ( 73.17999999999999261, 0.000000000000000000, 35.28259228293302385 ) ) ;
#3110 = VECTOR ( 'NONE', #2054, 1000.000000000000000 ) ;
#3111 = ORIENTED_EDGE ( 'NONE', *, *, #1397, .T. ) ;
#3112 = CARTESIAN_POINT ( 'NONE',  ( 35.57999999999999829, 3.000000000000000000, 22.28259228293302741 ) ) ;
#3113 = AXIS2_PLACEMENT_3D ( 'NONE', #1725, #3752, #821 ) ;
#3114 = ORIENTED_EDGE ( 'NONE', *, *, #321, .F. ) ;
#3115 = LINE ( 'NONE', #2466, #837 ) ;
#3116 = ORIENTED_EDGE ( 'NONE', *, *, #1080, .T. ) ;
#3117 = ORIENTED_EDGE ( 'NONE', *, *, #2311, .F. ) ;
#3118 = VECTOR ( 'NONE', #2442, 1000.000000000000000 ) ;
#3119 = EDGE_CURVE ( 'NONE', #217, #3230, #1673, .T. ) ;
#3120 = DIRECTION ( 'NONE',  ( 0.000000000000000000, 0.000000000000000000, 1.000000000000000000 ) ) ;
#3121 = LINE ( 'NONE', #1550, #3781 ) ;
#3122 = DIRECTION ( 'NONE',  ( -0.000000000000000000, 0.000000000000000000, -1.000000000000000000 ) ) ;
#3123 = LINE ( 'NONE', #1571, #641 ) ;
#3124 = CARTESIAN_POINT ( 'NONE',  ( 0.000000000000000000, 0.000000000000000000, 16.53000000000000114 ) ) ;
#3125 = EDGE_CURVE ( 'NONE', #586, #3032, #3533, .T. ) ;
#3126 = CARTESIAN_POINT ( 'NONE',  ( 0.000000000000000000, 3.000000000000000000, 21.78259228293302741 ) ) ;
#3127 = CARTESIAN_POINT ( 'NONE',  ( 77.38138121000000069, -6.999999999999996447, -12.69000000000000128 ) ) ;
#3128 = DIRECTION ( 'NONE',  ( -0.000000000000000000, 1.000000000000000000, -0.000000000000000000 ) ) ;
#3129 = ORIENTED_EDGE ( 'NONE', *, *, #1609, .T. ) ;
#3130 = EDGE_CURVE ( 'NONE', #238, #1913, #405, .T. ) ;
#3131 = LINE ( 'NONE', #148, #2360 ) ;
#3132 = VERTEX_POINT ( 'NONE', #1126 ) ;
#3133 = CARTESIAN_POINT ( 'NONE',  ( 89.08138121000000353, -6.999999999999996447, -13.18999999999999950 ) ) ;
#3134 = ORIENTED_EDGE ( 'NONE', *, *, #883, .T. ) ;
#3135 = CARTESIAN_POINT ( 'NONE',  ( 0.000000000000000000, 0.000000000000000000, 16.53000000000000114 ) ) ;
#3136 = CARTESIAN_POINT ( 'NONE',  ( -11.30000000000000071, 0.000000000000000000, 1.382626655729931178E-15 ) ) ;
#3137 = EDGE_CURVE ( 'NONE', #975, #3753, #2637, .T. ) ;
#3138 = FACE_OUTER_BOUND ( 'NONE', #2017, .T. ) ;
#3139 = CARTESIAN_POINT ( 'NONE',  ( 35.57999999999999829, 0.000000000000000000, 3.030000000000003357 ) ) ;
#3140 = CARTESIAN_POINT ( 'NONE',  ( 79.23000000000000398, 0.000000000000000000, 16.53000000000000114 ) ) ;
#3141 = ADVANCED_FACE ( 'NONE', ( #3204 ), #1717, .F. ) ;
#3142 = DIRECTION ( 'NONE',  ( 0.000000000000000000, 0.000000000000000000, 1.000000000000000000 ) ) ;
#3143 = PRODUCT_DEFINITION_FORMATION_WITH_SPECIFIED_SOURCE ( 'ANY', '', #1480, .NOT_KNOWN. ) ;
#3144 = DIRECTION ( 'NONE',  ( -0.000000000000000000, 0.000000000000000000, -1.000000000000000000 ) ) ;
#3145 = AXIS2_PLACEMENT_3D ( 'NONE', #515, #3448, #3494 ) ;
#3146 = DIRECTION ( 'NONE',  ( 0.000000000000000000, 0.000000000000000000, 1.000000000000000000 ) ) ;
#3147 = CIRCLE ( 'NONE', #1777, 0.5000000000000004441 ) ;
#3148 = CARTESIAN_POINT ( 'NONE',  ( 35.07999999999999829, 0.000000000000000000, 21.78259228293302741 ) ) ;
#3149 = VERTEX_POINT ( 'NONE', #1145 ) ;
#3150 = DIRECTION ( 'NONE',  ( -0.000000000000000000, -1.000000000000000000, 0.000000000000000000 ) ) ;
#3151 = AXIS2_PLACEMENT_3D ( 'NONE', #2644, #1663, #3834 ) ;
#3152 = ADVANCED_FACE ( 'NONE', ( #890 ), #2413, .T. ) ;
#3153 = ORIENTED_EDGE ( 'NONE', *, *, #56, .T. ) ;
#3154 = LINE ( 'NONE', #2856, #2709 ) ;
#3155 = ORIENTED_EDGE ( 'NONE', *, *, #1, .T. ) ;
#3156 = DIRECTION ( 'NONE',  ( 1.000000000000000000, -0.000000000000000000, 0.000000000000000000 ) ) ;
#3157 = DIRECTION ( 'NONE',  ( 0.000000000000000000, 0.000000000000000000, 1.000000000000000000 ) ) ;
#3158 = VERTEX_POINT ( 'NONE', #3607 ) ;
#3159 = DIRECTION ( 'NONE',  ( 0.000000000000000000, 0.000000000000000000, 1.000000000000000000 ) ) ;
#3160 = DIRECTION ( 'NONE',  ( -0.000000000000000000, 1.000000000000000000, -0.000000000000000000 ) ) ;
#3161 = DIRECTION ( 'NONE',  ( 0.000000000000000000, 0.000000000000000000, 1.000000000000000000 ) ) ;
#3162 = EDGE_CURVE ( 'NONE', #2729, #828, #909, .T. ) ;
#3163 = FACE_OUTER_BOUND ( 'NONE', #2570, .T. ) ;
#3164 = DIRECTION ( 'NONE',  ( -0.000000000000000000, -1.000000000000000000, 0.000000000000000000 ) ) ;
#3165 = CIRCLE ( 'NONE', #1475, 0.5000000000000004441 ) ;
#3166 = ADVANCED_FACE ( 'NONE', ( #2082 ), #42, .F. ) ;
#3167 =( NAMED_UNIT ( * ) PLANE_ANGLE_UNIT ( ) SI_UNIT ( $, .RADIAN. ) );
#3168 = CARTESIAN_POINT ( 'NONE',  ( 79.22999999999998977, 3.000000000000000000, 35.28259228293302385 ) ) ;
#3169 = ORIENTED_EDGE ( 'NONE', *, *, #2352, .F. ) ;
#3170 = LINE ( 'NONE', #2346, #3421 ) ;
#3171 = VECTOR ( 'NONE', #3495, 1000.000000000000000 ) ;
#3172 = ORIENTED_EDGE ( 'NONE', *, *, #1617, .F. ) ;
#3173 = DIRECTION ( 'NONE',  ( -0.000000000000000000, 1.000000000000000000, -0.000000000000000000 ) ) ;
#3174 = ORIENTED_EDGE ( 'NONE', *, *, #2262, .T. ) ;
#3175 = EDGE_LOOP ( 'NONE', ( #1756, #197, #3289, #1979, #1742, #470, #3370, #960 ) ) ;
#3176 = EDGE_CURVE ( 'NONE', #2208, #907, #2705, .T. ) ;
#3177 = VECTOR ( 'NONE', #275, 1000.000000000000000 ) ;
#3178 = VECTOR ( 'NONE', #3128, 1000.000000000000000 ) ;
#3179 = PLANE ( 'NONE',  #1835 ) ;
#3180 = CYLINDRICAL_SURFACE ( 'NONE', #3848, 4.999999999999997335 ) ;
#3181 = AXIS2_PLACEMENT_3D ( 'NONE', #3632, #1212, #601 ) ;
#3182 = VERTEX_POINT ( 'NONE', #332 ) ;
#3183 = DIRECTION ( 'NONE',  ( -0.000000000000000000, 1.000000000000000000, -0.000000000000000000 ) ) ;
#3184 = AXIS2_PLACEMENT_3D ( 'NONE', #2234, #691, #119 ) ;
#3185 = CARTESIAN_POINT ( 'NONE',  ( 76.88138121000000069, -6.999999999999996447, -24.79170859000000249 ) ) ;
#3186 = LINE ( 'NONE', #3140, #2703 ) ;
#3187 = CARTESIAN_POINT ( 'NONE',  ( 54.75138121000000524, -0.001000000000006204259, -11.98000000000000043 ) ) ;
#3188 = CARTESIAN_POINT ( 'NONE',  ( 35.07999999999999829, 0.000000000000000000, 2.529999999999999805 ) ) ;
#3189 = CARTESIAN_POINT ( 'NONE',  ( 78.73000000000000398, 0.000000000000000000, 3.030000000000003357 ) ) ;
#3190 = CARTESIAN_POINT ( 'NONE',  ( 73.17999999999999261, 0.000000000000000000, 22.28259228293302741 ) ) ;
#3191 = VERTEX_POINT ( 'NONE', #874 ) ;
#3192 = EDGE_CURVE ( 'NONE', #684, #2815, #594, .T. ) ;
#3193 = FACE_OUTER_BOUND ( 'NONE', #2105, .T. ) ;
#3194 = EDGE_LOOP ( 'NONE', ( #556, #1512, #2168, #959 ) ) ;
#3195 = FACE_OUTER_BOUND ( 'NONE', #2188, .T. ) ;
#3196 = VERTEX_POINT ( 'NONE', #2723 ) ;
#3197 = VERTEX_POINT ( 'NONE', #559 ) ;
#3198 = EDGE_CURVE ( 'NONE', #3215, #2542, #929, .T. ) ;
#3199 = LINE ( 'NONE', #2353, #2767 ) ;
#3200 = CARTESIAN_POINT ( 'NONE',  ( -11.29999999999999538, 3.000000000000000000, 40.27000000000001023 ) ) ;
#3201 = ORIENTED_EDGE ( 'NONE', *, *, #435, .F. ) ;
#3202 = LINE ( 'NONE', #3446, #2482 ) ;
#3203 = EDGE_CURVE ( 'NONE', #3439, #2457, #2121, .T. ) ;
#3204 = FACE_OUTER_BOUND ( 'NONE', #2524, .T. ) ;
#3205 = CARTESIAN_POINT ( 'NONE',  ( 60.17999999999999972, 3.000000000000000000, 21.78259228293302741 ) ) ;
#3206 = LINE ( 'NONE', #186, #3302 ) ;
#3207 = SURFACE_SIDE_STYLE ('',( #499 ) ) ;
#3208 = DIRECTION ( 'NONE',  ( 0.000000000000000000, 0.000000000000000000, 1.000000000000000000 ) ) ;
#3209 = ORIENTED_EDGE ( 'NONE', *, *, #925, .F. ) ;
#3210 = DIRECTION ( 'NONE',  ( 0.000000000000000000, 1.000000000000000000, -0.000000000000000000 ) ) ;
#3211 = ORIENTED_EDGE ( 'NONE', *, *, #2015, .F. ) ;
#3212 = VECTOR ( 'NONE', #16, 1000.000000000000000 ) ;
#3213 = CARTESIAN_POINT ( 'NONE',  ( 92.72999999999998977, 3.000000000000000000, 35.28259228293302385 ) ) ;
#3214 = ORIENTED_EDGE ( 'NONE', *, *, #291, .T. ) ;
#3215 = VERTEX_POINT ( 'NONE', #2376 ) ;
#3216 = AXIS2_PLACEMENT_3D ( 'NONE', #3541, #3030, #1177 ) ;
#3217 = DIRECTION ( 'NONE',  ( 0.000000000000000000, 0.000000000000000000, 1.000000000000000000 ) ) ;
#3218 = CARTESIAN_POINT ( 'NONE',  ( 40.63000000000000256, 3.000000000000000000, 3.030000000000003357 ) ) ;
#3219 = ORIENTED_EDGE ( 'NONE', *, *, #1420, .F. ) ;
#3220 = CARTESIAN_POINT ( 'NONE',  ( 60.17999999999999972, 0.000000000000000000, 35.78259228293302385 ) ) ;
#3221 = EDGE_LOOP ( 'NONE', ( #318, #938, #28, #320 ) ) ;
#3222 = CARTESIAN_POINT ( 'NONE',  ( 54.75138121000000524, 0.000000000000000000, -8.480000000000002203 ) ) ;
#3223 = DIRECTION ( 'NONE',  ( -0.000000000000000000, 1.000000000000000000, -0.000000000000000000 ) ) ;
#3224 = DIRECTION ( 'NONE',  ( 0.000000000000000000, 0.000000000000000000, -1.000000000000000000 ) ) ;
#3225 = DIRECTION ( 'NONE',  ( 0.000000000000000000, 0.000000000000000000, 1.000000000000000000 ) ) ;
#3226 = EDGE_CURVE ( 'NONE', #111, #3800, #3408, .T. ) ;
#3227 = DIRECTION ( 'NONE',  ( -0.000000000000000000, 1.000000000000000000, -0.000000000000000000 ) ) ;
#3228 = VECTOR ( 'NONE', #1374, 1000.000000000000000 ) ;
#3229 = FACE_OUTER_BOUND ( 'NONE', #3293, .T. ) ;
#3230 = VERTEX_POINT ( 'NONE', #1793 ) ;
#3231 = DIRECTION ( 'NONE',  ( 0.000000000000000000, 0.000000000000000000, 1.000000000000000000 ) ) ;
#3232 = AXIS2_PLACEMENT_3D ( 'NONE', #1101, #1693, #1338 ) ;
#3233 = DIRECTION ( 'NONE',  ( 0.000000000000000000, 0.000000000000000000, 1.000000000000000000 ) ) ;
#3234 = CIRCLE ( 'NONE', #3107, 0.5000000000000004441 ) ;
#3235 = ORIENTED_EDGE ( 'NONE', *, *, #2302, .T. ) ;
#3236 = ORIENTED_EDGE ( 'NONE', *, *, #2853, .F. ) ;
#3237 = VECTOR ( 'NONE', #248, 1000.000000000000000 ) ;
#3238 = DIRECTION ( 'NONE',  ( -0.000000000000000000, 1.000000000000000000, -0.000000000000000000 ) ) ;
#3239 = CARTESIAN_POINT ( 'NONE',  ( 35.07999999999999829, 3.000000000000000000, 35.78259228293302385 ) ) ;
#3240 = ORIENTED_EDGE ( 'NONE', *, *, #748, .T. ) ;
#3241 = CARTESIAN_POINT ( 'NONE',  ( 59.67999999999999261, 0.000000000000000000, 22.28259228293302741 ) ) ;
#3242 = EDGE_CURVE ( 'NONE', #3055, #3425, #3297, .T. ) ;
#3243 = AXIS2_PLACEMENT_3D ( 'NONE', #2585, #777, #231 ) ;
#3244 = ORIENTED_EDGE ( 'NONE', *, *, #477, .T. ) ;
#3245 = CARTESIAN_POINT ( 'NONE',  ( 3.030000000000002025, 0.000000000000000000, 16.53000000000000114 ) ) ;
#3246 = LINE ( 'NONE', #562, #3237 ) ;
#3247 = EDGE_CURVE ( 'NONE', #276, #429, #2067, .T. ) ;
#3248 = AXIS2_PLACEMENT_3D ( 'NONE', #3106, #3378, #1634 ) ;
#3249 = ORIENTED_EDGE ( 'NONE', *, *, #219, .T. ) ;
#3250 = EDGE_CURVE ( 'NONE', #2764, #572, #2048, .T. ) ;
#3251 = DIRECTION ( 'NONE',  ( -0.000000000000000000, -1.000000000000000000, -0.000000000000000000 ) ) ;
#3252 = ORIENTED_EDGE ( 'NONE', *, *, #808, .T. ) ;
#3253 = DIRECTION ( 'NONE',  ( 0.000000000000000000, -1.000000000000000000, 0.000000000000000000 ) ) ;
#3254 = CARTESIAN_POINT ( 'NONE',  ( 59.68000000000000682, 0.000000000000000000, -3.185486062962950850E-14 ) ) ;
#3255 = VERTEX_POINT ( 'NONE', #3263 ) ;
#3256 = VERTEX_POINT ( 'NONE', #632 ) ;
#3257 = CARTESIAN_POINT ( 'NONE',  ( 0.000000000000000000, 0.000000000000000000, -4.039999999999974278 ) ) ;
#3258 = ORIENTED_EDGE ( 'NONE', *, *, #2092, .F. ) ;
#3259 = CARTESIAN_POINT ( 'NONE',  ( 54.13000000000000256, 3.000000000000000000, 16.53000000000000114 ) ) ;
#3260 = VERTEX_POINT ( 'NONE', #297 ) ;
#3261 = CARTESIAN_POINT ( 'NONE',  ( 2.529999999999999361, 3.000000000000000000, -4.220048455982039425E-16 ) ) ;
#3262 = EDGE_CURVE ( 'NONE', #111, #371, #575, .T. ) ;
#3263 = CARTESIAN_POINT ( 'NONE',  ( 41.13000000000000966, 3.000000000000000000, 2.529999999999999805 ) ) ;
#3264 = CARTESIAN_POINT ( 'NONE',  ( 40.63000000000000966, 0.000000000000000000, 16.02999999999999758 ) ) ;
#3265 = EDGE_LOOP ( 'NONE', ( #2222, #1115, #703, #3116 ) ) ;
#3266 = DIRECTION ( 'NONE',  ( 1.668003342285392290E-16, 0.000000000000000000, 1.000000000000000000 ) ) ;
#3267 = CARTESIAN_POINT ( 'NONE',  ( 41.13000000000000256, 3.000000000000000000, 35.28259228293302385 ) ) ;
#3268 = DIRECTION ( 'NONE',  ( -0.000000000000000000, 1.000000000000000000, -0.000000000000000000 ) ) ;
#3269 = ORIENTED_EDGE ( 'NONE', *, *, #2753, .T. ) ;
#3270 = VERTEX_POINT ( 'NONE', #3245 ) ;
#3271 = EDGE_CURVE ( 'NONE', #991, #2310, #617, .T. ) ;
#3272 = VECTOR ( 'NONE', #2379, 1000.000000000000000 ) ;
#3273 = CYLINDRICAL_SURFACE ( 'NONE', #3023, 1.699999999999993072 ) ;
#3274 = VERTEX_POINT ( 'NONE', #3005 ) ;
#3275 = AXIS2_PLACEMENT_3D ( 'NONE', #2153, #1823, #571 ) ;
#3276 = VECTOR ( 'NONE', #440, 1000.000000000000000 ) ;
#3277 = ORIENTED_EDGE ( 'NONE', *, *, #1309, .F. ) ;
#3278 = CARTESIAN_POINT ( 'NONE',  ( 78.73000000000000398, 0.000000000000000000, 16.02999999999999758 ) ) ;
#3279 = CARTESIAN_POINT ( 'NONE',  ( 16.03000000000000469, 0.000000000000000000, 35.28259228293302385 ) ) ;
#3280 = CARTESIAN_POINT ( 'NONE',  ( 77.38138121000000069, -6.999999999999996447, -13.18999999999999950 ) ) ;
#3281 = LINE ( 'NONE', #2123, #2960 ) ;
#3282 = VERTEX_POINT ( 'NONE', #3022 ) ;
#3283 = CARTESIAN_POINT ( 'NONE',  ( 0.000000000000000000, 3.000000000000000000, 2.529999999999999805 ) ) ;
#3284 = VERTEX_POINT ( 'NONE', #2969 ) ;
#3285 = DIRECTION ( 'NONE',  ( 0.000000000000000000, 0.000000000000000000, 1.000000000000000000 ) ) ;
#3286 = EDGE_CURVE ( 'NONE', #2161, #2401, #278, .T. ) ;
#3287 = VECTOR ( 'NONE', #3591, 1000.000000000000114 ) ;
#3288 = DIRECTION ( 'NONE',  ( 1.000000000000000000, 0.000000000000000000, -0.000000000000000000 ) ) ;
#3289 = ORIENTED_EDGE ( 'NONE', *, *, #3644, .F. ) ;
#3290 = ORIENTED_EDGE ( 'NONE', *, *, #3551, .T. ) ;
#3291 = VECTOR ( 'NONE', #495, 1000.000000000000000 ) ;
#3292 = DIRECTION ( 'NONE',  ( -1.000000000000000000, 0.000000000000000000, 5.337610695313254343E-16 ) ) ;
#3293 = EDGE_LOOP ( 'NONE', ( #3454, #755, #3505, #2798 ) ) ;
#3294 = EDGE_CURVE ( 'NONE', #270, #3400, #2451, .T. ) ;
#3295 = VECTOR ( 'NONE', #1461, 1000.000000000000000 ) ;
#3296 = ORIENTED_EDGE ( 'NONE', *, *, #1708, .T. ) ;
#3297 = LINE ( 'NONE', #1223, #3464 ) ;
#3298 = VECTOR ( 'NONE', #1130, 1000.000000000000000 ) ;
#3299 = CARTESIAN_POINT ( 'NONE',  ( 73.67999999999999261, 0.000000000000000000, 35.28259228293302385 ) ) ;
#3300 = AXIS2_PLACEMENT_3D ( 'NONE', #1638, #3366, #425 ) ;
#3301 = VERTEX_POINT ( 'NONE', #3642 ) ;
#3302 = VECTOR ( 'NONE', #2601, 1000.000000000000000 ) ;
#3303 = DIRECTION ( 'NONE',  ( 0.000000000000000000, 0.000000000000000000, 1.000000000000000000 ) ) ;
#3304 = ORIENTED_EDGE ( 'NONE', *, *, #3119, .T. ) ;
#3305 = CARTESIAN_POINT ( 'NONE',  ( 54.62999999999999545, 0.000000000000000000, 35.28259228293302385 ) ) ;
#3306 = EDGE_CURVE ( 'NONE', #2682, #7, #3121, .T. ) ;
#3307 = DIRECTION ( 'NONE',  ( -0.000000000000000000, 1.000000000000000000, -0.000000000000000000 ) ) ;
#3308 = EDGE_LOOP ( 'NONE', ( #2698, #2326, #1255, #1152 ) ) ;
#3309 = ORIENTED_EDGE ( 'NONE', *, *, #1706, .T. ) ;
#3310 = EDGE_CURVE ( 'NONE', #1974, #238, #2777, .T. ) ;
#3311 = DIRECTION ( 'NONE',  ( 0.000000000000000000, -1.000000000000000000, 0.000000000000000000 ) ) ;
#3312 = ORIENTED_EDGE ( 'NONE', *, *, #778, .F. ) ;
#3313 = ORIENTED_EDGE ( 'NONE', *, *, #1368, .F. ) ;
#3314 = SHAPE_DEFINITION_REPRESENTATION ( #3042, #32 ) ;
#3315 = DIRECTION ( 'NONE',  ( 5.337610695313254343E-16, 0.000000000000000000, 1.000000000000000000 ) ) ;
#3316 = DIRECTION ( 'NONE',  ( 0.000000000000000000, 0.000000000000000000, 1.000000000000000000 ) ) ;
#3317 = EDGE_CURVE ( 'NONE', #276, #2952, #1567, .T. ) ;
#3318 = CARTESIAN_POINT ( 'NONE',  ( 41.13000000000000966, 0.000000000000000000, 2.529999999999999805 ) ) ;
#3319 = ORIENTED_EDGE ( 'NONE', *, *, #3435, .F. ) ;
#3320 = CARTESIAN_POINT ( 'NONE',  ( 60.18000000000000682, 3.000000000000000000, 3.029999999999999805 ) ) ;
#3321 = CARTESIAN_POINT ( 'NONE',  ( 73.67999999999999261, 0.000000000000000000, 35.28259228293302385 ) ) ;
#3322 = DIRECTION ( 'NONE',  ( -0.000000000000000000, 1.000000000000000000, -0.000000000000000000 ) ) ;
#3323 = VERTEX_POINT ( 'NONE', #1843 ) ;
#3324 = ORIENTED_EDGE ( 'NONE', *, *, #702, .T. ) ;
#3325 = CARTESIAN_POINT ( 'NONE',  ( 73.18000000000000682, 0.000000000000000000, 16.02999999999999758 ) ) ;
#3326 = LINE ( 'NONE', #292, #3212 ) ;
#3327 = ADVANCED_FACE ( 'NONE', ( #670 ), #999, .F. ) ;
#3328 = ORIENTED_EDGE ( 'NONE', *, *, #1511, .F. ) ;
#3329 = ORIENTED_EDGE ( 'NONE', *, *, #2499, .F. ) ;
#3330 = AXIS2_PLACEMENT_3D ( 'NONE', #2515, #3705, #734 ) ;
#3331 = ADVANCED_FACE ( 'NONE', ( #1317 ), #3351, .T. ) ;
#3332 = CARTESIAN_POINT ( 'NONE',  ( 79.23000000000000398, 0.000000000000000000, 2.529999999999999805 ) ) ;
#3333 = CARTESIAN_POINT ( 'NONE',  ( 21.58000000000000185, 0.000000000000000000, 0.000000000000000000 ) ) ;
#3334 = AXIS2_PLACEMENT_3D ( 'NONE', #305, #2347, #3288 ) ;
#3335 = LINE ( 'NONE', #1319, #2219 ) ;
#3336 = DIRECTION ( 'NONE',  ( 0.000000000000000000, 1.000000000000000000, -0.000000000000000000 ) ) ;
#3337 = VERTEX_POINT ( 'NONE', #3627 ) ;
#3338 = CARTESIAN_POINT ( 'NONE',  ( 92.73000000000000398, 0.000000000000000000, 3.030000000000003357 ) ) ;
#3339 = VERTEX_POINT ( 'NONE', #60 ) ;
#3340 = EDGE_CURVE ( 'NONE', #2135, #1072, #2218, .T. ) ;
#3341 = CARTESIAN_POINT ( 'NONE',  ( 21.58000000000000185, 0.000000000000000000, 0.000000000000000000 ) ) ;
#3342 = PLANE ( 'NONE',  #2025 ) ;
#3343 = EDGE_LOOP ( 'NONE', ( #3134, #3236, #230, #2144 ) ) ;
#3344 = ORIENTED_EDGE ( 'NONE', *, *, #3837, .T. ) ;
#3345 = LINE ( 'NONE', #2023, #3360 ) ;
#3346 = CARTESIAN_POINT ( 'NONE',  ( 73.68000000000000682, 0.000000000000000000, 16.02999999999999758 ) ) ;
#3347 = EDGE_LOOP ( 'NONE', ( #1124, #3732, #3018, #3003 ) ) ;
#3348 = ORIENTED_EDGE ( 'NONE', *, *, #3467, .T. ) ;
#3349 = AXIS2_PLACEMENT_3D ( 'NONE', #729, #1923, #2759 ) ;
#3350 = VECTOR ( 'NONE', #1250, 1000.000000000000000 ) ;
#3351 = PLANE ( 'NONE',  #1225 ) ;
#3352 = AXIS2_PLACEMENT_3D ( 'NONE', #2084, #2690, #24 ) ;
#3353 = LINE ( 'NONE', #673, #1292 ) ;
#3354 = CARTESIAN_POINT ( 'NONE',  ( 103.7500000000000000, 0.000000000000000000, 45.27000000000000313 ) ) ;
#3355 = CARTESIAN_POINT ( 'NONE',  ( 86.68138121000001206, 3.000000000000000000, -36.70170859000000974 ) ) ;
#3356 = EDGE_CURVE ( 'NONE', #3255, #2389, #3407, .T. ) ;
#3357 = ORIENTED_EDGE ( 'NONE', *, *, #3250, .T. ) ;
#3358 = CARTESIAN_POINT ( 'NONE',  ( 54.12999999999999545, 0.000000000000000000, 2.529999999999999805 ) ) ;
#3359 = CARTESIAN_POINT ( 'NONE',  ( 0.000000000000000000, 0.000000000000000000, 16.53000000000000114 ) ) ;
#3360 = VECTOR ( 'NONE', #1258, 1000.000000000000000 ) ;
#3361 = CIRCLE ( 'NONE', #1107, 0.5000000000000004441 ) ;
#3362 = AXIS2_PLACEMENT_3D ( 'NONE', #204, #1719, #1403 ) ;
#3363 = DIRECTION ( 'NONE',  ( -0.000000000000000000, 1.000000000000000000, -0.000000000000000000 ) ) ;
#3364 = ORIENTED_EDGE ( 'NONE', *, *, #3823, .T. ) ;
#3365 = VERTEX_POINT ( 'NONE', #2494 ) ;
#3366 = DIRECTION ( 'NONE',  ( 0.000000000000000000, 1.000000000000000000, -0.000000000000000000 ) ) ;
#3367 = VECTOR ( 'NONE', #99, 1000.000000000000000 ) ;
#3368 = EDGE_CURVE ( 'NONE', #572, #866, #120, .T. ) ;
#3369 = CARTESIAN_POINT ( 'NONE',  ( 3.030000000000003357, 0.000000000000000000, 2.529999999999999805 ) ) ;
#3370 = ORIENTED_EDGE ( 'NONE', *, *, #1814, .T. ) ;
#3371 = DIRECTION ( 'NONE',  ( 1.000000000000000000, 0.000000000000000000, -0.000000000000000000 ) ) ;
#3372 = DIRECTION ( 'NONE',  ( 0.000000000000000000, 0.000000000000000000, 1.000000000000000000 ) ) ;
#3373 = LINE ( 'NONE', #2779, #2166 ) ;
#3374 = PLANE ( 'NONE',  #1163 ) ;
#3375 = FACE_OUTER_BOUND ( 'NONE', #2444, .T. ) ;
#3376 = ORIENTED_EDGE ( 'NONE', *, *, #2239, .F. ) ;
#3377 = CARTESIAN_POINT ( 'NONE',  ( 41.13000000000000256, 0.000000000000000000, 35.78259228293302385 ) ) ;
#3378 = DIRECTION ( 'NONE',  ( 0.000000000000000000, 1.000000000000000000, -0.000000000000000000 ) ) ;
#3379 = EDGE_CURVE ( 'NONE', #3791, #1998, #2604, .T. ) ;
#3380 = EDGE_CURVE ( 'NONE', #916, #3517, #911, .T. ) ;
#3381 = FACE_OUTER_BOUND ( 'NONE', #3524, .T. ) ;
#3382 = EDGE_LOOP ( 'NONE', ( #330, #1736, #261, #2834 ) ) ;
#3383 = ORIENTED_EDGE ( 'NONE', *, *, #3340, .T. ) ;
#3384 = CARTESIAN_POINT ( 'NONE',  ( 73.17999999999999261, 0.000000000000000000, 22.28259228293302741 ) ) ;
#3385 = ORIENTED_EDGE ( 'NONE', *, *, #2248, .T. ) ;
#3386 = DIRECTION ( 'NONE',  ( 0.000000000000000000, 0.000000000000000000, 1.000000000000000000 ) ) ;
#3387 = VERTEX_POINT ( 'NONE', #3039 ) ;
#3388 = EDGE_CURVE ( 'NONE', #1501, #1715, #33, .T. ) ;
#3389 = DIRECTION ( 'NONE',  ( 0.000000000000000000, 1.000000000000000000, -0.000000000000000000 ) ) ;
#3390 = VECTOR ( 'NONE', #142, 1000.000000000000000 ) ;
#3391 = DIRECTION ( 'NONE',  ( -0.000000000000000000, 1.000000000000000000, -0.000000000000000000 ) ) ;
#3392 = CYLINDRICAL_SURFACE ( 'NONE', #1535, 0.5000000000000004441 ) ;
#3393 = CARTESIAN_POINT ( 'NONE',  ( 16.53000000000000114, 3.000000000000000000, 3.030000000000003357 ) ) ;
#3394 = DIRECTION ( 'NONE',  ( 0.000000000000000000, 1.000000000000000000, -0.000000000000000000 ) ) ;
#3395 = DIRECTION ( 'NONE',  ( 1.000000000000000000, -0.000000000000000000, 0.000000000000000000 ) ) ;
#3396 = AXIS2_PLACEMENT_3D ( 'NONE', #2697, #2403, #341 ) ;
#3397 = VECTOR ( 'NONE', #1066, 1000.000000000000000 ) ;
#3398 = DIRECTION ( 'NONE',  ( 0.000000000000000000, 1.000000000000000000, 0.000000000000000000 ) ) ;
#3399 = DIRECTION ( 'NONE',  ( 0.000000000000000000, 0.000000000000000000, 1.000000000000000000 ) ) ;
#3400 = VERTEX_POINT ( 'NONE', #3684 ) ;
#3401 = DIRECTION ( 'NONE',  ( 0.000000000000000000, 0.000000000000000000, 1.000000000000000000 ) ) ;
#3402 = ORIENTED_EDGE ( 'NONE', *, *, #1328, .T. ) ;
#3403 = DIRECTION ( 'NONE',  ( -0.000000000000000000, 1.000000000000000000, -0.000000000000000000 ) ) ;
#3404 = ORIENTED_EDGE ( 'NONE', *, *, #2447, .F. ) ;
#3405 = CARTESIAN_POINT ( 'NONE',  ( 16.03000000000000114, 3.000000000000000000, 22.28259228293302741 ) ) ;
#3406 = ADVANCED_FACE ( 'NONE', ( #3077, #1588, #2192, #1903, #2512, #2592, #2313, #449, #468, #2840, #1690, #491, #2924, #1669, #509 ), #532, .F. ) ;
#3407 = LINE ( 'NONE', #651, #2280 ) ;
#3408 = CIRCLE ( 'NONE', #3100, 1.700000000000000178 ) ;
#3409 = LINE ( 'NONE', #3333, #1919 ) ;
#3410 = CIRCLE ( 'NONE', #1889, 0.5000000000000004441 ) ;
#3411 = LINE ( 'NONE', #2806, #1033 ) ;
#3412 = DIRECTION ( 'NONE',  ( 5.337610695313253357E-16, 0.000000000000000000, 1.000000000000000000 ) ) ;
#3413 = CARTESIAN_POINT ( 'NONE',  ( 78.72999999999998977, 0.000000000000000000, 35.28259228293302385 ) ) ;
#3414 = AXIS2_PLACEMENT_3D ( 'NONE', #2600, #3224, #1380 ) ;
#3415 = CARTESIAN_POINT ( 'NONE',  ( 3.030000000000003357, 3.000000000000000000, 22.28259228293302741 ) ) ;
#3416 = CIRCLE ( 'NONE', #609, 0.5000000000000004441 ) ;
#3417 = ORIENTED_EDGE ( 'NONE', *, *, #3093, .T. ) ;
#3418 = CIRCLE ( 'NONE', #2860, 0.5000000000000004441 ) ;
#3419 = ORIENTED_EDGE ( 'NONE', *, *, #3137, .T. ) ;
#3420 = CARTESIAN_POINT ( 'NONE',  ( 35.57999999999999829, 3.000000000000000000, 16.02999999999999758 ) ) ;
#3421 = VECTOR ( 'NONE', #3253, 1000.000000000000000 ) ;
#3422 = EDGE_CURVE ( 'NONE', #2202, #1344, #179, .T. ) ;
#3423 = EDGE_LOOP ( 'NONE', ( #626, #2631 ) ) ;
#3424 = DIRECTION ( 'NONE',  ( 0.000000000000000000, 0.000000000000000000, 1.000000000000000000 ) ) ;
#3425 = VERTEX_POINT ( 'NONE', #3444 ) ;
#3426 = EDGE_LOOP ( 'NONE', ( #3172, #2142, #1727, #822 ) ) ;
#3427 = AXIS2_PLACEMENT_3D ( 'NONE', #1930, #1267, #2480 ) ;
#3428 = EDGE_CURVE ( 'NONE', #1640, #684, #1028, .T. ) ;
#3429 = CYLINDRICAL_SURFACE ( 'NONE', #2492, 0.5000000000000004441 ) ;
#3430 = CARTESIAN_POINT ( 'NONE',  ( 21.58000000000000185, 0.000000000000000000, 35.28259228293302385 ) ) ;
#3431 = DIRECTION ( 'NONE',  ( 0.000000000000000000, 1.000000000000000000, -0.000000000000000000 ) ) ;
#3432 = CARTESIAN_POINT ( 'NONE',  ( 35.57999999999999829, 0.000000000000000000, 0.000000000000000000 ) ) ;
#3433 = CARTESIAN_POINT ( 'NONE',  ( 3.030000000000002025, 0.000000000000000000, 16.53000000000000114 ) ) ;
#3434 = CARTESIAN_POINT ( 'NONE',  ( 22.08000000000000185, 0.000000000000000000, 21.78259228293302741 ) ) ;
#3435 = EDGE_CURVE ( 'NONE', #643, #903, #2554, .T. ) ;
#3436 = FACE_OUTER_BOUND ( 'NONE', #2956, .T. ) ;
#3437 = ORIENTED_EDGE ( 'NONE', *, *, #1320, .T. ) ;
#3438 = PLANE ( 'NONE',  #926 ) ;
#3439 = VERTEX_POINT ( 'NONE', #1647 ) ;
#3440 = DIRECTION ( 'NONE',  ( 0.000000000000000000, 1.000000000000000000, 0.000000000000000000 ) ) ;
#3441 = ORIENTED_EDGE ( 'NONE', *, *, #769, .T. ) ;
#3442 = EDGE_CURVE ( 'NONE', #1208, #1053, #3741, .T. ) ;
#3443 = DIRECTION ( 'NONE',  ( 0.000000000000000000, 0.000000000000000000, 1.000000000000000000 ) ) ;
#3444 = CARTESIAN_POINT ( 'NONE',  ( 54.63000000000000256, 3.000000000000000000, 16.02999999999999758 ) ) ;
#3445 = ORIENTED_EDGE ( 'NONE', *, *, #466, .T. ) ;
#3446 = CARTESIAN_POINT ( 'NONE',  ( 40.62999999999998124, 0.000000000000000000, -2.168671225505773802E-14 ) ) ;
#3447 = CARTESIAN_POINT ( 'NONE',  ( 22.08000000000000185, 0.000000000000000000, 3.029999999999999805 ) ) ;
#3448 = DIRECTION ( 'NONE',  ( -1.000000000000000000, 0.000000000000000000, 0.000000000000000000 ) ) ;
#3449 = CARTESIAN_POINT ( 'NONE',  ( 0.000000000000000000, 0.000000000000000000, 21.78259228293302741 ) ) ;
#3450 = LINE ( 'NONE', #225, #176 ) ;
#3451 = CARTESIAN_POINT ( 'NONE',  ( 2.530000000000003357, 0.000000000000000000, 22.28259228293302741 ) ) ;
#3452 = CIRCLE ( 'NONE', #2706, 0.5000000000000004441 ) ;
#3453 = DIRECTION ( 'NONE',  ( 1.000000000000000000, 0.000000000000000000, -0.000000000000000000 ) ) ;
#3454 = ORIENTED_EDGE ( 'NONE', *, *, #1511, .T. ) ;
#3455 = DIRECTION ( 'NONE',  ( -1.000000000000000000, 0.000000000000000000, 2.668805347656627171E-16 ) ) ;
#3456 = AXIS2_PLACEMENT_3D ( 'NONE', #3089, #3070, #1619 ) ;
#3457 = CYLINDRICAL_SURFACE ( 'NONE', #2337, 3.499999999999999556 ) ;
#3458 = ORIENTED_EDGE ( 'NONE', *, *, #697, .T. ) ;
#3459 = ORIENTED_EDGE ( 'NONE', *, *, #1826, .T. ) ;
#3460 = LINE ( 'NONE', #784, #645 ) ;
#3461 = CARTESIAN_POINT ( 'NONE',  ( 0.000000000000000000, 0.000000000000000000, 2.529999999999999805 ) ) ;
#3462 = VERTEX_POINT ( 'NONE', #241 ) ;
#3463 = DIRECTION ( 'NONE',  ( 0.000000000000000000, 0.000000000000000000, 1.000000000000000000 ) ) ;
#3464 = VECTOR ( 'NONE', #3315, 1000.000000000000000 ) ;
#3465 = DIRECTION ( 'NONE',  ( -0.000000000000000000, 1.000000000000000000, -0.000000000000000000 ) ) ;
#3466 = EDGE_CURVE ( 'NONE', #276, #2556, #1097, .T. ) ;
#3467 = EDGE_CURVE ( 'NONE', #2310, #2087, #1076, .T. ) ;
#3468 = CARTESIAN_POINT ( 'NONE',  ( 54.62999999999999545, 3.000000000000000000, 3.030000000000003357 ) ) ;
#3469 = CYLINDRICAL_SURFACE ( 'NONE', #2546, 0.5000000000000004441 ) ;
#3470 = LINE ( 'NONE', #2888, #3558 ) ;
#3471 = AXIS2_PLACEMENT_3D ( 'NONE', #2781, #1281, #982 ) ;
#3472 = EDGE_CURVE ( 'NONE', #844, #1686, #2250, .T. ) ;
#3473 = LINE ( 'NONE', #774, #525 ) ;
#3474 = CARTESIAN_POINT ( 'NONE',  ( 21.58000000000000185, 0.000000000000000000, 22.28259228293302741 ) ) ;
#3475 = ORIENTED_EDGE ( 'NONE', *, *, #752, .F. ) ;
#3476 = DIRECTION ( 'NONE',  ( 0.000000000000000000, 0.000000000000000000, 1.000000000000000000 ) ) ;
#3477 = VECTOR ( 'NONE', #930, 1000.000000000000000 ) ;
#3478 = ORIENTED_EDGE ( 'NONE', *, *, #2069, .F. ) ;
#3479 = VECTOR ( 'NONE', #413, 1000.000000000000000 ) ;
#3480 = CARTESIAN_POINT ( 'NONE',  ( 0.000000000000000000, 0.000000000000000000, 16.53000000000000114 ) ) ;
#3481 = ORIENTED_EDGE ( 'NONE', *, *, #483, .T. ) ;
#3482 = ORIENTED_EDGE ( 'NONE', *, *, #3019, .T. ) ;
#3483 = VECTOR ( 'NONE', #1543, 1000.000000000000000 ) ;
#3484 = CIRCLE ( 'NONE', #1232, 1.700000000000000178 ) ;
#3485 = EDGE_CURVE ( 'NONE', #2345, #3132, #3507, .T. ) ;
#3486 = PLANE ( 'NONE',  #2896 ) ;
#3487 = DIRECTION ( 'NONE',  ( 0.000000000000000000, -1.000000000000000000, 0.000000000000000000 ) ) ;
#3488 = AXIS2_PLACEMENT_3D ( 'NONE', #1834, #1468, #2420 ) ;
#3489 = ORIENTED_EDGE ( 'NONE', *, *, #3562, .F. ) ;
#3490 = LINE ( 'NONE', #2237, #2294 ) ;
#3491 = VECTOR ( 'NONE', #3443, 1000.000000000000000 ) ;
#3492 = ORIENTED_EDGE ( 'NONE', *, *, #1566, .T. ) ;
#3493 = DIRECTION ( 'NONE',  ( 1.668003342285392290E-16, 0.000000000000000000, 1.000000000000000000 ) ) ;
#3494 = DIRECTION ( 'NONE',  ( 0.000000000000000000, 0.000000000000000000, 1.000000000000000000 ) ) ;
#3495 = DIRECTION ( 'NONE',  ( -0.000000000000000000, 1.000000000000000000, -0.000000000000000000 ) ) ;
#3496 = CARTESIAN_POINT ( 'NONE',  ( 0.000000000000000000, 0.000000000000000000, 2.529999999999999805 ) ) ;
#3497 = LINE ( 'NONE', #3451, #1219 ) ;
#3498 = DIRECTION ( 'NONE',  ( -0.000000000000000000, 1.000000000000000000, -0.000000000000000000 ) ) ;
#3499 = VERTEX_POINT ( 'NONE', #2880 ) ;
#3500 = CARTESIAN_POINT ( 'NONE',  ( 22.08000000000000185, 0.000000000000000000, 16.53000000000000114 ) ) ;
#3501 = ADVANCED_FACE ( 'NONE', ( #3720 ), #3180, .T. ) ;
#3502 = ORIENTED_EDGE ( 'NONE', *, *, #2136, .T. ) ;
#3503 = DIRECTION ( 'NONE',  ( -0.000000000000000000, 1.000000000000000000, -0.000000000000000000 ) ) ;
#3504 = DIRECTION ( 'NONE',  ( 1.000000000000000000, 0.000000000000000000, -1.224646799147353700E-16 ) ) ;
#3505 = ORIENTED_EDGE ( 'NONE', *, *, #2553, .F. ) ;
#3506 = DIRECTION ( 'NONE',  ( 0.000000000000000000, 1.000000000000000000, -0.000000000000000000 ) ) ;
#3507 = LINE ( 'NONE', #827, #2539 ) ;
#3508 = EDGE_LOOP ( 'NONE', ( #931, #612, #3009, #523 ) ) ;
#3509 = EDGE_CURVE ( 'NONE', #510, #1581, #1731, .T. ) ;
#3510 = CARTESIAN_POINT ( 'NONE',  ( 43.75000000000000711, 3.000000000000000000, -16.50236683950968697 ) ) ;
#3511 = ORIENTED_EDGE ( 'NONE', *, *, #145, .T. ) ;
#3512 = LINE ( 'NONE', #3139, #3291 ) ;
#3513 = CARTESIAN_POINT ( 'NONE',  ( 54.12999999999999545, 3.000000000000000000, 35.28259228293302385 ) ) ;
#3514 = CARTESIAN_POINT ( 'NONE',  ( 16.52999999999999758, 3.000000000000000000, -4.411535239676402908E-15 ) ) ;
#3515 = DIRECTION ( 'NONE',  ( 0.000000000000000000, 0.000000000000000000, 1.000000000000000000 ) ) ;
#3516 = CARTESIAN_POINT ( 'NONE',  ( 103.7500000000000000, 0.000000000000000000, 43.57000000000000739 ) ) ;
#3517 = VERTEX_POINT ( 'NONE', #2000 ) ;
#3518 = CARTESIAN_POINT ( 'NONE',  ( 60.17999999999999972, 0.000000000000000000, 35.78259228293302385 ) ) ;
#3519 = CIRCLE ( 'NONE', #3582, 0.5000000000000004441 ) ;
#3520 = VECTOR ( 'NONE', #2312, 1000.000000000000000 ) ;
#3521 = DIRECTION ( 'NONE',  ( 1.000000000000000000, 0.000000000000000000, -0.000000000000000000 ) ) ;
#3522 = EDGE_CURVE ( 'NONE', #3528, #2528, #1353, .T. ) ;
#3523 = VERTEX_POINT ( 'NONE', #2020 ) ;
#3524 = EDGE_LOOP ( 'NONE', ( #2490, #2101, #1372, #1059 ) ) ;
#3525 = AXIS2_PLACEMENT_3D ( 'NONE', #52, #1575, #1854 ) ;
#3526 = CARTESIAN_POINT ( 'NONE',  ( 60.18000000000000682, 0.000000000000000000, 3.029999999999999805 ) ) ;
#3527 = CARTESIAN_POINT ( 'NONE',  ( 16.02999999999999403, 0.000000000000000000, 2.529999999999999805 ) ) ;
#3528 = VERTEX_POINT ( 'NONE', #3218 ) ;
#3529 = DIRECTION ( 'NONE',  ( 0.000000000000000000, 0.000000000000000000, 1.000000000000000000 ) ) ;
#3530 = EDGE_CURVE ( 'NONE', #1659, #631, #2534, .T. ) ;
#3531 = VERTEX_POINT ( 'NONE', #3136 ) ;
#3532 = LINE ( 'NONE', #3261, #1228 ) ;
#3533 = LINE ( 'NONE', #2298, #1391 ) ;
#3534 = DIRECTION ( 'NONE',  ( -0.000000000000000000, 1.000000000000000000, -0.000000000000000000 ) ) ;
#3535 = ADVANCED_FACE ( 'NONE', ( #1942 ), #762, .T. ) ;
#3536 = ORIENTED_EDGE ( 'NONE', *, *, #2875, .T. ) ;
#3537 = VECTOR ( 'NONE', #2041, 1000.000000000000000 ) ;
#3538 = DIRECTION ( 'NONE',  ( -0.000000000000000000, 1.000000000000000000, -0.000000000000000000 ) ) ;
#3539 = VERTEX_POINT ( 'NONE', #2634 ) ;
#3540 = CARTESIAN_POINT ( 'NONE',  ( 2.530000000000002025, 0.000000000000000000, 16.02999999999999758 ) ) ;
#3541 = CARTESIAN_POINT ( 'NONE',  ( 92.72999999999998977, 0.000000000000000000, 0.000000000000000000 ) ) ;
#3542 = AXIS2_PLACEMENT_3D ( 'NONE', #875, #3316, #1515 ) ;
#3543 = ORIENTED_EDGE ( 'NONE', *, *, #1783, .F. ) ;
#3544 = VERTEX_POINT ( 'NONE', #3239 ) ;
#3545 = EDGE_CURVE ( 'NONE', #907, #1662, #2333, .T. ) ;
#3546 = AXIS2_PLACEMENT_3D ( 'NONE', #2272, #1396, #1980 ) ;
#3547 = CARTESIAN_POINT ( 'NONE',  ( 3.030000000000005134, 0.000000000000000000, 35.28259228293302385 ) ) ;
#3548 = VERTEX_POINT ( 'NONE', #1139 ) ;
#3549 = CARTESIAN_POINT ( 'NONE',  ( 92.73000000000000398, 3.000000000000000000, 3.030000000000003357 ) ) ;
#3550 = VECTOR ( 'NONE', #251, 1000.000000000000000 ) ;
#3551 = EDGE_CURVE ( 'NONE', #238, #2135, #1753, .T. ) ;
#3552 = ADVANCED_FACE ( 'NONE', ( #554 ), #2942, .F. ) ;
#3553 = AXIS2_PLACEMENT_3D ( 'NONE', #3636, #3529, #2152 ) ;
#3554 = ORIENTED_EDGE ( 'NONE', *, *, #3580, .T. ) ;
#3555 = DIRECTION ( 'NONE',  ( -1.000000000000000000, 0.000000000000000000, 5.337610695313254343E-16 ) ) ;
#3556 = CARTESIAN_POINT ( 'NONE',  ( 40.94761904761906379, 0.000000000000000000, -12.93010101010102630 ) ) ;
#3557 = PLANE ( 'NONE',  #3542 ) ;
#3558 = VECTOR ( 'NONE', #2278, 1000.000000000000000 ) ;
#3559 = VERTEX_POINT ( 'NONE', #1248 ) ;
#3560 = DIRECTION ( 'NONE',  ( 0.000000000000000000, 0.000000000000000000, 1.000000000000000000 ) ) ;
#3561 = ORIENTED_EDGE ( 'NONE', *, *, #1584, .T. ) ;
#3562 = EDGE_CURVE ( 'NONE', #3033, #1435, #1905, .T. ) ;
#3563 = DIRECTION ( 'NONE',  ( 0.000000000000000000, 0.000000000000000000, 1.000000000000000000 ) ) ;
#3564 = CARTESIAN_POINT ( 'NONE',  ( 0.000000000000000000, 0.000000000000000000, 21.78259228293302741 ) ) ;
#3565 = VERTEX_POINT ( 'NONE', #1001 ) ;
#3566 = ORIENTED_EDGE ( 'NONE', *, *, #3472, .T. ) ;
#3567 = LINE ( 'NONE', #2738, #2335 ) ;
#3568 = ORIENTED_EDGE ( 'NONE', *, *, #2823, .F. ) ;
#3569 = EDGE_CURVE ( 'NONE', #813, #217, #2350, .T. ) ;
#3570 = ORIENTED_EDGE ( 'NONE', *, *, #356, .T. ) ;
#3571 = CARTESIAN_POINT ( 'NONE',  ( 16.53000000000000114, 0.000000000000000000, 3.030000000000003357 ) ) ;
#3572 = CARTESIAN_POINT ( 'NONE',  ( -11.30000000000000071, -5.697340647455877521E-62, 1.383850883036509659E-15 ) ) ;
#3573 = ADVANCED_FACE ( 'NONE', ( #964 ), #3374, .T. ) ;
#3574 = LINE ( 'NONE', #856, #232 ) ;
#3575 = DIRECTION ( 'NONE',  ( 0.000000000000000000, 0.000000000000000000, 1.000000000000000000 ) ) ;
#3576 = ORIENTED_EDGE ( 'NONE', *, *, #1244, .T. ) ;
#3577 = DIRECTION ( 'NONE',  ( 0.000000000000000000, 0.000000000000000000, 1.000000000000000000 ) ) ;
#3578 = ORIENTED_EDGE ( 'NONE', *, *, #1826, .F. ) ;
#3579 = DIRECTION ( 'NONE',  ( -0.000000000000000000, -0.000000000000000000, -1.000000000000000000 ) ) ;
#3580 = EDGE_CURVE ( 'NONE', #2895, #3639, #3165, .T. ) ;
#3581 = DIRECTION ( 'NONE',  ( 0.000000000000000000, 0.000000000000000000, 1.000000000000000000 ) ) ;
#3582 = AXIS2_PLACEMENT_3D ( 'NONE', #947, #1815, #3008 ) ;
#3583 = ORIENTED_EDGE ( 'NONE', *, *, #2673, .F. ) ;
#3584 = ORIENTED_EDGE ( 'NONE', *, *, #2838, .T. ) ;
#3585 = CIRCLE ( 'NONE', #2589, 1.699999999999993072 ) ;
#3586 = DIRECTION ( 'NONE',  ( 0.000000000000000000, 1.000000000000000000, 0.000000000000000000 ) ) ;
#3587 = EDGE_LOOP ( 'NONE', ( #1157, #3313, #3824, #664, #3249, #954, #1198, #2026 ) ) ;
#3588 = VECTOR ( 'NONE', #662, 1000.000000000000000 ) ;
#3589 = CIRCLE ( 'NONE', #3838, 0.5000000000000004441 ) ;
#3590 = ORIENTED_EDGE ( 'NONE', *, *, #1735, .F. ) ;
#3591 = DIRECTION ( 'NONE',  ( -0.6172222730967924509, 0.000000000000000000, 0.7867888316398680137 ) ) ;
#3592 = DIRECTION ( 'NONE',  ( 0.000000000000000000, 1.000000000000000000, 0.000000000000000000 ) ) ;
#3593 = EDGE_CURVE ( 'NONE', #152, #1659, #2822, .T. ) ;
#3594 = VERTEX_POINT ( 'NONE', #2437 ) ;
#3595 = DIRECTION ( 'NONE',  ( -0.000000000000000000, 1.000000000000000000, -0.000000000000000000 ) ) ;
#3596 = EDGE_LOOP ( 'NONE', ( #1329, #1724, #3799, #2611 ) ) ;
#3597 = LINE ( 'NONE', #3305, #3118 ) ;
#3598 = EDGE_CURVE ( 'NONE', #1435, #991, #281, .T. ) ;
#3599 = AXIS2_PLACEMENT_3D ( 'NONE', #1379, #184, #1401 ) ;
#3600 = CARTESIAN_POINT ( 'NONE',  ( 28.74999999999999645, 3.000000000000000444, 40.27000000000001023 ) ) ;
#3601 = VERTEX_POINT ( 'NONE', #1570 ) ;
#3602 = ORIENTED_EDGE ( 'NONE', *, *, #12, .F. ) ;
#3603 = DIRECTION ( 'NONE',  ( -0.000000000000000000, 1.000000000000000000, -0.000000000000000000 ) ) ;
#3604 = VERTEX_POINT ( 'NONE', #693 ) ;
#3605 = ORIENTED_EDGE ( 'NONE', *, *, #894, .F. ) ;
#3606 = DIRECTION ( 'NONE',  ( 1.668003342285391551E-16, 0.000000000000000000, 1.000000000000000000 ) ) ;
#3607 = CARTESIAN_POINT ( 'NONE',  ( 3.030000000000002025, 3.000000000000000000, 16.53000000000000114 ) ) ;
#3608 = AXIS2_PLACEMENT_3D ( 'NONE', #1530, #1262, #82 ) ;
#3609 = AXIS2_PLACEMENT_3D ( 'NONE', #1967, #3750, #2890 ) ;
#3610 = DIRECTION ( 'NONE',  ( 0.000000000000000000, 0.000000000000000000, 1.000000000000000000 ) ) ;
#3611 = VECTOR ( 'NONE', #756, 1000.000000000000000 ) ;
#3612 = CARTESIAN_POINT ( 'NONE',  ( 16.03000000000000114, 0.000000000000000000, 16.53000000000000114 ) ) ;
#3613 = ORIENTED_EDGE ( 'NONE', *, *, #125, .F. ) ;
#3614 = AXIS2_PLACEMENT_3D ( 'NONE', #498, #1654, #1697 ) ;
#3615 = DIRECTION ( 'NONE',  ( 0.000000000000000000, 1.000000000000000000, 0.000000000000000000 ) ) ;
#3616 = VERTEX_POINT ( 'NONE', #1868 ) ;
#3617 = DIRECTION ( 'NONE',  ( 1.000000000000000000, -0.000000000000000000, 0.000000000000000000 ) ) ;
#3618 = EDGE_CURVE ( 'NONE', #3149, #293, #2410, .T. ) ;
#3619 = CARTESIAN_POINT ( 'NONE',  ( 92.22999999999998977, 0.000000000000000000, 35.28259228293302385 ) ) ;
#3620 = ORIENTED_EDGE ( 'NONE', *, *, #1181, .T. ) ;
#3621 = ORIENTED_EDGE ( 'NONE', *, *, #2958, .T. ) ;
#3622 = EDGE_CURVE ( 'NONE', #1662, #2940, #2780, .T. ) ;
#3623 = DIRECTION ( 'NONE',  ( 0.000000000000000000, 0.000000000000000000, 1.000000000000000000 ) ) ;
#3624 = DIRECTION ( 'NONE',  ( -0.000000000000000000, -1.000000000000000000, 0.000000000000000000 ) ) ;
#3625 = VERTEX_POINT ( 'NONE', #2743 ) ;
#3626 = ADVANCED_FACE ( 'NONE', ( #63 ), #85, .F. ) ;
#3627 = CARTESIAN_POINT ( 'NONE',  ( 78.72999999999998977, 3.000000000000000000, 22.28259228293302741 ) ) ;
#3628 = LINE ( 'NONE', #2452, #3856 ) ;
#3629 = DIRECTION ( 'NONE',  ( 0.000000000000000000, 0.000000000000000000, 1.000000000000000000 ) ) ;
#3630 = ORIENTED_EDGE ( 'NONE', *, *, #175, .T. ) ;
#3631 = DIRECTION ( 'NONE',  ( -0.000000000000000000, 1.000000000000000000, -0.000000000000000000 ) ) ;
#3632 = CARTESIAN_POINT ( 'NONE',  ( 0.000000000000000000, 0.000000000000000000, -69.50999999999999091 ) ) ;
#3633 = CARTESIAN_POINT ( 'NONE',  ( 35.07999999999999829, 3.000000000000000000, 3.029999999999999805 ) ) ;
#3634 = ORIENTED_EDGE ( 'NONE', *, *, #1014, .F. ) ;
#3635 = ORIENTED_EDGE ( 'NONE', *, *, #3844, .F. ) ;
#3636 = CARTESIAN_POINT ( 'NONE',  ( 0.000000000000000000, 0.000000000000000000, 35.78259228293302385 ) ) ;
#3637 = LINE ( 'NONE', #2096, #1148 ) ;
#3638 = ORIENTED_EDGE ( 'NONE', *, *, #2114, .F. ) ;
#3639 = VERTEX_POINT ( 'NONE', #676 ) ;
#3640 = AXIS2_PLACEMENT_3D ( 'NONE', #1651, #2255, #2341 ) ;
#3641 = EDGE_CURVE ( 'NONE', #569, #270, #3335, .T. ) ;
#3642 = CARTESIAN_POINT ( 'NONE',  ( 2.530000000000005134, 3.000000000000000000, 35.28259228293302385 ) ) ;
#3643 = CARTESIAN_POINT ( 'NONE',  ( 60.18000000000000682, 0.000000000000000000, 3.029999999999999805 ) ) ;
#3644 = EDGE_CURVE ( 'NONE', #2628, #3191, #3411, .T. ) ;
#3645 = VECTOR ( 'NONE', #3268, 1000.000000000000000 ) ;
#3646 = CARTESIAN_POINT ( 'NONE',  ( 43.75000000000000711, 0.000000000000000000, -4.039999999999974278 ) ) ;
#3647 = LINE ( 'NONE', #358, #2018 ) ;
#3648 = ORIENTED_EDGE ( 'NONE', *, *, #2875, .F. ) ;
#3649 = FACE_BOUND ( 'NONE', #3175, .T. ) ;
#3650 = CARTESIAN_POINT ( 'NONE',  ( 35.07999999999999829, 0.000000000000000000, 3.029999999999999805 ) ) ;
#3651 = ADVANCED_FACE ( 'NONE', ( #655 ), #2474, .T. ) ;
#3652 = CARTESIAN_POINT ( 'NONE',  ( 41.13000000000000256, 0.000000000000000000, 35.28259228293302385 ) ) ;
#3653 = VERTEX_POINT ( 'NONE', #3646 ) ;
#3654 = EDGE_LOOP ( 'NONE', ( #3404, #897, #94, #2190 ) ) ;
#3655 = CARTESIAN_POINT ( 'NONE',  ( 2.529999999999999361, 0.000000000000000000, -4.220048455982039425E-16 ) ) ;
#3656 = CYLINDRICAL_SURFACE ( 'NONE', #268, 0.5000000000000004441 ) ;
#3657 = EDGE_LOOP ( 'NONE', ( #3364, #151, #1447, #3004 ) ) ;
#3658 = ORIENTED_EDGE ( 'NONE', *, *, #1931, .F. ) ;
#3659 = VECTOR ( 'NONE', #1393, 1000.000000000000000 ) ;
#3660 = ADVANCED_FACE ( 'NONE', ( #2159 ), #3392, .F. ) ;
#3661 = LINE ( 'NONE', #2176, #2679 ) ;
#3662 = DIRECTION ( 'NONE',  ( 0.000000000000000000, 0.000000000000000000, 1.000000000000000000 ) ) ;
#3663 = AXIS2_PLACEMENT_3D ( 'NONE', #3187, #3727, #3142 ) ;
#3664 = CARTESIAN_POINT ( 'NONE',  ( 79.22999999999998977, 0.000000000000000000, 22.28259228293302741 ) ) ;
#3665 = EDGE_CURVE ( 'NONE', #342, #3282, #2578, .T. ) ;
#3666 = EDGE_CURVE ( 'NONE', #3284, #2775, #3512, .T. ) ;
#3667 = VECTOR ( 'NONE', #1060, 1000.000000000000000 ) ;
#3668 = CIRCLE ( 'NONE', #3609, 0.5000000000000004441 ) ;
#3669 = EDGE_LOOP ( 'NONE', ( #1838, #3091, #301, #2630 ) ) ;
#3670 = FACE_BOUND ( 'NONE', #2380, .T. ) ;
#3671 = CARTESIAN_POINT ( 'NONE',  ( 108.7500000000000000, 0.000000000000000000, 0.000000000000000000 ) ) ;
#3672 = AXIS2_PLACEMENT_3D ( 'NONE', #2892, #210, #3476 ) ;
#3673 = CIRCLE ( 'NONE', #3488, 0.5000000000000004441 ) ;
#3674 = PLANE ( 'NONE',  #3456 ) ;
#3675 = ADVANCED_FACE ( 'NONE', ( #831 ), #2027, .F. ) ;
#3676 = ORIENTED_EDGE ( 'NONE', *, *, #2838, .F. ) ;
#3677 = ORIENTED_EDGE ( 'NONE', *, *, #1947, .T. ) ;
#3678 = CARTESIAN_POINT ( 'NONE',  ( 77.38138121000000069, -6.999999999999996447, -25.29170859000000249 ) ) ;
#3679 = CIRCLE ( 'NONE', #3184, 0.5000000000000004441 ) ;
#3680 = ORIENTED_EDGE ( 'NONE', *, *, #2302, .F. ) ;
#3681 = CARTESIAN_POINT ( 'NONE',  ( 86.68138121000001206, 3.000000000000000000, -51.07339105000000501 ) ) ;
#3682 = ORIENTED_EDGE ( 'NONE', *, *, #2543, .F. ) ;
#3683 = DIRECTION ( 'NONE',  ( 0.000000000000000000, 0.000000000000000000, 1.000000000000000000 ) ) ;
#3684 = CARTESIAN_POINT ( 'NONE',  ( 92.22999999999998977, 3.000000000000000000, 35.78259228293302385 ) ) ;
#3685 = FACE_OUTER_BOUND ( 'NONE', #459, .T. ) ;
#3686 = DIRECTION ( 'NONE',  ( 0.000000000000000000, 1.000000000000000000, 0.000000000000000000 ) ) ;
#3687 = CARTESIAN_POINT ( 'NONE',  ( -1.250000000000001110, 3.000000000000000000, -69.50999999999999091 ) ) ;
#3688 = PLANE ( 'NONE',  #1034 ) ;
#3689 = DIRECTION ( 'NONE',  ( 1.000000000000000000, -0.000000000000000000, 0.000000000000000000 ) ) ;
#3690 = CARTESIAN_POINT ( 'NONE',  ( 60.18000000000001393, 3.000000000000000000, 16.53000000000000114 ) ) ;
#3691 = DIRECTION ( 'NONE',  ( 0.000000000000000000, 1.000000000000000000, -0.000000000000000000 ) ) ;
#3692 = ORIENTED_EDGE ( 'NONE', *, *, #1525, .T. ) ;
#3693 = DIRECTION ( 'NONE',  ( -0.000000000000000000, 1.000000000000000000, -0.000000000000000000 ) ) ;
#3694 = EDGE_CURVE ( 'NONE', #2307, #3132, #1417, .T. ) ;
#3695 = ORIENTED_EDGE ( 'NONE', *, *, #1432, .T. ) ;
#3696 = LINE ( 'NONE', #1898, #1462 ) ;
#3697 = ORIENTED_EDGE ( 'NONE', *, *, #228, .T. ) ;
#3698 = VERTEX_POINT ( 'NONE', #2559 ) ;
#3699 = LINE ( 'NONE', #1016, #2303 ) ;
#3700 = DIRECTION ( 'NONE',  ( 0.000000000000000000, 0.000000000000000000, 1.000000000000000000 ) ) ;
#3701 = VECTOR ( 'NONE', #1695, 1000.000000000000000 ) ;
#3702 = CARTESIAN_POINT ( 'NONE',  ( 28.74999999999999645, 3.000000000000000444, 50.27000000000000313 ) ) ;
#3703 = CIRCLE ( 'NONE', #2022, 0.5000000000000004441 ) ;
#3704 = DIRECTION ( 'NONE',  ( 0.000000000000000000, 0.000000000000000000, 1.000000000000000000 ) ) ;
#3705 = DIRECTION ( 'NONE',  ( -1.000000000000000000, 0.000000000000000000, 0.000000000000000000 ) ) ;
#3706 = CARTESIAN_POINT ( 'NONE',  ( 103.7500000000000000, 3.000000000000000000, 43.57000000000000739 ) ) ;
#3707 = CARTESIAN_POINT ( 'NONE',  ( 92.73000000000000398, 0.000000000000000000, 16.02999999999999758 ) ) ;
#3708 = VECTOR ( 'NONE', #1748, 1000.000000000000000 ) ;
#3709 = EDGE_CURVE ( 'NONE', #2464, #1445, #451, .T. ) ;
#3710 = CARTESIAN_POINT ( 'NONE',  ( 77.38138121000000069, -6.999999999999996447, -12.69000000000000128 ) ) ;
#3711 = ORIENTED_EDGE ( 'NONE', *, *, #3226, .T. ) ;
#3712 = VERTEX_POINT ( 'NONE', #3222 ) ;
#3713 = DIRECTION ( 'NONE',  ( -0.000000000000000000, -1.000000000000000000, 0.000000000000000000 ) ) ;
#3714 = EDGE_CURVE ( 'NONE', #3854, #2052, #3745, .T. ) ;
#3715 = ORIENTED_EDGE ( 'NONE', *, *, #2248, .F. ) ;
#3716 = DIRECTION ( 'NONE',  ( 0.000000000000000000, 1.000000000000000000, 0.000000000000000000 ) ) ;
#3717 = ORIENTED_EDGE ( 'NONE', *, *, #3102, .F. ) ;
#3718 = ORIENTED_EDGE ( 'NONE', *, *, #2740, .T. ) ;
#3719 = LINE ( 'NONE', #3135, #1183 ) ;
#3720 = FACE_OUTER_BOUND ( 'NONE', #388, .T. ) ;
#3721 = VECTOR ( 'NONE', #2575, 1000.000000000000000 ) ;
#3722 = ADVANCED_FACE ( 'NONE', ( #2867 ), #2885, .F. ) ;
#3723 = DIRECTION ( 'NONE',  ( 0.000000000000000000, 0.000000000000000000, 1.000000000000000000 ) ) ;
#3724 = AXIS2_PLACEMENT_3D ( 'NONE', #3082, #3044, #3629 ) ;
#3725 = DIRECTION ( 'NONE',  ( 0.000000000000000000, 0.000000000000000000, 1.000000000000000000 ) ) ;
#3726 = LINE ( 'NONE', #1042, #2827 ) ;
#3727 = DIRECTION ( 'NONE',  ( -0.000000000000000000, 1.000000000000000000, -0.000000000000000000 ) ) ;
#3728 = DIRECTION ( 'NONE',  ( -0.000000000000000000, 1.000000000000000000, -0.000000000000000000 ) ) ;
#3729 = DIRECTION ( 'NONE',  ( 1.000000000000000000, -0.000000000000000000, 0.000000000000000000 ) ) ;
#3730 = ORIENTED_EDGE ( 'NONE', *, *, #1370, .T. ) ;
#3731 = AXIS2_PLACEMENT_3D ( 'NONE', #544, #2934, #2260 ) ;
#3732 = ORIENTED_EDGE ( 'NONE', *, *, #2132, .T. ) ;
#3733 = DIRECTION ( 'NONE',  ( -0.000000000000000000, 1.000000000000000000, -0.000000000000000000 ) ) ;
#3734 = PRODUCT_DEFINITION ( 'UNKNOWN', '', #3143, #1994 ) ;
#3735 = AXIS2_PLACEMENT_3D ( 'NONE', #3325, #2131, #368 ) ;
#3736 = EDGE_CURVE ( 'NONE', #2389, #3055, #345, .T. ) ;
#3737 = DIRECTION ( 'NONE',  ( -0.000000000000000000, 1.000000000000000000, -0.000000000000000000 ) ) ;
#3738 = ORIENTED_EDGE ( 'NONE', *, *, #2949, .T. ) ;
#3739 = VECTOR ( 'NONE', #284, 1000.000000000000000 ) ;
#3740 = CARTESIAN_POINT ( 'NONE',  ( 0.000000000000000000, 0.000000000000000000, 2.529999999999999805 ) ) ;
#3741 = LINE ( 'NONE', #2292, #3228 ) ;
#3742 = ORIENTED_EDGE ( 'NONE', *, *, #406, .F. ) ;
#3743 = DIRECTION ( 'NONE',  ( -0.000000000000000000, -0.000000000000000000, 1.000000000000000000 ) ) ;
#3744 = EDGE_CURVE ( 'NONE', #2181, #3523, #767, .T. ) ;
#3745 = LINE ( 'NONE', #2317, #3788 ) ;
#3746 = FACE_OUTER_BOUND ( 'NONE', #2906, .T. ) ;
#3747 = FACE_OUTER_BOUND ( 'NONE', #1995, .T. ) ;
#3748 = DIRECTION ( 'NONE',  ( 0.000000000000000000, 1.000000000000000000, -0.000000000000000000 ) ) ;
#3749 = CARTESIAN_POINT ( 'NONE',  ( 59.68000000000001393, 0.000000000000000000, 16.02999999999999758 ) ) ;
#3750 = DIRECTION ( 'NONE',  ( -0.000000000000000000, -1.000000000000000000, 0.000000000000000000 ) ) ;
#3751 = EDGE_LOOP ( 'NONE', ( #2094, #3730, #2850, #3169 ) ) ;
#3752 = DIRECTION ( 'NONE',  ( 0.000000000000000000, 1.000000000000000000, -0.000000000000000000 ) ) ;
#3753 = VERTEX_POINT ( 'NONE', #2842 ) ;
#3754 = DIRECTION ( 'NONE',  ( 0.000000000000000000, 0.000000000000000000, 1.000000000000000000 ) ) ;
#3755 = ORIENTED_EDGE ( 'NONE', *, *, #178, .F. ) ;
#3756 = ADVANCED_FACE ( 'NONE', ( #2536 ), #1082, .F. ) ;
#3757 = DIRECTION ( 'NONE',  ( 0.000000000000000000, 1.000000000000000000, -0.000000000000000000 ) ) ;
#3758 = DIRECTION ( 'NONE',  ( 0.000000000000000000, -0.000000000000000000, 1.000000000000000000 ) ) ;
#3759 = VERTEX_POINT ( 'NONE', #1982 ) ;
#3760 = PLANE ( 'NONE',  #3051 ) ;
#3761 = EDGE_CURVE ( 'NONE', #2556, #2087, #200, .T. ) ;
#3762 = DIRECTION ( 'NONE',  ( -0.000000000000000000, 1.000000000000000000, -0.000000000000000000 ) ) ;
#3763 = CARTESIAN_POINT ( 'NONE',  ( 103.7500000000000000, 3.000000000000000000, 45.27000000000000313 ) ) ;
#3764 = PLANE ( 'NONE',  #3793 ) ;
#3765 = CARTESIAN_POINT ( 'NONE',  ( 0.000000000000000000, 0.000000000000000000, 2.529999999999999805 ) ) ;
#3766 = VECTOR ( 'NONE', #2763, 1000.000000000000000 ) ;
#3767 = VECTOR ( 'NONE', #2797, 1000.000000000000000 ) ;
#3768 = DIRECTION ( 'NONE',  ( 0.000000000000000000, 0.000000000000000000, 1.000000000000000000 ) ) ;
#3769 = ORIENTED_EDGE ( 'NONE', *, *, #1162, .F. ) ;
#3770 = EDGE_CURVE ( 'NONE', #1242, #2974, #2598, .T. ) ;
#3771 = CARTESIAN_POINT ( 'NONE',  ( 73.68000000000000682, 0.000000000000000000, 0.000000000000000000 ) ) ;
#3772 = CIRCLE ( 'NONE', #1958, 0.5000000000000004441 ) ;
#3773 = ORIENTED_EDGE ( 'NONE', *, *, #748, .F. ) ;
#3774 = LINE ( 'NONE', #2587, #2900 ) ;
#3775 = ORIENTED_EDGE ( 'NONE', *, *, #1568, .T. ) ;
#3776 = EDGE_LOOP ( 'NONE', ( #3111, #2692, #381, #1939 ) ) ;
#3777 = DIRECTION ( 'NONE',  ( 0.000000000000000000, 0.000000000000000000, 1.000000000000000000 ) ) ;
#3778 = DIRECTION ( 'NONE',  ( -1.000000000000000000, 0.000000000000000000, 0.000000000000000000 ) ) ;
#3779 = EDGE_LOOP ( 'NONE', ( #811, #2374, #563, #1407, #174, #1217, #443, #2338 ) ) ;
#3780 = DIRECTION ( 'NONE',  ( -0.000000000000000000, 1.000000000000000000, -0.000000000000000000 ) ) ;
#3781 = VECTOR ( 'NONE', #100, 1000.000000000000000 ) ;
#3782 = ORIENTED_EDGE ( 'NONE', *, *, #2937, .F. ) ;
#3783 = CARTESIAN_POINT ( 'NONE',  ( 2.529999999999999361, 0.000000000000000000, -4.220048455982041397E-16 ) ) ;
#3784 = DIRECTION ( 'NONE',  ( 1.000000000000000000, -0.000000000000000000, 0.000000000000000000 ) ) ;
#3785 = ADVANCED_FACE ( 'NONE', ( #514 ), #1716, .F. ) ;
#3786 = CARTESIAN_POINT ( 'NONE',  ( 35.57999999999999829, 0.000000000000000000, 22.28259228293302741 ) ) ;
#3787 = CARTESIAN_POINT ( 'NONE',  ( 60.18000000000001393, 0.000000000000000000, 2.529999999999999805 ) ) ;
#3788 = VECTOR ( 'NONE', #1650, 1000.000000000000000 ) ;
#3789 = LINE ( 'NONE', #2009, #704 ) ;
#3790 = DIRECTION ( 'NONE',  ( 0.000000000000000000, 0.000000000000000000, 1.000000000000000000 ) ) ;
#3791 = VERTEX_POINT ( 'NONE', #3806 ) ;
#3792 = DIRECTION ( 'NONE',  ( 0.000000000000000000, 0.000000000000000000, 1.000000000000000000 ) ) ;
#3793 = AXIS2_PLACEMENT_3D ( 'NONE', #2277, #475, #1985 ) ;
#3794 = EDGE_CURVE ( 'NONE', #991, #2729, #1125, .T. ) ;
#3795 = ORIENTED_EDGE ( 'NONE', *, *, #26, .F. ) ;
#3796 = LINE ( 'NONE', #1517, #1146 ) ;
#3797 = VECTOR ( 'NONE', #754, 1000.000000000000000 ) ;
#3798 = DIRECTION ( 'NONE',  ( 0.000000000000000000, 0.000000000000000000, 1.000000000000000000 ) ) ;
#3799 = ORIENTED_EDGE ( 'NONE', *, *, #2832, .F. ) ;
#3800 = VERTEX_POINT ( 'NONE', #1203 ) ;
#3801 = CYLINDRICAL_SURFACE ( 'NONE', #900, 0.5000000000000004441 ) ;
#3802 = CARTESIAN_POINT ( 'NONE',  ( 0.000000000000000000, 0.000000000000000000, 2.529999999999999805 ) ) ;
#3803 = VERTEX_POINT ( 'NONE', #3278 ) ;
#3804 = CARTESIAN_POINT ( 'NONE',  ( 103.7500000000000000, -0.001000000000006204259, 45.27000000000000313 ) ) ;
#3805 = ORIENTED_EDGE ( 'NONE', *, *, #650, .T. ) ;
#3806 = CARTESIAN_POINT ( 'NONE',  ( 3.030000000000003357, 3.000000000000000000, 2.529999999999999805 ) ) ;
#3807 = LINE ( 'NONE', #1358, #3701 ) ;
#3808 = LINE ( 'NONE', #3449, #2290 ) ;
#3809 = PLANE ( 'NONE',  #1114 ) ;
#3810 = LINE ( 'NONE', #1129, #1829 ) ;
#3811 = LINE ( 'NONE', #1990, #2361 ) ;
#3812 = ORIENTED_EDGE ( 'NONE', *, *, #1708, .F. ) ;
#3813 = DIRECTION ( 'NONE',  ( -1.000000000000000000, 0.000000000000000000, -0.000000000000000000 ) ) ;
#3814 = EDGE_LOOP ( 'NONE', ( #870, #574, #40, #1289 ) ) ;
#3815 = CARTESIAN_POINT ( 'NONE',  ( 22.08000000000000185, 3.000000000000000000, 16.53000000000000114 ) ) ;
#3816 = VERTEX_POINT ( 'NONE', #1144 ) ;
#3817 = ORIENTED_EDGE ( 'NONE', *, *, #493, .T. ) ;
#3818 = ADVANCED_FACE ( 'NONE', ( #2339 ), #2391, .F. ) ;
#3819 = DIRECTION ( 'NONE',  ( 2.668805347656626678E-16, 0.000000000000000000, 1.000000000000000000 ) ) ;
#3820 = DIRECTION ( 'NONE',  ( -0.000000000000000000, 1.000000000000000000, -0.000000000000000000 ) ) ;
#3821 = ORIENTED_EDGE ( 'NONE', *, *, #1814, .F. ) ;
#3822 = CYLINDRICAL_SURFACE ( 'NONE', #164, 0.5000000000000004441 ) ;
#3823 = EDGE_CURVE ( 'NONE', #924, #3301, #3532, .T. ) ;
#3824 = ORIENTED_EDGE ( 'NONE', *, *, #1993, .F. ) ;
#3825 = DIRECTION ( 'NONE',  ( 1.000000000000000000, 0.000000000000000000, -1.059858546495681701E-16 ) ) ;
#3826 = DIRECTION ( 'NONE',  ( -0.000000000000000000, 1.000000000000000000, -0.000000000000000000 ) ) ;
#3827 = ORIENTED_EDGE ( 'NONE', *, *, #650, .F. ) ;
#3828 = DIRECTION ( 'NONE',  ( 5.337610695313254343E-16, 0.000000000000000000, 1.000000000000000000 ) ) ;
#3829 = EDGE_LOOP ( 'NONE', ( #2450, #171, #2857, #1839 ) ) ;
#3830 = ADVANCED_FACE ( 'NONE', ( #2946 ), #1792, .F. ) ;
#3831 = LINE ( 'NONE', #3500, #978 ) ;
#3832 =( GEOMETRIC_REPRESENTATION_CONTEXT ( 3 ) GLOBAL_UNCERTAINTY_ASSIGNED_CONTEXT ( ( #2894 ) ) GLOBAL_UNIT_ASSIGNED_CONTEXT ( ( #207, #3167, #227 ) ) REPRESENTATION_CONTEXT ( 'NONE', 'WORKASPACE' ) );
#3833 = AXIS2_PLACEMENT_3D ( 'NONE', #1096, #2574, #3839 ) ;
#3834 = DIRECTION ( 'NONE',  ( 0.000000000000000000, 0.000000000000000000, 1.000000000000000000 ) ) ;
#3835 = ORIENTED_EDGE ( 'NONE', *, *, #1244, .F. ) ;
#3836 = ORIENTED_EDGE ( 'NONE', *, *, #1688, .T. ) ;
#3837 = EDGE_CURVE ( 'NONE', #303, #3256, #1476, .T. ) ;
#3838 = AXIS2_PLACEMENT_3D ( 'NONE', #3415, #1254, #2522 ) ;
#3839 = DIRECTION ( 'NONE',  ( 0.000000000000000000, 0.000000000000000000, -1.000000000000000000 ) ) ;
#3840 = ORIENTED_EDGE ( 'NONE', *, *, #2275, .F. ) ;
#3841 = CARTESIAN_POINT ( 'NONE',  ( 43.75000000000000711, -7.000000000000000000, -51.07339105000000501 ) ) ;
#3842 = ORIENTED_EDGE ( 'NONE', *, *, #3666, .F. ) ;
#3843 = LINE ( 'NONE', #2412, #1075 ) ;
#3844 = EDGE_CURVE ( 'NONE', #1578, #402, #3410, .T. ) ;
#3845 = CARTESIAN_POINT ( 'NONE',  ( 0.000000000000000000, 0.000000000000000000, 2.529999999999999805 ) ) ;
#3846 = CARTESIAN_POINT ( 'NONE',  ( 89.08138121000000353, -6.999999999999996447, -25.29170859000000249 ) ) ;
#3847 = EDGE_LOOP ( 'NONE', ( #665, #2687, #2918, #3328, #3017, #3240, #636, #92 ) ) ;
#3848 = AXIS2_PLACEMENT_3D ( 'NONE', #196, #3487, #155 ) ;
#3849 = CARTESIAN_POINT ( 'NONE',  ( -11.29999999999999538, 3.000000000000000000, 40.27000000000001023 ) ) ;
#3850 = VERTEX_POINT ( 'NONE', #2688 ) ;
#3851 = DIRECTION ( 'NONE',  ( 0.000000000000000000, 1.000000000000000000, -0.000000000000000000 ) ) ;
#3852 = AXIS2_PLACEMENT_3D ( 'NONE', #88, #1929, #1284 ) ;
#3853 = LINE ( 'NONE', #3874, #1398 ) ;
#3854 = VERTEX_POINT ( 'NONE', #3571 ) ;
#3855 = ORIENTED_EDGE ( 'NONE', *, *, #321, .T. ) ;
#3856 = VECTOR ( 'NONE', #1018, 1000.000000000000000 ) ;
#3857 = EDGE_CURVE ( 'NONE', #2016, #3625, #854, .T. ) ;
#3858 = DIRECTION ( 'NONE',  ( 0.000000000000000000, 0.000000000000000000, 1.000000000000000000 ) ) ;
#3859 = EDGE_LOOP ( 'NONE', ( #54, #1275, #3566, #760 ) ) ;
#3860 = VECTOR ( 'NONE', #1327, 1000.000000000000000 ) ;
#3861 = CARTESIAN_POINT ( 'NONE',  ( 79.22999999999998977, 0.000000000000000000, 22.28259228293302741 ) ) ;
#3862 = AXIS2_PLACEMENT_3D ( 'NONE', #1465, #3615, #3303 ) ;
#3863 = VECTOR ( 'NONE', #2696, 1000.000000000000000 ) ;
#3864 = EDGE_LOOP ( 'NONE', ( #955, #1470, #3011, #3376 ) ) ;
#3865 = DIRECTION ( 'NONE',  ( 0.000000000000000000, 0.000000000000000000, 1.000000000000000000 ) ) ;
#3866 = CARTESIAN_POINT ( 'NONE',  ( 3.030000000000005134, 3.000000000000000000, 35.28259228293302385 ) ) ;
#3867 = VECTOR ( 'NONE', #3156, 1000.000000000000000 ) ;
#3868 = EDGE_CURVE ( 'NONE', #813, #329, #3843, .T. ) ;
#3869 = LINE ( 'NONE', #3318, #3272 ) ;
#3870 = ORIENTED_EDGE ( 'NONE', *, *, #1533, .T. ) ;
#3871 = CARTESIAN_POINT ( 'NONE',  ( 92.22999999999998977, 3.000000000000000000, 22.28259228293302741 ) ) ;
#3872 = ORIENTED_EDGE ( 'NONE', *, *, #1940, .F. ) ;
#3873 = DIRECTION ( 'NONE',  ( 0.000000000000000000, 0.000000000000000000, 1.000000000000000000 ) ) ;
#3874 = CARTESIAN_POINT ( 'NONE',  ( 40.63000000000000256, 0.000000000000000000, 35.28259228293302385 ) ) ;
#3875 = ORIENTED_EDGE ( 'NONE', *, *, #1802, .F. ) ;
#3876 = EDGE_LOOP ( 'NONE', ( #1771, #1143, #376, #3677 ) ) ;
#3877 = CARTESIAN_POINT ( 'NONE',  ( 28.74999999999999645, 0.000000000000000000, 40.27000000000001023 ) ) ;
#3878 = ORIENTED_EDGE ( 'NONE', *, *, #1286, .F. ) ;
ENDSEC;
END-ISO-10303-21;
